date,store_nbr,family,sales,predicted,error,absolute_error,squared_error,demand_group
2017-07-21,1,BEVERAGES,2859.0,2438.5264,420.4736328125,420.4736328125,176798.07589054108,"(416.108, 18340.0]"
2017-08-01,1,BEVERAGES,2627.0,2913.0762,-286.076171875,286.076171875,81839.57611465454,"(416.108, 18340.0]"
2017-08-03,1,BEVERAGES,2037.0,2319.6357,-282.6357421875,282.6357421875,79882.96276187897,"(416.108, 18340.0]"
2017-08-05,1,BEVERAGES,2093.0,2441.3423,-348.34228515625,348.34228515625,121342.3476278782,"(416.108, 18340.0]"
2017-08-10,1,BEVERAGES,2377.0,1943.2731,433.7269287109375,433.7269287109375,188119.04868902263,"(416.108, 18340.0]"
2017-08-11,1,BEVERAGES,1006.0,2340.0325,-1334.032470703125,1334.032470703125,1779642.632890284,"(416.108, 18340.0]"
2017-08-15,1,BEVERAGES,1942.0,2255.0386,-313.03857421875,313.03857421875,97993.14894890784,"(416.108, 18340.0]"
2017-08-05,1,CLEANING,442.0,726.1233,-284.123291015625,284.123291015625,80726.04449754953,"(416.108, 18340.0]"
2017-08-11,1,CLEANING,341.0,698.1997,-357.19970703125,357.19970703125,127591.63070321085,"(83.0, 416.108]"
2017-08-11,1,DAIRY,343.0,716.97876,-373.978759765625,373.978759765625,139860.11275583506,"(83.0, 416.108]"
2017-07-25,1,GROCERY I,2405.0,2842.7295,-437.7294921875,437.7294921875,191607.10833072665,"(416.108, 18340.0]"
2017-08-01,1,GROCERY I,2872.0,3496.4185,-624.41845703125,624.41845703125,389898.409481287,"(416.108, 18340.0]"
2017-08-03,1,GROCERY I,2177.0,2855.8955,-678.8955078125,678.8955078125,460899.11052799225,"(416.108, 18340.0]"
2017-08-05,1,GROCERY I,2034.0,2687.0898,-653.08984375,653.08984375,426526.3440093994,"(416.108, 18340.0]"
2017-08-08,1,GROCERY I,3062.0,2488.0544,573.945556640625,573.945556640625,329413.5019875169,"(416.108, 18340.0]"
2017-08-10,1,GROCERY I,2591.0,2299.6013,291.398681640625,291.398681640625,84913.19166189432,"(416.108, 18340.0]"
2017-08-11,1,GROCERY I,1270.0,2595.9617,-1325.961669921875,1325.961669921875,1758174.3501020074,"(416.108, 18340.0]"
2017-08-12,1,GROCERY I,1630.0,1990.4155,-360.41552734375,360.41552734375,129899.3523504734,"(416.108, 18340.0]"
2017-07-19,1,PRODUCE,3799.933,4121.185,-321.25205859375,321.25205859375,103202.88515072218,"(416.108, 18340.0]"
2017-07-21,1,PRODUCE,2615.542,2324.5125,291.0295488281249,291.0295488281249,84698.19829110194,"(416.108, 18340.0]"
2017-08-02,1,PRODUCE,4375.5522,3877.336,498.2162625000001,498.2162625000001,248219.44421946895,"(416.108, 18340.0]"
2017-08-03,1,PRODUCE,1925.761,2213.9631,-288.20213476562503,288.20213476562503,83060.47048346349,"(416.108, 18340.0]"
2017-08-04,1,PRODUCE,2702.803,2336.5225,366.2805390624999,366.2805390624999,134161.4332959155,"(416.108, 18340.0]"
2017-08-05,1,PRODUCE,2126.341,2682.1985,-555.8574863281251,555.8574863281251,308977.5451070218,"(416.108, 18340.0]"
2017-08-10,1,PRODUCE,2261.499,1954.9431,306.5558847656248,306.5558847656248,93976.51048443504,"(416.108, 18340.0]"
2017-08-11,1,PRODUCE,1115.334,2374.6226,-1259.28855859375,1259.28855859375,1585807.6738051244,"(416.108, 18340.0]"
2017-08-14,1,PRODUCE,2611.755,2289.3215,322.4334667968751,322.4334667968751,103963.34051065156,"(416.108, 18340.0]"
2017-07-21,2,BEVERAGES,3618.0,3116.6392,501.36083984375,501.36083984375,251362.69172883037,"(416.108, 18340.0]"
2017-07-23,2,BEVERAGES,4109.0,4673.972,-564.97216796875,564.97216796875,319193.55057930946,"(416.108, 18340.0]"
2017-07-26,2,BEVERAGES,3001.0,2693.698,307.302001953125,307.302001953125,94434.52040439844,"(416.108, 18340.0]"
2017-07-28,2,BEVERAGES,3338.0,3025.8167,312.183349609375,312.183349609375,97458.44377332926,"(416.108, 18340.0]"
2017-07-31,2,BEVERAGES,2993.0,3397.0747,-404.07470703125,404.07470703125,163276.36886239052,"(416.108, 18340.0]"
2017-08-01,2,BEVERAGES,3141.0,3524.938,-383.93798828125,383.93798828125,147408.37884545326,"(416.108, 18340.0]"
2017-08-03,2,BEVERAGES,2304.0,2876.7986,-572.798583984375,572.798583984375,328098.2178145051,"(416.108, 18340.0]"
2017-08-04,2,BEVERAGES,2785.0,3265.288,-480.2880859375,480.2880859375,230676.64549350736,"(416.108, 18340.0]"
2017-08-05,2,BEVERAGES,3150.0,3987.277,-837.277099609375,837.277099609375,701032.9415302873,"(416.108, 18340.0]"
2017-08-06,2,BEVERAGES,3594.0,4005.2356,-411.235595703125,411.235595703125,169114.71517330408,"(416.108, 18340.0]"
2017-08-07,2,BEVERAGES,2547.0,2969.8584,-422.8583984375,422.8583984375,178809.2251291275,"(416.108, 18340.0]"
2017-08-09,2,BEVERAGES,2324.0,2639.9534,-315.953369140625,315.953369140625,99826.53147131205,"(416.108, 18340.0]"
2017-08-10,2,BEVERAGES,2936.0,2205.002,730.998046875,730.998046875,534358.1445350647,"(416.108, 18340.0]"
2017-08-11,2,BEVERAGES,2390.0,2854.9617,-464.961669921875,464.961669921875,216189.35449653864,"(416.108, 18340.0]"
2017-08-12,2,BEVERAGES,2649.0,3236.3845,-587.384521484375,587.384521484375,345020.5760794282,"(416.108, 18340.0]"
2017-08-13,2,BEVERAGES,2947.0,3478.3816,-531.381591796875,531.381591796875,282366.3961005807,"(416.108, 18340.0]"
2017-07-19,2,GROCERY I,3981.0,3521.9165,459.08349609375,459.08349609375,210757.65638566017,"(416.108, 18340.0]"
2017-07-22,2,GROCERY I,4401.0,4715.524,-314.52392578125,314.52392578125,98925.29988884926,"(416.108, 18340.0]"
2017-07-23,2,GROCERY I,4750.0,5038.9385,-288.9384765625,288.9384765625,83485.44323825836,"(416.108, 18340.0]"
2017-07-28,2,GROCERY I,4190.0,3748.8254,441.174560546875,441.174560546875,194634.99287372828,"(416.108, 18340.0]"
2017-07-30,2,GROCERY I,5138.0,4683.4023,454.59765625,454.59765625,206659.0290679932,"(416.108, 18340.0]"
2017-07-31,2,GROCERY I,3812.0,4601.313,-789.31298828125,789.31298828125,623014.9934694767,"(416.108, 18340.0]"
2017-08-01,2,GROCERY I,4287.0,4615.3193,-328.3193359375,328.3193359375,107793.58635044098,"(416.108, 18340.0]"
2017-08-04,2,GROCERY I,3874.0,4390.7734,-516.7734375,516.7734375,267054.7857055664,"(416.108, 18340.0]"
2017-08-05,2,GROCERY I,3929.0,4912.461,-983.4609375,983.4609375,967195.4155883788,"(416.108, 18340.0]"
2017-08-06,2,GROCERY I,4732.0,5158.207,-426.20703125,426.20703125,181652.43348693848,"(416.108, 18340.0]"
2017-08-09,2,GROCERY I,3197.0,3497.4766,-300.4765625,300.4765625,90286.1646118164,"(416.108, 18340.0]"
2017-08-12,2,GROCERY I,3366.0,4249.1206,-883.12060546875,883.12060546875,779902.0038034916,"(416.108, 18340.0]"
2017-08-13,2,GROCERY I,3735.0,4329.134,-594.1337890625,594.1337890625,352994.95930576324,"(416.108, 18340.0]"
2017-07-28,2,MEATS,1381.772,1062.714,319.05801074218743,319.05801074218743,101798.0142187618,"(416.108, 18340.0]"
2017-08-04,2,MEATS,1545.465,1135.0012,410.4637792968749,410.4637792968749,168480.51411467366,"(416.108, 18340.0]"
2017-08-10,2,MEATS,894.182,358.17117,536.0108269042969,536.0108269042969,287307.60655862815,"(416.108, 18340.0]"
2017-08-11,2,MEATS,977.961,1290.8737,-312.9126572265625,312.9126572265625,97914.33105258818,"(416.108, 18340.0]"
2017-07-23,2,PRODUCE,2877.36,3230.2974,-352.9373632812499,352.9373632812499,124564.78239992096,"(416.108, 18340.0]"
2017-07-29,2,PRODUCE,2449.319,2779.7625,-330.44345117187504,330.44345117187504,109192.87442237936,"(416.108, 18340.0]"
2017-08-05,2,PRODUCE,2396.897,2902.65,-505.75290234375007,505.75290234375007,255785.9982291268,"(416.108, 18340.0]"
2017-08-09,2,PRODUCE,2905.31,3240.7117,-335.40166992187505,335.40166992187505,112494.28018638244,"(416.108, 18340.0]"
2017-08-12,2,PRODUCE,2159.94,2448.4976,-288.55755859374995,288.55755859374995,83265.46462158543,"(416.108, 18340.0]"
2017-07-20,3,BEVERAGES,8479.0,7078.23,1400.77001953125,1400.77001953125,1962156.6476175785,"(416.108, 18340.0]"
2017-07-21,3,BEVERAGES,7967.0,9451.001,-1484.0009765625,1484.0009765625,2202258.8984384537,"(416.108, 18340.0]"
2017-07-22,3,BEVERAGES,11080.0,10559.35,520.650390625,520.650390625,271076.8292579651,"(416.108, 18340.0]"
2017-07-23,3,BEVERAGES,11514.0,12308.208,-794.2080078125,794.2080078125,630766.3596735001,"(416.108, 18340.0]"
2017-07-24,3,BEVERAGES,8633.0,7892.7095,740.29052734375,740.29052734375,548030.0648748875,"(416.108, 18340.0]"
2017-07-26,3,BEVERAGES,7817.0,7474.4556,342.54443359375,342.54443359375,117336.688986063,"(416.108, 18340.0]"
2017-07-27,3,BEVERAGES,6487.0,6985.288,-498.2880859375,498.2880859375,248291.01658725736,"(416.108, 18340.0]"
2017-07-28,3,BEVERAGES,8848.0,7778.521,1069.47900390625,1069.47900390625,1143785.3397963047,"(416.108, 18340.0]"
2017-07-29,3,BEVERAGES,11796.0,10483.68,1312.3203125,1312.3203125,1722184.6026000977,"(416.108, 18340.0]"
2017-07-30,3,BEVERAGES,12750.0,11298.89,1451.1103515625,1451.1103515625,2105721.2524118423,"(416.108, 18340.0]"
2017-07-31,3,BEVERAGES,7954.0,8298.919,-344.9189453125,344.9189453125,118969.07883548737,"(416.108, 18340.0]"
2017-08-01,3,BEVERAGES,8192.0,7077.685,1114.31494140625,1114.31494140625,1241697.7886412144,"(416.108, 18340.0]"
2017-08-02,3,BEVERAGES,8217.0,8979.202,-762.2021484375,762.2021484375,580952.1150827408,"(416.108, 18340.0]"
2017-08-03,3,BEVERAGES,7267.0,7875.8335,-608.83349609375,608.83349609375,370678.2259657383,"(416.108, 18340.0]"
2017-08-04,3,BEVERAGES,7967.0,8944.426,-977.42578125,977.42578125,955361.1578521729,"(416.108, 18340.0]"
2017-08-05,3,BEVERAGES,10187.0,11073.188,-886.1884765625,886.1884765625,785330.0159921646,"(416.108, 18340.0]"
2017-08-06,3,BEVERAGES,10600.0,13091.13,-2491.1298828125,2491.1298828125,6205728.09304142,"(416.108, 18340.0]"
2017-08-07,3,BEVERAGES,7610.0,8330.568,-720.568359375,720.568359375,519218.7605323792,"(416.108, 18340.0]"
2017-08-08,3,BEVERAGES,6704.0,7161.858,-457.85791015625,457.85791015625,209633.8658926487,"(416.108, 18340.0]"
2017-08-09,3,BEVERAGES,6825.0,7871.2593,-1046.25927734375,1046.25927734375,1094658.475427866,"(416.108, 18340.0]"
2017-08-11,3,BEVERAGES,7032.0,8066.1304,-1034.13037109375,1034.13037109375,1069425.624418497,"(416.108, 18340.0]"
2017-08-12,3,BEVERAGES,7685.0,9924.752,-2239.751953125,2239.751953125,5016488.811527252,"(416.108, 18340.0]"
2017-08-13,3,BEVERAGES,8423.0,9460.385,-1037.384765625,1037.384765625,1076167.1519508362,"(416.108, 18340.0]"
2017-08-14,3,BEVERAGES,7859.0,7107.7095,751.29052734375,751.29052734375,564437.45647645,"(416.108, 18340.0]"
2017-07-27,3,CELEBRATION,400.0,29.031713,370.9682865142822,370.9682865142822,137617.46959934258,"(83.0, 416.108]"
2017-07-23,3,CLEANING,2320.0,2641.8586,-321.858642578125,321.858642578125,103592.98580223322,"(416.108, 18340.0]"
2017-07-30,3,CLEANING,3030.0,2651.9973,378.002685546875,378.002685546875,142886.03028064966,"(416.108, 18340.0]"
2017-08-02,3,CLEANING,2670.0,2291.2183,378.78173828125,378.78173828125,143475.60525536537,"(416.108, 18340.0]"
2017-08-03,3,CLEANING,1647.0,2264.6733,-617.67333984375,617.67333984375,381520.3547537327,"(416.108, 18340.0]"
2017-08-05,3,CLEANING,2222.0,2631.5598,-409.559814453125,409.559814453125,167739.24161487818,"(416.108, 18340.0]"
2017-08-06,3,CLEANING,2266.0,2652.3289,-386.328857421875,386.328857421875,149249.98607689142,"(416.108, 18340.0]"
2017-08-07,3,CLEANING,1756.0,2049.4302,-293.43017578125,293.43017578125,86101.26805901527,"(416.108, 18340.0]"
2017-08-12,3,CLEANING,1543.0,2227.9514,-684.951416015625,684.951416015625,469158.4423018098,"(416.108, 18340.0]"
2017-07-31,3,DAIRY,1970.0,2255.8674,-285.867431640625,285.867431640625,81720.18847280741,"(416.108, 18340.0]"
2017-08-12,3,DAIRY,1989.0,2363.1106,-374.110595703125,374.110595703125,139958.73781734705,"(416.108, 18340.0]"
2017-07-19,3,GROCERY I,8256.0,7420.7236,835.2763671875,835.2763671875,697686.6095819473,"(416.108, 18340.0]"
2017-07-20,3,GROCERY I,6633.0,6315.156,317.84423828125,317.84423828125,101024.95980858804,"(416.108, 18340.0]"
2017-07-22,3,GROCERY I,9614.0,9263.114,350.8857421875,350.8857421875,123120.80407047272,"(416.108, 18340.0]"
2017-07-23,3,GROCERY I,9701.0,10007.413,-306.4130859375,306.4130859375,93888.97923374176,"(416.108, 18340.0]"
2017-07-27,3,GROCERY I,6332.0,5765.254,566.74609375,566.74609375,321201.1347808838,"(416.108, 18340.0]"
2017-07-28,3,GROCERY I,8176.0,7679.2954,496.70458984375,496.70458984375,246715.44957184792,"(416.108, 18340.0]"
2017-07-29,3,GROCERY I,8949.0,9944.033,-995.033203125,995.033203125,990091.0753211976,"(416.108, 18340.0]"
2017-07-31,3,GROCERY I,7491.0,8112.92,-621.919921875,621.919921875,386784.3892250061,"(416.108, 18340.0]"
2017-08-03,3,GROCERY I,7120.0,7591.3066,-471.306640625,471.306640625,222129.9494972229,"(416.108, 18340.0]"
2017-08-04,3,GROCERY I,8568.0,9136.762,-568.76171875,568.76171875,323489.8927154541,"(416.108, 18340.0]"
2017-08-05,3,GROCERY I,8532.0,10683.35,-2151.349609375,2151.349609375,4628305.141757965,"(416.108, 18340.0]"
2017-08-06,3,GROCERY I,9668.0,11228.684,-1560.68359375,1560.68359375,2435733.279800415,"(416.108, 18340.0]"
2017-08-07,3,GROCERY I,7598.0,7968.1777,-370.177734375,370.177734375,137031.55502700806,"(416.108, 18340.0]"
2017-08-08,3,GROCERY I,6699.0,7469.167,-770.1669921875,770.1669921875,593157.1958551407,"(416.108, 18340.0]"
2017-08-11,3,GROCERY I,7727.0,7421.149,305.85107421875,305.85107421875,93544.87960076332,"(416.108, 18340.0]"
2017-08-12,3,GROCERY I,7167.0,8341.892,-1174.8916015625,1174.8916015625,1380370.2754220965,"(416.108, 18340.0]"
2017-08-13,3,GROCERY I,7749.0,8278.852,-529.8515625,529.8515625,280742.6782836914,"(416.108, 18340.0]"
2017-08-14,3,GROCERY I,7053.0,6700.7114,352.28857421875,352.28857421875,124107.23952507973,"(416.108, 18340.0]"
2017-07-20,3,PRODUCE,6308.873,5866.5044,442.3686054687496,442.3686054687496,195689.98310436623,"(416.108, 18340.0]"
2017-07-21,3,PRODUCE,7023.555,7593.293,-569.7379687499997,569.7379687499997,324601.35303537565,"(416.108, 18340.0]"
2017-07-23,3,PRODUCE,9825.017,9292.674,532.3431718749998,532.3431718749998,283389.2526419356,"(416.108, 18340.0]"
2017-07-24,3,PRODUCE,7673.989,7232.9233,441.0656601562496,441.0656601562496,194538.91656906824,"(416.108, 18340.0]"
2017-07-25,3,PRODUCE,6066.472,6809.426,-742.9537812500002,742.9537812500002,551980.3210736732,"(416.108, 18340.0]"
2017-07-29,3,PRODUCE,8348.777,8635.532,-286.7552265625,286.7552265625,82228.55996091069,"(416.108, 18340.0]"
2017-07-30,3,PRODUCE,9403.489,8913.862,489.6266953124996,489.6266953124996,239734.3007626393,"(416.108, 18340.0]"
2017-07-31,3,PRODUCE,8316.788,7823.728,493.05997265625047,493.05997265625047,243108.1366357825,"(416.108, 18340.0]"
2017-08-02,3,PRODUCE,11352.238,10523.957,828.2809687499994,828.2809687499994,686049.3631934375,"(416.108, 18340.0]"
2017-08-03,3,PRODUCE,6543.161,7032.3286,-489.16761328124994,489.16761328124994,239284.9538832745,"(416.108, 18340.0]"
2017-08-04,3,PRODUCE,7445.517,8305.034,-859.5171796875002,859.5171796875002,738769.7821779544,"(416.108, 18340.0]"
2017-08-05,3,PRODUCE,8418.8545,9145.403,-726.5488203125005,726.5488203125005,527873.1882974862,"(416.108, 18340.0]"
2017-08-06,3,PRODUCE,8977.181,10453.236,-1476.0553281249995,1476.0553281249995,2178739.3316862,"(416.108, 18340.0]"
2017-08-07,3,PRODUCE,7237.474,8061.299,-823.8248281249998,823.8248281249998,678687.3474351856,"(416.108, 18340.0]"
2017-08-12,3,PRODUCE,7249.289,8132.54,-883.2510390625002,883.2510390625002,780132.3980049863,"(416.108, 18340.0]"
2017-08-14,3,PRODUCE,7941.873,7072.1826,869.6903828124996,869.6903828124996,756361.3619565521,"(416.108, 18340.0]"
2017-08-15,3,PRODUCE,7265.289,6340.9097,924.3793320312498,924.3793320312498,854477.1494865395,"(416.108, 18340.0]"
2017-07-23,4,BEVERAGES,3678.0,4061.557,-383.556884765625,383.556884765625,147115.88385111094,"(416.108, 18340.0]"
2017-07-29,4,BEVERAGES,3727.0,3365.0366,361.96337890625,361.96337890625,131017.48766922952,"(416.108, 18340.0]"
2017-08-03,4,BEVERAGES,1904.0,2326.9421,-422.942138671875,422.942138671875,178880.05266433954,"(416.108, 18340.0]"
2017-08-04,4,BEVERAGES,3015.0,2522.872,492.1279296875,492.1279296875,242189.89917850491,"(416.108, 18340.0]"
2017-08-05,4,BEVERAGES,2500.0,3685.8247,-1185.82470703125,1185.82470703125,1406180.23580575,"(416.108, 18340.0]"
2017-08-07,4,BEVERAGES,2003.0,2513.0737,-510.07373046875,510.07373046875,260175.21051430705,"(416.108, 18340.0]"
2017-08-11,4,BEVERAGES,2045.0,2376.667,-331.6669921875,331.6669921875,110002.9937067032,"(416.108, 18340.0]"
2017-08-12,4,BEVERAGES,2239.0,2791.6025,-552.6025390625,552.6025390625,305369.56617832184,"(416.108, 18340.0]"
2017-08-13,4,BEVERAGES,2863.0,3304.4932,-441.4931640625,441.4931640625,194916.21391391757,"(416.108, 18340.0]"
2017-08-04,4,CLEANING,1176.0,870.83185,305.16815185546875,305.16815185546875,93127.60090688244,"(416.108, 18340.0]"
2017-08-05,4,CLEANING,867.0,1191.2281,-324.2281494140625,324.2281494140625,105123.89287246764,"(416.108, 18340.0]"
2017-07-20,4,GROCERY I,3180.0,2641.2036,538.79638671875,538.79638671875,290301.5463411808,"(416.108, 18340.0]"
2017-07-21,4,GROCERY I,3537.0,3127.9587,409.041259765625,409.041259765625,167314.7521906495,"(416.108, 18340.0]"
2017-07-31,4,GROCERY I,3162.0,3650.1145,-488.114501953125,488.114501953125,238255.76701694727,"(416.108, 18340.0]"
2017-08-01,4,GROCERY I,4182.0,3839.898,342.10205078125,342.10205078125,117033.81314873695,"(416.108, 18340.0]"
2017-08-03,4,GROCERY I,2744.0,3170.547,-426.547119140625,426.547119140625,181942.4448471665,"(416.108, 18340.0]"
2017-08-04,4,GROCERY I,4501.0,3556.3694,944.630615234375,944.630615234375,892326.9992380738,"(416.108, 18340.0]"
2017-08-05,4,GROCERY I,3680.0,4628.957,-948.95703125,948.95703125,900519.4471588135,"(416.108, 18340.0]"
2017-08-06,4,GROCERY I,5154.0,4663.1772,490.82275390625,490.82275390625,240906.97575211525,"(416.108, 18340.0]"
2017-08-07,4,GROCERY I,2806.0,3517.9504,-711.950439453125,711.950439453125,506873.4282374978,"(416.108, 18340.0]"
2017-08-11,4,GROCERY I,2843.0,3137.4282,-294.42822265625,294.42822265625,86687.97829651833,"(416.108, 18340.0]"
2017-08-12,4,GROCERY I,2876.0,3476.1257,-600.125732421875,600.125732421875,360150.8947148919,"(416.108, 18340.0]"
2017-08-13,4,GROCERY I,3397.0,4229.967,-832.966796875,832.966796875,693833.6846961975,"(416.108, 18340.0]"
2017-08-01,4,MEATS,706.34503,343.91144,362.4335920117187,362.4335920117187,131358.10861851697,"(416.108, 18340.0]"
2017-08-04,4,MEATS,1024.884,620.1084,404.7756015625,404.7756015625,163843.28762028375,"(416.108, 18340.0]"
2017-07-23,4,PRODUCE,3086.671,3411.6487,-324.9776816406252,324.9776816406252,105610.49356451552,"(416.108, 18340.0]"
2017-07-26,4,PRODUCE,2611.3591,2998.176,-386.8169253906249,386.8169253906249,149627.33376865624,"(416.108, 18340.0]"
2017-08-12,4,PRODUCE,1993.89,2418.0713,-424.1812890624999,424.1812890624999,179929.7659907241,"(416.108, 18340.0]"
2017-07-23,5,BEVERAGES,2874.0,2404.5286,469.471435546875,469.471435546875,220403.4287944436,"(416.108, 18340.0]"
2017-07-26,5,BEVERAGES,1981.0,1530.3287,450.6712646484375,450.6712646484375,203104.588779822,"(416.108, 18340.0]"
2017-07-30,5,BEVERAGES,2850.0,2547.3838,302.6162109375,302.6162109375,91576.5711221695,"(416.108, 18340.0]"
2017-08-02,5,BEVERAGES,2920.0,2241.5452,678.454833984375,678.454833984375,460300.9617567658,"(416.108, 18340.0]"
2017-08-03,5,BEVERAGES,1234.0,2168.8494,-934.849365234375,934.849365234375,873943.3356791139,"(416.108, 18340.0]"
2017-08-06,5,BEVERAGES,2166.0,2586.9507,-420.95068359375,420.95068359375,177199.47801804545,"(416.108, 18340.0]"
2017-08-12,5,BEVERAGES,1353.0,2081.4465,-728.446533203125,728.446533203125,530634.3517356515,"(416.108, 18340.0]"
2017-07-29,5,CLEANING,1464.0,1061.3296,402.67041015625,402.67041015625,162143.4592154026,"(416.108, 18340.0]"
2017-08-03,5,CLEANING,664.0,1017.8744,-353.8743896484375,353.8743896484375,125227.08364905416,"(416.108, 18340.0]"
2017-08-05,5,CLEANING,937.0,1248.7439,-311.743896484375,311.743896484375,97184.25699526072,"(416.108, 18340.0]"
2017-08-12,5,CLEANING,686.0,1008.15173,-322.1517333984375,322.1517333984375,103781.73933161797,"(416.108, 18340.0]"
2017-07-23,5,GROCERY I,4053.0,3373.3591,679.640869140625,679.640869140625,461911.71100622416,"(416.108, 18340.0]"
2017-07-25,5,GROCERY I,2377.0,2685.573,-308.572998046875,308.572998046875,95217.29512363672,"(416.108, 18340.0]"
2017-07-29,5,GROCERY I,3676.0,3132.8088,543.191162109375,543.191162109375,295056.6385937333,"(416.108, 18340.0]"
2017-07-31,5,GROCERY I,3280.0,3809.4675,-529.467529296875,529.467529296875,280335.8645797372,"(416.108, 18340.0]"
2017-08-01,5,GROCERY I,3382.0,3684.013,-302.012939453125,302.012939453125,91211.81559711696,"(416.108, 18340.0]"
2017-08-03,5,GROCERY I,2364.0,2944.29,-580.2900390625,580.2900390625,336736.5294351578,"(416.108, 18340.0]"
2017-08-06,5,GROCERY I,3460.0,3863.9644,-403.96435546875,403.96435546875,163187.2004892826,"(416.108, 18340.0]"
2017-08-08,5,GROCERY I,2382.0,2702.74,-320.739990234375,320.739990234375,102874.14133554696,"(416.108, 18340.0]"
2017-08-10,5,GROCERY I,2687.0,2393.5823,293.417724609375,293.417724609375,86093.96111494303,"(416.108, 18340.0]"
2017-08-12,5,GROCERY I,2476.0,3260.8489,-784.848876953125,784.848876953125,615987.7596545815,"(416.108, 18340.0]"
2017-07-23,5,PRODUCE,2042.955,1692.9026,350.0524121093749,350.0524121093749,122536.69122359164,"(416.108, 18340.0]"
2017-07-30,6,BEVERAGES,5809.0,5432.6333,376.36669921875,376.36669921875,141651.89228081703,"(416.108, 18340.0]"
2017-07-31,6,BEVERAGES,3565.0,3910.3613,-345.361328125,345.361328125,119274.44696426392,"(416.108, 18340.0]"
2017-08-05,6,BEVERAGES,4212.0,4661.8887,-449.888671875,449.888671875,202399.81708145145,"(416.108, 18340.0]"
2017-08-06,6,BEVERAGES,4664.0,5242.3447,-578.3447265625,578.3447265625,334482.6227426529,"(416.108, 18340.0]"
2017-08-08,6,BEVERAGES,2707.0,3070.8843,-363.88427734375,363.88427734375,132411.76729798317,"(416.108, 18340.0]"
2017-08-12,6,BEVERAGES,2843.0,4156.5684,-1313.568359375,1313.568359375,1725461.8347511292,"(416.108, 18340.0]"
2017-07-25,6,CLEANING,1537.0,1068.5409,468.4591064453125,468.4591064453125,219453.93441154063,"(416.108, 18340.0]"
2017-07-28,6,CLEANING,2262.0,1136.8872,1125.11279296875,1125.11279296875,1265878.7969019413,"(416.108, 18340.0]"
2017-08-04,6,CLEANING,1158.0,1440.533,-282.532958984375,282.532958984375,79824.87291246653,"(416.108, 18340.0]"
2017-08-12,6,CLEANING,917.0,1284.0547,-367.0546875,367.0546875,134729.14361572266,"(416.108, 18340.0]"
2017-07-19,6,GROCERY I,4974.0,4265.209,708.791015625,708.791015625,502384.703830719,"(416.108, 18340.0]"
2017-07-22,6,GROCERY I,5225.0,5680.2485,-455.24853515625,455.24853515625,207251.2287619114,"(416.108, 18340.0]"
2017-07-24,6,GROCERY I,5252.0,4330.9175,921.08251953125,921.08251953125,848393.0077860355,"(416.108, 18340.0]"
2017-07-28,6,GROCERY I,4602.0,4283.2324,318.767578125,318.767578125,101612.76886367798,"(416.108, 18340.0]"
2017-07-29,6,GROCERY I,6050.0,5668.451,381.548828125,381.548828125,145579.5082435608,"(416.108, 18340.0]"
2017-07-31,6,GROCERY I,5237.0,5838.3623,-601.3623046875,601.3623046875,361636.6214990616,"(416.108, 18340.0]"
2017-08-01,6,GROCERY I,5444.0,5837.3955,-393.3955078125,393.3955078125,154760.02556705475,"(416.108, 18340.0]"
2017-08-04,6,GROCERY I,4265.0,5043.8423,-778.84228515625,778.84228515625,606595.3051474094,"(416.108, 18340.0]"
2017-08-06,6,GROCERY I,6422.0,6997.465,-575.46484375,575.46484375,331159.7863922119,"(416.108, 18340.0]"
2017-08-07,6,GROCERY I,4929.0,5429.1523,-500.15234375,500.15234375,250152.36695861816,"(416.108, 18340.0]"
2017-08-11,6,GROCERY I,4466.0,4017.1895,448.810546875,448.810546875,201430.90698623657,"(416.108, 18340.0]"
2017-08-12,6,GROCERY I,4027.0,5402.312,-1375.31201171875,1375.31201171875,1891483.1295778751,"(416.108, 18340.0]"
2017-08-13,6,GROCERY I,5481.0,5976.687,-495.68701171875,495.68701171875,245705.6135866642,"(416.108, 18340.0]"
2017-08-14,6,GROCERY I,4142.0,4541.078,-399.078125,399.078125,159263.34985351562,"(416.108, 18340.0]"
2017-08-15,6,GROCERY I,4334.0,4001.867,332.133056640625,332.133056640625,110312.3673134446,"(416.108, 18340.0]"
2017-07-27,6,PRODUCE,2088.249,1786.6157,301.6332773437498,301.6332773437498,90982.63400113148,"(416.108, 18340.0]"
2017-08-02,6,PRODUCE,4079.749,3758.0156,321.7333749999998,321.7333749999998,103512.3645888905,"(416.108, 18340.0]"
2017-08-09,6,PRODUCE,3107.496,3497.148,-389.6519492187499,389.6519492187499,151828.64152997127,"(416.108, 18340.0]"
2017-08-11,6,PRODUCE,2538.691,2220.2864,318.4046230468748,318.4046230468748,101381.50397762244,"(416.108, 18340.0]"
2017-08-12,6,PRODUCE,2498.872,2857.3892,-358.51716015625016,358.51716015625016,128534.55412650232,"(416.108, 18340.0]"
2017-07-22,7,BEVERAGES,3773.0,4544.9795,-771.9794921875,771.9794921875,595952.3363580704,"(416.108, 18340.0]"
2017-07-23,7,BEVERAGES,3962.0,4258.5312,-296.53125,296.53125,87930.7822265625,"(416.108, 18340.0]"
2017-07-28,7,BEVERAGES,4611.0,4305.061,305.93896484375,305.93896484375,93598.6502096653,"(416.108, 18340.0]"
2017-07-31,7,BEVERAGES,3903.0,4587.7563,-684.75634765625,684.75634765625,468891.2556555271,"(416.108, 18340.0]"
2017-08-01,7,BEVERAGES,4038.0,4694.183,-656.18310546875,656.18310546875,430576.2679026127,"(416.108, 18340.0]"
2017-08-03,7,BEVERAGES,3200.0,3858.2642,-658.26416015625,658.26416015625,433311.7045462132,"(416.108, 18340.0]"
2017-08-04,7,BEVERAGES,3750.0,4310.071,-560.07080078125,560.07080078125,313679.3018877506,"(416.108, 18340.0]"
2017-08-05,7,BEVERAGES,3638.0,4243.575,-605.5751953125,605.5751953125,366721.3171777725,"(416.108, 18340.0]"
2017-08-06,7,BEVERAGES,3858.0,4147.6636,-289.66357421875,289.66357421875,83904.98622918129,"(416.108, 18340.0]"
2017-08-09,7,BEVERAGES,3982.0,3640.4983,341.501708984375,341.501708984375,116623.41723924877,"(416.108, 18340.0]"
2017-08-11,7,BEVERAGES,3100.0,3763.4294,-663.429443359375,663.429443359375,440138.62631613016,"(416.108, 18340.0]"
2017-08-12,7,BEVERAGES,3110.0,3793.4407,-683.440673828125,683.440673828125,467091.1546426416,"(416.108, 18340.0]"
2017-08-14,7,BEVERAGES,3864.0,3495.6292,368.370849609375,368.370849609375,135697.08284193277,"(416.108, 18340.0]"
2017-08-15,7,BEVERAGES,3999.0,3339.8157,659.184326171875,659.184326171875,434523.9758706689,"(416.108, 18340.0]"
2017-08-05,7,CLEANING,769.0,1048.3391,-279.339111328125,279.339111328125,78030.33911758661,"(416.108, 18340.0]"
2017-08-03,7,DAIRY,1046.0,1358.0813,-312.081298828125,312.081298828125,97394.73707824944,"(416.108, 18340.0]"
2017-07-22,7,GROCERY I,3376.0,3712.3774,-336.37744140625,336.37744140625,113149.78308701517,"(416.108, 18340.0]"
2017-07-30,7,GROCERY I,3776.0,3489.3193,286.6806640625,286.6806640625,82185.80314731598,"(416.108, 18340.0]"
2017-07-31,7,GROCERY I,4401.0,4791.106,-390.10595703125,390.10595703125,152182.65771126747,"(416.108, 18340.0]"
2017-08-01,7,GROCERY I,4572.0,5418.2476,-846.24755859375,846.24755859375,716134.9304258823,"(416.108, 18340.0]"
2017-08-03,7,GROCERY I,3373.0,4106.6416,-733.6416015625,733.6416015625,538229.99954319,"(416.108, 18340.0]"
2017-08-04,7,GROCERY I,3998.0,4317.772,-319.77197265625,319.77197265625,102254.1144964695,"(416.108, 18340.0]"
2017-08-05,7,GROCERY I,3229.0,3990.138,-761.137939453125,761.137939453125,579330.962874949,"(416.108, 18340.0]"
2017-08-06,7,GROCERY I,3348.0,3724.482,-376.48193359375,376.48193359375,141738.64632248878,"(416.108, 18340.0]"
2017-08-11,7,GROCERY I,3146.0,3835.509,-689.509033203125,689.509033203125,475422.7068687081,"(416.108, 18340.0]"
2017-08-12,7,GROCERY I,2851.0,3213.2664,-362.266357421875,362.266357421875,131236.9137197137,"(416.108, 18340.0]"
2017-08-13,7,GROCERY I,2864.0,3166.0947,-302.0947265625,302.0947265625,91261.22381687164,"(416.108, 18340.0]"
2017-08-14,7,GROCERY I,3872.0,3481.9163,390.083740234375,390.083740234375,152165.32439523935,"(416.108, 18340.0]"
2017-08-11,7,MEATS,514.948,835.07654,-320.1285380859375,320.1285380859375,102482.28089703956,"(416.108, 18340.0]"
2017-07-19,7,PRODUCE,6755.075,7497.948,-742.8732421875002,742.8732421875002,551860.6539581683,"(416.108, 18340.0]"
2017-07-21,7,PRODUCE,4820.224,5324.5835,-504.3594960937498,504.3594960937498,254378.50129994127,"(416.108, 18340.0]"
2017-07-22,7,PRODUCE,4428.469,4772.981,-344.51195703124995,344.51195703124995,118688.4885375018,"(416.108, 18340.0]"
2017-07-26,7,PRODUCE,6437.335,7137.1787,-699.8437109375,699.8437109375,489781.21973877103,"(416.108, 18340.0]"
2017-07-27,7,PRODUCE,4330.829,3946.317,384.5121054687497,384.5121054687497,147849.55925201092,"(416.108, 18340.0]"
2017-08-01,7,PRODUCE,5205.55,5488.5044,-282.9543945312498,282.9543945312498,80063.18938454617,"(416.108, 18340.0]"
2017-08-03,7,PRODUCE,4388.291,4709.463,-321.17189062499983,321.17189062499983,103151.38332763684,"(416.108, 18340.0]"
2017-08-04,7,PRODUCE,4449.373,5061.4414,-612.0684062500004,612.0684062500004,374627.7339294155,"(416.108, 18340.0]"
2017-08-05,7,PRODUCE,4185.951,4959.6733,-773.72233984375,773.72233984375,598646.2591732873,"(416.108, 18340.0]"
2017-08-09,7,PRODUCE,6383.816,6831.0083,-447.1923007812502,447.1923007812502,199980.95387802811,"(416.108, 18340.0]"
2017-08-11,7,PRODUCE,3733.525,4553.087,-819.5619140624999,819.5619140624999,671681.7309817885,"(416.108, 18340.0]"
2017-08-14,7,PRODUCE,5838.443,5170.8145,667.6285468750002,667.6285468750002,445727.8766024244,"(416.108, 18340.0]"
2017-08-15,7,PRODUCE,5113.961,4631.4375,482.5235000000002,482.5235000000002,232828.92805225024,"(416.108, 18340.0]"
2017-07-23,8,BEVERAGES,6571.0,6285.751,285.2490234375,285.2490234375,81367.00537204742,"(416.108, 18340.0]"
2017-07-28,8,BEVERAGES,5354.0,4405.175,948.8251953125,948.8251953125,900269.2512598038,"(416.108, 18340.0]"
2017-08-06,8,BEVERAGES,6246.0,6667.966,-421.9658203125,421.9658203125,178055.15351200104,"(416.108, 18340.0]"
2017-08-08,8,BEVERAGES,3456.0,3894.2112,-438.211181640625,438.211181640625,192029.03971487284,"(416.108, 18340.0]"
2017-08-09,8,BEVERAGES,4476.0,3886.8818,589.1181640625,589.1181640625,347060.21122837067,"(416.108, 18340.0]"
2017-08-11,8,BEVERAGES,4075.0,4406.7935,-331.79345703125,331.79345703125,110086.89812874794,"(416.108, 18340.0]"
2017-08-12,8,BEVERAGES,4355.0,5782.8184,-1427.818359375,1427.818359375,2038665.2673683169,"(416.108, 18340.0]"
2017-08-13,8,BEVERAGES,4761.0,5707.464,-946.4638671875,946.4638671875,895793.8518915176,"(416.108, 18340.0]"
2017-07-21,8,CLEANING,1567.0,1234.5366,332.46337890625,332.46337890625,110531.89831376076,"(416.108, 18340.0]"
2017-08-11,8,CLEANING,841.0,1140.1008,-299.100830078125,299.100830078125,89461.3065534234,"(416.108, 18340.0]"
2017-08-12,8,CLEANING,1015.0,1308.0908,-293.0908203125,293.0908203125,85902.22895145416,"(416.108, 18340.0]"
2017-08-12,8,DAIRY,1280.0,1643.2977,-363.2977294921875,363.2977294921875,131985.24025417864,"(416.108, 18340.0]"
2017-07-19,8,GROCERY I,5291.0,4523.7803,767.2197265625,767.2197265625,588626.1088266373,"(416.108, 18340.0]"
2017-07-20,8,GROCERY I,4460.0,4137.671,322.3291015625,322.3291015625,103896.04971408844,"(416.108, 18340.0]"
2017-07-21,8,GROCERY I,5376.0,4936.614,439.38623046875,439.38623046875,193060.2595255375,"(416.108, 18340.0]"
2017-07-23,8,GROCERY I,6063.0,6602.7,-539.7001953125,539.7001953125,291276.30082035065,"(416.108, 18340.0]"
2017-07-28,8,GROCERY I,4913.0,4575.1646,337.83544921875,337.83544921875,114132.7907488346,"(416.108, 18340.0]"
2017-07-31,8,GROCERY I,4865.0,5623.8,-758.7998046875,758.7998046875,575777.1435937881,"(416.108, 18340.0]"
2017-08-01,8,GROCERY I,5115.0,5529.369,-414.369140625,414.369140625,171701.78470230105,"(416.108, 18340.0]"
2017-08-03,8,GROCERY I,4160.0,4691.815,-531.81494140625,531.81494140625,282827.1319029331,"(416.108, 18340.0]"
2017-08-05,8,GROCERY I,6341.0,7118.305,-777.30517578125,777.30517578125,604203.33629632,"(416.108, 18340.0]"
2017-08-06,8,GROCERY I,5827.0,7082.5093,-1255.50927734375,1255.50927734375,1576303.5454962254,"(416.108, 18340.0]"
2017-08-07,8,GROCERY I,4468.0,4908.5034,-440.50341796875,440.50341796875,194043.2612421513,"(416.108, 18340.0]"
2017-08-08,8,GROCERY I,3819.0,4467.7026,-648.70263671875,648.70263671875,420815.11088585854,"(416.108, 18340.0]"
2017-08-11,8,GROCERY I,4318.0,4673.874,-355.8740234375,355.8740234375,126646.3205575943,"(416.108, 18340.0]"
2017-08-12,8,GROCERY I,4734.0,5526.866,-792.8662109375,792.8662109375,628636.8284463882,"(416.108, 18340.0]"
2017-08-13,8,GROCERY I,5050.0,5565.749,-515.7490234375,515.7490234375,265997.0551767349,"(416.108, 18340.0]"
2017-08-11,8,MEATS,515.96,797.84875,-281.88875488281246,281.88875488281246,79461.27012938233,"(416.108, 18340.0]"
2017-07-20,8,PRODUCE,3745.337,3368.7007,376.63631640625,376.63631640625,141854.91483606884,"(416.108, 18340.0]"
2017-07-26,8,PRODUCE,5890.403,6506.7593,-616.3562773437498,616.3562773437498,379895.06062104536,"(416.108, 18340.0]"
2017-08-02,8,PRODUCE,7376.513,6242.7637,1133.749328125,1133.749328125,1285387.5390238888,"(416.108, 18340.0]"
2017-08-03,8,PRODUCE,3437.181,3860.8923,-423.71133398437496,423.71133398437496,179531.29454681854,"(416.108, 18340.0]"
2017-08-04,8,PRODUCE,3913.739,4275.603,-361.86402734375,361.86402734375,130945.57428543824,"(416.108, 18340.0]"
2017-08-06,8,PRODUCE,5623.592,6028.714,-405.1218671875004,405.1218671875004,164123.72727348667,"(416.108, 18340.0]"
2017-08-07,8,PRODUCE,3951.029,4296.2485,-345.21953515625,345.21953515625,119176.52745349731,"(416.108, 18340.0]"
2017-08-09,8,PRODUCE,5887.48,6258.5356,-371.0556445312504,371.0556445312504,137682.29133850167,"(416.108, 18340.0]"
2017-08-12,8,PRODUCE,4231.329,5257.7725,-1026.4434609375005,1026.4434609375005,1053586.1785013536,"(416.108, 18340.0]"
2017-08-14,8,PRODUCE,4417.428,4131.992,285.4358124999999,285.4358124999999,81473.60305753509,"(416.108, 18340.0]"
2017-07-23,9,BEVERAGES,3987.0,4526.189,-539.18896484375,539.18896484375,290724.7398092747,"(416.108, 18340.0]"
2017-07-24,9,BEVERAGES,2719.0,3382.016,-663.01611328125,663.01611328125,439590.3664705753,"(416.108, 18340.0]"
2017-07-25,9,BEVERAGES,3345.0,2698.14,646.860107421875,646.860107421875,418427.99857383966,"(416.108, 18340.0]"
2017-07-26,9,BEVERAGES,2395.0,2717.2856,-322.28564453125,322.28564453125,103868.03667092323,"(416.108, 18340.0]"
2017-07-28,9,BEVERAGES,3033.0,2660.0337,372.96630859375,372.96630859375,139103.86734604836,"(416.108, 18340.0]"
2017-07-29,9,BEVERAGES,4617.0,4087.9363,529.063720703125,529.063720703125,279908.42056423426,"(416.108, 18340.0]"
2017-07-30,9,BEVERAGES,5121.0,4502.831,618.1689453125,618.1689453125,382132.8449487686,"(416.108, 18340.0]"
2017-08-01,9,BEVERAGES,4817.0,4148.641,668.35888671875,668.35888671875,446703.6014559269,"(416.108, 18340.0]"
2017-08-03,9,BEVERAGES,3944.0,3210.626,733.3740234375,733.3740234375,537837.4582529068,"(416.108, 18340.0]"
2017-08-04,9,BEVERAGES,3325.0,3649.6543,-324.654296875,324.654296875,105400.41247940063,"(416.108, 18340.0]"
2017-08-05,9,BEVERAGES,4346.0,4721.342,-375.341796875,375.341796875,140881.46448135376,"(416.108, 18340.0]"
2017-08-06,9,BEVERAGES,5732.0,5074.265,657.73486328125,657.73486328125,432615.15037560463,"(416.108, 18340.0]"
2017-08-07,9,BEVERAGES,4597.0,3643.9412,953.058837890625,953.058837890625,908321.1484814286,"(416.108, 18340.0]"
2017-08-08,9,BEVERAGES,3212.0,3743.0432,-531.043212890625,531.043212890625,282006.89395719767,"(416.108, 18340.0]"
2017-08-10,9,BEVERAGES,2465.0,2750.8647,-285.86474609375,285.86474609375,81718.65305924416,"(416.108, 18340.0]"
2017-08-11,9,BEVERAGES,2619.0,2957.6384,-338.638427734375,338.638427734375,114675.98473840952,"(416.108, 18340.0]"
2017-08-12,9,BEVERAGES,3374.0,3953.2449,-579.244873046875,579.244873046875,335524.62295109034,"(416.108, 18340.0]"
2017-08-13,9,BEVERAGES,3752.0,4726.504,-974.50390625,974.50390625,949657.8632965088,"(416.108, 18340.0]"
2017-08-15,9,BEVERAGES,3530.0,3130.0635,399.9365234375,399.9365234375,159949.222779274,"(416.108, 18340.0]"
2017-07-31,9,CLEANING,2858.0,1730.4327,1127.5672607421875,1127.5672607421875,1271407.9274976405,"(416.108, 18340.0]"
2017-08-01,9,CLEANING,4335.0,2259.0486,2075.951416015625,2075.951416015625,4309574.281657279,"(416.108, 18340.0]"
2017-08-04,9,CLEANING,1769.0,2110.688,-341.68798828125,341.68798828125,116750.68133568764,"(416.108, 18340.0]"
2017-08-05,9,CLEANING,2030.0,2344.1924,-314.1923828125,314.1923828125,98716.85341739656,"(416.108, 18340.0]"
2017-08-08,9,CLEANING,1323.0,1715.4867,-392.4866943359375,392.4866943359375,154045.80523075163,"(416.108, 18340.0]"
2017-08-12,9,CLEANING,1341.0,1757.7126,-416.712646484375,416.712646484375,173649.4297400117,"(416.108, 18340.0]"
2017-07-21,9,GROCERY I,5320.078,5028.8687,291.20934765625043,291.20934765625043,84802.88416237893,"(416.108, 18340.0]"
2017-07-23,9,GROCERY I,7044.984,7746.7524,-701.7684414062496,701.7684414062496,492478.9453537568,"(416.108, 18340.0]"
2017-07-24,9,GROCERY I,5256.172,5778.2246,-522.0526093750004,522.0526093750004,272538.9269552468,"(416.108, 18340.0]"
2017-07-25,9,GROCERY I,5481.672,4931.9497,549.7222929687496,549.7222929687496,302194.5993868197,"(416.108, 18340.0]"
2017-07-26,9,GROCERY I,4234.766,4648.396,-413.6299960937504,413.6299960937504,171089.77366851596,"(416.108, 18340.0]"
2017-07-27,9,GROCERY I,5172.547,4361.8867,810.6602812499996,810.6602812499996,657170.0915963284,"(416.108, 18340.0]"
2017-07-29,9,GROCERY I,7861.719,7446.0215,415.6975156250001,415.6975156250001,172804.42449679718,"(416.108, 18340.0]"
2017-07-30,9,GROCERY I,8069.242,7478.211,591.0310625000002,591.0310625000002,349317.7168398791,"(416.108, 18340.0]"
2017-08-01,9,GROCERY I,9823.43,8961.237,862.1926953125003,862.1926953125003,743376.243850234,"(416.108, 18340.0]"
2017-08-04,9,GROCERY I,7022.867,6551.5015,471.3655351562502,471.3655351562502,222185.46773313807,"(416.108, 18340.0]"
2017-08-05,9,GROCERY I,8659.883,9013.689,-353.8064531250002,353.8064531250002,125179.00627289296,"(416.108, 18340.0]"
2017-08-06,9,GROCERY I,9362.75,10316.153,-953.4033203125,953.4033203125,908977.8911828996,"(416.108, 18340.0]"
2017-08-07,9,GROCERY I,7803.914,7320.2456,483.66839453124976,483.66839453124976,233935.11586843667,"(416.108, 18340.0]"
2017-08-08,9,GROCERY I,5939.219,6503.721,-564.50219140625,564.50219140625,318662.72410245845,"(416.108, 18340.0]"
2017-08-09,9,GROCERY I,5791.375,5278.5586,512.81640625,512.81640625,262980.66651916504,"(416.108, 18340.0]"
2017-08-10,9,GROCERY I,4900.531,5373.1987,-472.6677304687501,472.6677304687501,223414.7834264789,"(416.108, 18340.0]"
2017-08-11,9,GROCERY I,5882.578,5471.85,410.7279023437504,410.7279023437504,168697.4097636974,"(416.108, 18340.0]"
2017-08-12,9,GROCERY I,6686.109,7177.5493,-491.4403164062496,491.4403164062496,241513.58458947475,"(416.108, 18340.0]"
2017-08-13,9,GROCERY I,6711.156,7669.6733,-958.51733984375,958.51733984375,918755.490781139,"(416.108, 18340.0]"
2017-08-14,9,GROCERY I,5860.789,6585.71,-724.9209609375002,724.9209609375002,525510.3996065487,"(416.108, 18340.0]"
2017-08-15,9,GROCERY I,6630.383,5493.762,1136.6207929687498,1136.6207929687498,1291906.8270089095,"(416.108, 18340.0]"
2017-08-01,9,PERSONAL CARE,852.0,550.5525,301.447509765625,301.447509765625,90870.60114389658,"(416.108, 18340.0]"
2017-08-12,9,PRODUCE,1419.264,1706.0455,-286.7815322265626,286.7815322265626,82243.64722621496,"(416.108, 18340.0]"
2017-07-20,10,BEVERAGES,1333.0,1001.08887,331.9111328125,331.9111328125,110165.000084877,"(416.108, 18340.0]"
2017-07-26,10,BEVERAGES,801.0,1104.081,-303.0810546875,303.0810546875,91858.12571048737,"(416.108, 18340.0]"
2017-07-28,10,BEVERAGES,1614.0,1130.8436,483.1563720703125,483.1563720703125,233440.07987214625,"(416.108, 18340.0]"
2017-08-01,10,BEVERAGES,1843.0,1534.5553,308.4447021484375,308.4447021484375,95138.13428343832,"(416.108, 18340.0]"
2017-08-03,10,BEVERAGES,1569.0,1242.5546,326.4454345703125,326.4454345703125,106566.62175180018,"(416.108, 18340.0]"
2017-08-10,10,BEVERAGES,1676.0,1215.237,460.762939453125,460.762939453125,212302.4863734841,"(416.108, 18340.0]"
2017-08-12,10,BEVERAGES,1332.0,1748.7339,-416.73388671875,416.73388671875,173667.13233971596,"(416.108, 18340.0]"
2017-07-27,10,CLEANING,2212.0,463.90176,1748.0982360839844,1748.0982360839844,3055847.4429999376,"(416.108, 18340.0]"
2017-07-28,10,CLEANING,2291.0,978.37415,1312.6258544921875,1312.6258544921875,1722986.6338813454,"(416.108, 18340.0]"
2017-07-29,10,CLEANING,1566.0,1189.5635,376.4365234375,376.4365234375,141704.4561777115,"(416.108, 18340.0]"
2017-07-31,10,CLEANING,2577.0,1024.3112,1552.6888427734375,1552.6888427734375,2410842.6424731165,"(416.108, 18340.0]"
2017-08-01,10,CLEANING,1114.0,1543.8081,-429.80810546875,429.80810546875,184735.00752663607,"(416.108, 18340.0]"
2017-08-04,10,CLEANING,795.0,1097.5723,-302.572265625,302.572265625,91549.97592544556,"(416.108, 18340.0]"
2017-08-10,10,CLEANING,573.0,869.9011,-296.901123046875,296.901123046875,88150.27686649561,"(416.108, 18340.0]"
2017-07-26,10,GROCERY I,1516.0,1948.6816,-432.681640625,432.681640625,187213.40213394165,"(416.108, 18340.0]"
2017-07-28,10,GROCERY I,2214.0,1829.4786,384.5213623046875,384.5213623046875,147856.67806865275,"(416.108, 18340.0]"
2017-07-29,10,GROCERY I,3412.0,2767.689,644.31103515625,644.31103515625,415136.7100241184,"(416.108, 18340.0]"
2017-07-30,10,GROCERY I,2709.0,3018.6797,-309.6796875,309.6796875,95901.50885009766,"(416.108, 18340.0]"
2017-07-31,10,GROCERY I,3237.0,2897.6833,339.316650390625,339.316650390625,115135.78923231363,"(416.108, 18340.0]"
2017-08-02,10,GROCERY I,3098.0,2795.7058,302.294189453125,302.294189453125,91381.77697712184,"(416.108, 18340.0]"
2017-08-03,10,GROCERY I,3268.0,2653.5745,614.425537109375,614.425537109375,377518.740652144,"(416.108, 18340.0]"
2017-08-04,10,GROCERY I,2933.0,2634.8435,298.156494140625,298.156494140625,88897.29499822855,"(416.108, 18340.0]"
2017-08-06,10,GROCERY I,3525.0,3079.9863,445.013671875,445.013671875,198037.16815567017,"(416.108, 18340.0]"
2017-08-08,10,GROCERY I,3043.0,2686.18,356.820068359375,356.820068359375,127320.56118398903,"(416.108, 18340.0]"
2017-08-12,10,GROCERY I,2629.0,3026.908,-397.907958984375,397.907958984375,158330.74382311106,"(416.108, 18340.0]"
2017-07-19,11,BEVERAGES,3170.0,3808.3235,-638.323486328125,638.323486328125,407456.873198092,"(416.108, 18340.0]"
2017-07-21,11,BEVERAGES,6251.0,4564.412,1686.587890625,1686.587890625,2844578.712802887,"(416.108, 18340.0]"
2017-07-22,11,BEVERAGES,3895.0,5350.7153,-1455.71533203125,1455.71533203125,2119107.1279108524,"(416.108, 18340.0]"
2017-07-23,11,BEVERAGES,4233.0,5294.9956,-1061.99560546875,1061.99560546875,1127834.666034937,"(416.108, 18340.0]"
2017-07-28,11,BEVERAGES,4940.0,4265.2227,674.77734375,674.77734375,455324.46363830566,"(416.108, 18340.0]"
2017-07-29,11,BEVERAGES,4223.0,4840.8193,-617.8193359375,617.8193359375,381700.7318582535,"(416.108, 18340.0]"
2017-07-31,11,BEVERAGES,3903.0,4611.753,-708.7529296875,708.7529296875,502330.7153406143,"(416.108, 18340.0]"
2017-08-01,11,BEVERAGES,5204.0,4908.0825,295.91748046875,295.91748046875,87567.15524697304,"(416.108, 18340.0]"
2017-08-02,11,BEVERAGES,5351.0,4615.9043,735.095703125,735.095703125,540365.6927528381,"(416.108, 18340.0]"
2017-08-03,11,BEVERAGES,4885.0,4490.0435,394.95654296875,394.95654296875,155990.6708338261,"(416.108, 18340.0]"
2017-08-04,11,BEVERAGES,7066.0,5721.827,1344.1728515625,1344.1728515625,1806800.654877663,"(416.108, 18340.0]"
2017-08-05,11,BEVERAGES,5299.0,6386.807,-1087.80712890625,1087.80712890625,1183324.3496992588,"(416.108, 18340.0]"
2017-08-06,11,BEVERAGES,5371.0,5704.1826,-333.1826171875,333.1826171875,111010.65639591216,"(416.108, 18340.0]"
2017-08-08,11,BEVERAGES,4858.0,4219.9014,638.0986328125,638.0986328125,407169.8651971817,"(416.108, 18340.0]"
2017-08-10,11,BEVERAGES,4596.0,3711.9111,884.0888671875,884.0888671875,781613.125084877,"(416.108, 18340.0]"
2017-08-12,11,BEVERAGES,4323.0,5068.5054,-745.50537109375,745.50537109375,555778.2583296299,"(416.108, 18340.0]"
2017-08-13,11,BEVERAGES,4741.0,5071.9946,-330.99462890625,330.99462890625,109557.44436478616,"(416.108, 18340.0]"
2017-08-14,11,BEVERAGES,4544.0,4201.5054,342.49462890625,342.49462890625,117302.5708296299,"(416.108, 18340.0]"
2017-08-05,11,BREAD/BAKERY,534.0,817.5737,-283.57373046875,283.57373046875,80414.06061196327,"(416.108, 18340.0]"
2017-08-10,11,BREAD/BAKERY,868.0,554.4304,313.569580078125,313.569580078125,98325.88155037165,"(416.108, 18340.0]"
2017-08-15,11,BREAD/BAKERY,2080.0,605.4345,1474.5654907226562,1474.5654907226562,2174343.386430148,"(416.108, 18340.0]"
2017-07-26,11,CLEANING,1278.0,1581.7361,-303.736083984375,303.736083984375,92255.6087141633,"(416.108, 18340.0]"
2017-07-28,11,CLEANING,1766.0,1478.0808,287.919189453125,287.919189453125,82897.45965534449,"(416.108, 18340.0]"
2017-08-01,11,CLEANING,3075.0,2314.3936,760.6064453125,760.6064453125,578522.164650917,"(416.108, 18340.0]"
2017-08-02,11,CLEANING,2839.0,2407.351,431.64892578125,431.64892578125,186320.79512810707,"(416.108, 18340.0]"
2017-08-05,11,CLEANING,2154.0,2599.337,-445.3369140625,445.3369140625,198324.9670267105,"(416.108, 18340.0]"
2017-08-12,11,CLEANING,1453.0,1913.9253,-460.92529296875,460.92529296875,212452.125698328,"(416.108, 18340.0]"
2017-07-21,11,EGGS,483.0,165.35316,317.64683532714844,317.64683532714844,100899.51199335256,"(416.108, 18340.0]"
2017-07-25,11,EGGS,559.0,242.58948,316.4105224609375,316.4105224609375,100115.61872400343,"(416.108, 18340.0]"
2017-07-28,11,EGGS,1062.0,206.10622,855.8937835693359,855.8937835693359,732554.1687526333,"(416.108, 18340.0]"
2017-07-19,11,GROCERY I,6588.984,5616.9746,972.0093906250004,972.0093906250004,944802.2554631846,"(416.108, 18340.0]"
2017-07-20,11,GROCERY I,5287.484,5751.156,-463.6717617187496,463.6717617187496,214991.50261536893,"(416.108, 18340.0]"
2017-07-22,11,GROCERY I,5738.016,6761.4116,-1023.3956210937504,1023.3956210937504,1047338.597273863,"(416.108, 18340.0]"
2017-07-24,11,GROCERY I,6874.531,6210.8726,663.65844140625,663.65844140625,440442.5268497729,"(416.108, 18340.0]"
2017-07-25,11,GROCERY I,6307.961,5594.3687,713.5923476562502,713.5923476562502,509214.0386335587,"(416.108, 18340.0]"
2017-07-27,11,GROCERY I,5330.898,4720.789,610.1089375000001,610.1089375000001,372232.9156173791,"(416.108, 18340.0]"
2017-07-28,11,GROCERY I,7299.141,5556.697,1742.4442226562496,1742.4442226562496,3036111.869068142,"(416.108, 18340.0]"
2017-07-29,11,GROCERY I,7513.844,7023.8813,489.9626523437501,489.9626523437501,240063.4006917225,"(416.108, 18340.0]"
2017-07-30,11,GROCERY I,8906.852,7666.5625,1240.2895000000008,1240.2895000000008,1538318.043810252,"(416.108, 18340.0]"
2017-08-01,11,GROCERY I,11133.969,9646.587,1487.3820859374991,1487.3820859374991,2212305.469567786,"(416.108, 18340.0]"
2017-08-02,11,GROCERY I,10013.141,9291.356,721.7845546874996,721.7845546874996,520972.9433854321,"(416.108, 18340.0]"
2017-08-03,11,GROCERY I,8749.156,8347.506,401.65014062500086,401.65014062500086,161322.83546408298,"(416.108, 18340.0]"
2017-08-04,11,GROCERY I,8876.523,8357.011,519.5122578124992,519.5122578124992,269892.9860174407,"(416.108, 18340.0]"
2017-08-05,11,GROCERY I,8311.914,9887.602,-1575.687562499999,1575.687562499999,2482791.294617189,"(416.108, 18340.0]"
2017-08-06,11,GROCERY I,9488.242,10781.562,-1293.3195234374998,1293.3195234374998,1672675.3897046016,"(416.108, 18340.0]"
2017-08-07,11,GROCERY I,8237.289,7854.345,382.9437851562506,382.9437851562506,146645.94258979667,"(416.108, 18340.0]"
2017-08-10,11,GROCERY I,6679.977,6324.154,355.82319140624986,355.82319140624986,126610.14354252872,"(416.108, 18340.0]"
2017-08-11,11,GROCERY I,6551.156,6995.5537,-444.3977109375001,444.3977109375001,197489.32548648983,"(416.108, 18340.0]"
2017-08-12,11,GROCERY I,6205.758,7636.13,-1430.3718828125002,1430.3718828125002,2045963.7231405769,"(416.108, 18340.0]"
2017-08-13,11,GROCERY I,6471.547,6963.7524,-492.2054414062504,492.2054414062504,242266.19654992185,"(416.108, 18340.0]"
2017-08-14,11,GROCERY I,7380.539,6589.0747,791.4642929687498,791.4642929687498,626415.727044523,"(416.108, 18340.0]"
2017-08-15,11,GROCERY I,7209.727,6292.007,917.7201640625,917.7201640625,842210.2995269017,"(416.108, 18340.0]"
2017-07-28,11,POULTRY,752.083,431.65543,320.42757397460934,320.42757397460934,102673.83016325376,"(416.108, 18340.0]"
2017-07-21,11,PRODUCE,1619.166,1325.365,293.80100976562494,293.80100976562494,86319.03333930085,"(416.108, 18340.0]"
2017-07-22,11,PRODUCE,1240.505,1653.3905,-412.8855029296874,412.8855029296874,170474.43852950088,"(416.108, 18340.0]"
2017-07-24,11,PRODUCE,1713.4869,1429.6937,283.7931744140626,283.7931744140626,80538.56584401056,"(416.108, 18340.0]"
2017-07-28,11,PRODUCE,1744.848,1379.5449,365.303078125,365.303078125,133446.33888759982,"(416.108, 18340.0]"
2017-07-29,11,PRODUCE,1106.048,1535.9716,-429.9235576171875,429.9235576171875,184834.26539421917,"(416.108, 18340.0]"
2017-08-10,11,PRODUCE,1467.928,1073.2618,394.6661591796876,394.6661591796876,155761.3772016465,"(416.108, 18340.0]"
2017-07-21,12,BEVERAGES,1254.0,1584.6451,-330.6451416015625,330.6451416015625,109326.20966471732,"(416.108, 18340.0]"
2017-07-23,12,BEVERAGES,1657.0,2041.9229,-384.9228515625,384.9228515625,148165.6016550064,"(416.108, 18340.0]"
2017-07-28,12,BEVERAGES,2002.0,1402.8081,599.19189453125,599.19189453125,359030.9264719486,"(416.108, 18340.0]"
2017-07-30,12,BEVERAGES,2529.0,1998.6774,530.3226318359375,530.3226318359375,281242.0938373953,"(416.108, 18340.0]"
2017-08-13,12,BEVERAGES,1474.0,1969.3408,-495.3408203125,495.3408203125,245362.5282678604,"(416.108, 18340.0]"
2017-07-27,12,CLEANING,1003.0,651.24805,351.751953125,351.751953125,123729.4365272522,"(416.108, 18340.0]"
2017-07-28,12,CLEANING,2246.0,699.8855,1546.114501953125,1546.114501953125,2390470.05314976,"(416.108, 18340.0]"
2017-07-29,12,CLEANING,2641.0,1133.0006,1507.9993896484375,1507.9993896484375,2274062.15918006,"(416.108, 18340.0]"
2017-07-30,12,CLEANING,3355.0,1360.1226,1994.87744140625,1994.87744140625,3979536.0062315455,"(416.108, 18340.0]"
2017-07-31,12,CLEANING,2864.0,1546.7502,1317.249755859375,1317.249755859375,1735146.919311583,"(416.108, 18340.0]"
2017-08-01,12,CLEANING,2646.0,1876.261,769.739013671875,769.739013671875,592498.149168551,"(416.108, 18340.0]"
2017-08-02,12,CLEANING,1556.0,1942.4672,-386.4671630859375,386.4671630859375,149356.8681436926,"(416.108, 18340.0]"
2017-08-04,12,CLEANING,818.0,1680.1749,-862.1749267578125,862.1749267578125,743345.6043298393,"(416.108, 18340.0]"
2017-08-05,12,CLEANING,978.0,1526.033,-548.032958984375,548.032958984375,300340.12413316965,"(416.108, 18340.0]"
2017-08-06,12,CLEANING,896.0,1338.1783,-442.1783447265625,442.1783447265625,195521.68854512277,"(416.108, 18340.0]"
2017-08-08,12,CLEANING,625.0,920.3032,-295.30322265625,295.30322265625,87203.99331116676,"(416.108, 18340.0]"
2017-08-10,12,CLEANING,584.0,1063.964,-479.9639892578125,479.9639892578125,230365.43098427355,"(416.108, 18340.0]"
2017-08-12,12,CLEANING,662.0,1109.5381,-447.5380859375,447.5380859375,200290.33836460116,"(416.108, 18340.0]"
2017-08-13,12,CLEANING,747.0,1154.7898,-407.789794921875,407.789794921875,166292.51684242487,"(416.108, 18340.0]"
2017-08-14,12,CLEANING,712.0,1015.7496,-303.74957275390625,303.74957275390625,92263.8029481806,"(416.108, 18340.0]"
2017-07-24,12,GROCERY I,3180.0,2753.0278,426.97216796875,426.97216796875,182305.2322199345,"(416.108, 18340.0]"
2017-07-28,12,GROCERY I,2926.0,2503.1628,422.837158203125,422.837158203125,178791.26235729456,"(416.108, 18340.0]"
2017-07-29,12,GROCERY I,3537.0,3153.272,383.72802734375,383.72802734375,147247.19896912575,"(416.108, 18340.0]"
2017-07-30,12,GROCERY I,3559.0,2981.3118,577.688232421875,577.688232421875,333723.69387871027,"(416.108, 18340.0]"
2017-08-02,12,GROCERY I,3029.0,3411.3303,-382.330322265625,382.330322265625,146176.47532373667,"(416.108, 18340.0]"
2017-08-04,12,GROCERY I,2834.0,3120.2607,-286.2607421875,286.2607421875,81945.21251773834,"(416.108, 18340.0]"
2017-08-05,12,GROCERY I,3203.0,3625.306,-422.305908203125,422.305908203125,178342.28010326624,"(416.108, 18340.0]"
2017-08-08,12,GROCERY I,2542.0,2848.877,-306.876953125,306.876953125,94173.46435928345,"(416.108, 18340.0]"
2017-08-12,12,GROCERY I,2481.0,3137.6123,-656.6123046875,656.6123046875,431139.71866703033,"(416.108, 18340.0]"
2017-08-13,12,GROCERY I,2350.0,3010.4548,-660.454833984375,660.454833984375,436200.58773332834,"(416.108, 18340.0]"
2017-07-21,13,BEVERAGES,2053.0,1366.7743,686.2257080078125,686.2257080078125,470905.72233082354,"(416.108, 18340.0]"
2017-07-22,13,BEVERAGES,1711.0,2134.9429,-423.94287109375,423.94287109375,179727.55795121193,"(416.108, 18340.0]"
2017-07-23,13,BEVERAGES,1315.0,1618.6307,-303.6307373046875,303.6307373046875,92191.62463618816,"(416.108, 18340.0]"
2017-07-26,13,BEVERAGES,900.0,1187.1724,-287.17236328125,287.17236328125,82467.96623253822,"(416.108, 18340.0]"
2017-07-27,13,BEVERAGES,1474.0,1133.5256,340.474365234375,340.474365234375,115922.79338175058,"(416.108, 18340.0]"
2017-07-31,13,BEVERAGES,2264.0,1752.6174,511.382568359375,511.382568359375,261512.13122183084,"(416.108, 18340.0]"
2017-08-01,13,BEVERAGES,1529.0,1909.8114,-380.8114013671875,380.8114013671875,145017.32341124117,"(416.108, 18340.0]"
2017-08-02,13,BEVERAGES,1908.0,1501.0342,406.9658203125,406.9658203125,165621.17890262604,"(416.108, 18340.0]"
2017-08-04,13,BEVERAGES,2059.0,1635.2842,423.7158203125,423.7158203125,179535.0963830948,"(416.108, 18340.0]"
2017-08-06,13,BEVERAGES,1556.0,1904.9828,-348.9827880859375,348.9827880859375,121788.98638023436,"(416.108, 18340.0]"
2017-08-07,13,BEVERAGES,2318.0,1628.6177,689.38232421875,689.38232421875,475247.98894524574,"(416.108, 18340.0]"
2017-08-13,13,BEVERAGES,1134.0,1709.5063,-575.50634765625,575.50634765625,331207.5561926365,"(416.108, 18340.0]"
2017-07-27,13,CLEANING,1401.0,535.971,865.0289916992188,865.0289916992188,748275.1564801671,"(416.108, 18340.0]"
2017-07-28,13,CLEANING,1157.0,797.26575,359.7342529296875,359.7342529296875,129408.73273088038,"(416.108, 18340.0]"
2017-07-30,13,CLEANING,1789.0,789.4948,999.5051879882812,999.5051879882812,999010.6208154894,"(416.108, 18340.0]"
2017-07-31,13,CLEANING,2930.0,1057.5487,1872.4512939453125,1872.4512939453125,3506073.848197475,"(416.108, 18340.0]"
2017-08-02,13,CLEANING,917.0,1265.1827,-348.1827392578125,348.1827392578125,121231.21991707385,"(416.108, 18340.0]"
2017-08-06,13,CLEANING,726.0,1272.0698,-546.06982421875,546.06982421875,298192.2529222965,"(416.108, 18340.0]"
2017-08-10,13,CLEANING,544.0,884.8838,-340.8837890625,340.8837890625,116201.757645607,"(416.108, 18340.0]"
2017-07-19,13,GROCERY I,2037.0,2384.8115,-347.8115234375,347.8115234375,120972.8558359146,"(416.108, 18340.0]"
2017-07-20,13,GROCERY I,2804.0,2047.5153,756.4847412109375,756.4847412109375,572269.1636849791,"(416.108, 18340.0]"
2017-07-21,13,GROCERY I,2677.0,2391.4724,285.527587890625,285.527587890625,81526.00344663858,"(416.108, 18340.0]"
2017-07-28,13,GROCERY I,2836.0,2530.6787,305.3212890625,305.3212890625,93221.08955478668,"(416.108, 18340.0]"
2017-07-30,13,GROCERY I,2310.0,2729.4563,-419.456298828125,419.456298828125,175943.5866265893,"(416.108, 18340.0]"
2017-07-31,13,GROCERY I,3737.0,2926.6787,810.3212890625,810.3212890625,656620.5915079117,"(416.108, 18340.0]"
2017-08-01,13,GROCERY I,2970.0,3630.3955,-660.3955078125,660.3955078125,436122.22673892975,"(416.108, 18340.0]"
2017-08-02,13,GROCERY I,4387.0,2877.966,1509.033935546875,1509.033935546875,2277183.41863209,"(416.108, 18340.0]"
2017-08-06,13,GROCERY I,2735.0,3051.2676,-316.267578125,316.267578125,100025.18097305298,"(416.108, 18340.0]"
2017-08-13,13,GROCERY I,1980.0,2439.3533,-459.353271484375,459.353271484375,211005.42802339792,"(416.108, 18340.0]"
2017-08-15,13,GROCERY I,2748.0,2467.9912,280.0087890625,280.0087890625,78404.92195224762,"(416.108, 18340.0]"
2017-07-21,14,BEVERAGES,1861.0,1369.5199,491.4801025390625,491.4801025390625,241552.6911918074,"(416.108, 18340.0]"
2017-07-22,14,BEVERAGES,1329.0,1818.4364,-489.4364013671875,489.4364013671875,239547.99098326263,"(416.108, 18340.0]"
2017-07-23,14,BEVERAGES,1044.0,1635.6594,-591.659423828125,591.659423828125,350060.87380462885,"(416.108, 18340.0]"
2017-07-24,14,BEVERAGES,1654.0,1302.601,351.3990478515625,351.3990478515625,123481.29083098473,"(416.108, 18340.0]"
2017-07-27,14,BEVERAGES,1395.0,1106.428,288.572021484375,288.572021484375,83273.81158357859,"(416.108, 18340.0]"
2017-08-02,14,BEVERAGES,2743.0,1519.3477,1223.65234375,1223.65234375,1497325.0583648682,"(416.108, 18340.0]"
2017-08-03,14,BEVERAGES,2218.0,1680.5072,537.4927978515625,537.4927978515625,288898.50774230063,"(416.108, 18340.0]"
2017-08-04,14,BEVERAGES,1516.0,2022.8635,-506.863525390625,506.863525390625,256910.63337141275,"(416.108, 18340.0]"
2017-08-06,14,BEVERAGES,2056.0,1651.6846,404.3154296875,404.3154296875,163470.96668338776,"(416.108, 18340.0]"
2017-08-07,14,BEVERAGES,1076.0,1779.6154,-703.6153564453125,703.6153564453125,495074.56982566416,"(416.108, 18340.0]"
2017-08-15,14,BEVERAGES,2400.0,1360.2844,1039.715576171875,1039.715576171875,1081008.479334414,"(416.108, 18340.0]"
2017-07-19,14,CLEANING,751.0,1077.6205,-326.6204833984375,326.6204833984375,106680.940175429,"(416.108, 18340.0]"
2017-07-27,14,CLEANING,4042.0,769.64923,3272.3507690429688,3272.3507690429688,10708279.555656107,"(416.108, 18340.0]"
2017-07-29,14,CLEANING,3409.0,1520.917,1888.0830078125,1888.0830078125,3564857.444390297,"(416.108, 18340.0]"
2017-07-30,14,CLEANING,4509.0,2100.6802,2408.31982421875,2408.31982421875,5800004.375725031,"(416.108, 18340.0]"
2017-08-01,14,CLEANING,2912.0,2043.951,868.0489501953125,868.0489501953125,753508.9799351841,"(416.108, 18340.0]"
2017-08-02,14,CLEANING,1550.0,2546.1033,-996.103271484375,996.103271484375,992221.7274618744,"(416.108, 18340.0]"
2017-08-03,14,CLEANING,4016.0,1759.8602,2256.1397705078125,2256.1397705078125,5090166.664067045,"(416.108, 18340.0]"
2017-08-04,14,CLEANING,950.0,3822.7256,-2872.7255859375,2872.7255859375,8252552.292099953,"(416.108, 18340.0]"
2017-08-05,14,CLEANING,1542.0,1920.775,-378.7750244140625,378.7750244140625,143470.51911987364,"(416.108, 18340.0]"
2017-08-06,14,CLEANING,802.0,2245.5435,-1443.54345703125,1443.54345703125,2083817.7123377323,"(416.108, 18340.0]"
2017-08-10,14,CLEANING,666.0,1569.8638,-903.86376953125,903.86376953125,816969.7138712406,"(416.108, 18340.0]"
2017-08-13,14,CLEANING,568.0,929.1637,-361.1636962890625,361.1636962890625,130439.21551717818,"(416.108, 18340.0]"
2017-07-19,14,GROCERY I,2215.0,2684.625,-469.625,469.625,220547.640625,"(416.108, 18340.0]"
2017-07-20,14,GROCERY I,2646.0,2333.6516,312.348388671875,312.348388671875,97561.51590591668,"(416.108, 18340.0]"
2017-07-23,14,GROCERY I,3132.0,2401.6895,730.310546875,730.310546875,533353.4948768616,"(416.108, 18340.0]"
2017-07-26,14,GROCERY I,1916.0,2361.0286,-445.028564453125,445.028564453125,198050.42317920923,"(416.108, 18340.0]"
2017-07-28,14,GROCERY I,3393.0,2566.7803,826.2197265625,826.2197265625,682639.0365610123,"(416.108, 18340.0]"
2017-07-29,14,GROCERY I,4736.0,3568.625,1167.375,1167.375,1362764.390625,"(416.108, 18340.0]"
2017-07-31,14,GROCERY I,3758.0,3393.9968,364.003173828125,364.003173828125,132498.31055694818,"(416.108, 18340.0]"
2017-08-01,14,GROCERY I,3165.0,3917.5242,-752.524169921875,752.524169921875,566292.626316607,"(416.108, 18340.0]"
2017-08-02,14,GROCERY I,4439.0,3068.8752,1370.124755859375,1370.124755859375,1877241.846618712,"(416.108, 18340.0]"
2017-08-04,14,GROCERY I,2929.0,3346.8147,-417.814697265625,417.814697265625,174569.12125116587,"(416.108, 18340.0]"
2017-08-05,14,GROCERY I,4207.0,3914.12,292.8798828125,292.8798828125,85778.62575626373,"(416.108, 18340.0]"
2017-08-06,14,GROCERY I,2365.0,3336.6973,-971.697265625,971.697265625,944195.5760231018,"(416.108, 18340.0]"
2017-08-07,14,GROCERY I,2669.0,2974.8828,-305.8828125,305.8828125,93564.29498291016,"(416.108, 18340.0]"
2017-08-08,14,GROCERY I,3251.0,2769.6033,481.396728515625,481.396728515625,231742.8102255464,"(416.108, 18340.0]"
2017-08-09,14,GROCERY I,2400.0,2872.5903,-472.59033203125,472.59033203125,223341.62192940712,"(416.108, 18340.0]"
2017-08-12,14,GROCERY I,3441.0,3748.1484,-307.1484375,307.1484375,94340.1626586914,"(416.108, 18340.0]"
2017-08-13,14,GROCERY I,2140.0,2529.856,-389.85595703125,389.85595703125,151987.66723275185,"(416.108, 18340.0]"
2017-08-15,14,GROCERY I,3789.0,2843.2207,945.779296875,945.779296875,894498.4783973694,"(416.108, 18340.0]"
2017-07-23,15,BEVERAGES,1303.0,1636.5222,-333.522216796875,333.522216796875,111237.06909710167,"(416.108, 18340.0]"
2017-07-28,15,BEVERAGES,1866.0,1557.7427,308.25732421875,308.25732421875,95022.57793450356,"(416.108, 18340.0]"
2017-07-30,15,BEVERAGES,1236.0,1577.6816,-341.681640625,341.681640625,116746.34354019164,"(416.108, 18340.0]"
2017-08-02,15,BEVERAGES,2132.0,1747.4817,384.518310546875,384.518310546875,147854.331145823,"(416.108, 18340.0]"
2017-08-04,15,BEVERAGES,1743.0,2068.03,-325.030029296875,325.030029296875,105644.51994472742,"(416.108, 18340.0]"
2017-08-11,15,BEVERAGES,1378.0,1705.4375,-327.4375,327.4375,107215.31640625,"(416.108, 18340.0]"
2017-08-12,15,BEVERAGES,1418.0,1787.9799,-369.9798583984375,369.9798583984375,136885.09562052786,"(416.108, 18340.0]"
2017-07-28,15,CLEANING,1078.0,777.32227,300.677734375,300.677734375,90407.09994888306,"(416.108, 18340.0]"
2017-07-31,15,CLEANING,1533.0,955.3712,577.6287841796875,577.6287841796875,333655.012312904,"(416.108, 18340.0]"
2017-08-01,15,CLEANING,1474.0,1171.7235,302.2764892578125,302.2764892578125,91371.07595802844,"(416.108, 18340.0]"
2017-08-11,15,CLEANING,541.0,905.78864,-364.7886352539063,364.7886352539063,133070.74841040745,"(416.108, 18340.0]"
2017-07-19,15,GROCERY I,2750.0,2405.3665,344.633544921875,344.633544921875,118772.28028541803,"(416.108, 18340.0]"
2017-07-20,15,GROCERY I,2817.0,2527.0793,289.920654296875,289.920654296875,84053.9857879281,"(416.108, 18340.0]"
2017-07-24,15,GROCERY I,2357.0,2777.378,-420.3779296875,420.3779296875,176717.6037683487,"(416.108, 18340.0]"
2017-07-26,15,GROCERY I,2102.0,2491.0232,-389.023193359375,389.023193359375,151339.04497152567,"(416.108, 18340.0]"
2017-08-01,15,GROCERY I,3336.0,3725.7854,-389.785400390625,389.785400390625,151932.65835767984,"(416.108, 18340.0]"
2017-08-04,15,GROCERY I,2581.0,3004.505,-423.5048828125,423.5048828125,179356.38576602936,"(416.108, 18340.0]"
2017-08-05,15,GROCERY I,2724.0,3184.3435,-460.343505859375,460.343505859375,211916.1433869004,"(416.108, 18340.0]"
2017-08-06,15,GROCERY I,2374.0,2767.5217,-393.521728515625,393.521728515625,154859.35081392527,"(416.108, 18340.0]"
2017-08-07,15,GROCERY I,3418.0,2869.7556,548.244384765625,548.244384765625,300571.90542703867,"(416.108, 18340.0]"
2017-08-10,15,GROCERY I,2793.0,2426.3687,366.63134765625,366.63134765625,134418.54508423805,"(416.108, 18340.0]"
2017-08-11,15,GROCERY I,2034.0,2522.709,-488.708984375,488.708984375,238836.471408844,"(416.108, 18340.0]"
2017-08-12,15,GROCERY I,2316.0,2635.9514,-319.951416015625,319.951416015625,102368.90861040354,"(416.108, 18340.0]"
2017-08-09,15,SCHOOL AND OFFICE SUPPLIES,8.0,288.68457,-280.6845703125,280.6845703125,78783.82801151276,"(2.0, 13.0]"
2017-07-19,16,BEVERAGES,877.0,1199.8107,-322.8106689453125,322.8106689453125,104206.72798492014,"(416.108, 18340.0]"
2017-07-20,16,BEVERAGES,824.0,1214.7307,-390.730712890625,390.730712890625,152670.48999601603,"(416.108, 18340.0]"
2017-07-26,16,BEVERAGES,1515.0,2369.0903,-854.09033203125,854.09033203125,729470.2952692509,"(416.108, 18340.0]"
2017-07-28,16,BEVERAGES,1567.0,1043.9269,523.0731201171875,523.0731201171875,273605.48898912966,"(416.108, 18340.0]"
2017-08-01,16,BEVERAGES,2128.0,1667.5078,460.4921875,460.4921875,212053.0547485352,"(416.108, 18340.0]"
2017-08-04,16,BEVERAGES,2151.0,1321.9408,829.0592041015625,829.0592041015625,687339.1639055163,"(416.108, 18340.0]"
2017-08-05,16,BEVERAGES,1342.0,1946.4442,-604.4442138671875,604.4442138671875,365352.8076775223,"(416.108, 18340.0]"
2017-08-06,16,BEVERAGES,2069.0,1672.5576,396.4423828125,396.4423828125,157166.5628900528,"(416.108, 18340.0]"
2017-08-08,16,BEVERAGES,987.0,1321.0128,-334.0128173828125,334.0128173828125,111564.56217600404,"(416.108, 18340.0]"
2017-08-10,16,BEVERAGES,1399.0,1064.0922,334.9078369140625,334.9078369140625,112163.25922645628,"(416.108, 18340.0]"
2017-08-12,16,BEVERAGES,1222.0,1541.6685,-319.66845703125,319.66845703125,102187.92242074011,"(416.108, 18340.0]"
2017-08-14,16,BEVERAGES,1739.0,1317.475,421.5250244140625,421.5250244140625,177683.346207276,"(416.108, 18340.0]"
2017-08-15,16,BEVERAGES,1702.0,1372.0309,329.9691162109375,329.9691162109375,108879.61765302718,"(416.108, 18340.0]"
2017-07-20,16,CLEANING,464.0,746.2627,-282.2626953125,282.2626953125,79672.22916507721,"(416.108, 18340.0]"
2017-07-27,16,CLEANING,2206.0,585.7147,1620.2852783203125,1620.2852783203125,2625324.3831415325,"(416.108, 18340.0]"
2017-07-28,16,CLEANING,1389.0,1096.7554,292.24462890625,292.24462890625,85406.92312455177,"(416.108, 18340.0]"
2017-07-30,16,CLEANING,3087.0,1013.03357,2073.9664306640625,2073.9664306640625,4301336.755521432,"(416.108, 18340.0]"
2017-07-31,16,CLEANING,728.0,1204.9567,-476.9566650390625,476.9566650390625,227487.6603251845,"(416.108, 18340.0]"
2017-08-02,16,CLEANING,1390.0,1071.4762,318.5238037109375,318.5238037109375,101457.41353048384,"(416.108, 18340.0]"
2017-08-04,16,CLEANING,574.0,1433.0256,-859.025634765625,859.025634765625,737925.041184485,"(416.108, 18340.0]"
2017-08-06,16,CLEANING,947.0,1798.401,-851.4010009765625,851.4010009765625,724883.6644638926,"(416.108, 18340.0]"
2017-08-10,16,CLEANING,508.0,1026.3539,-518.3538818359375,518.3538818359375,268690.74681438506,"(416.108, 18340.0]"
2017-08-15,16,CLEANING,1206.0,686.713,519.2869873046875,519.2869873046875,269658.9751839787,"(416.108, 18340.0]"
2017-08-07,16,EGGS,509.0,218.99817,290.0018310546875,290.0018310546875,84101.06201507151,"(416.108, 18340.0]"
2017-07-26,16,GROCERY I,2984.0,1826.7412,1157.2587890625,1157.2587890625,1339247.904862404,"(416.108, 18340.0]"
2017-07-27,16,GROCERY I,1277.0,1672.9332,-395.9332275390625,395.9332275390625,156763.12066949904,"(416.108, 18340.0]"
2017-07-30,16,GROCERY I,3284.0,2654.6807,629.3193359375,629.3193359375,396042.826584816,"(416.108, 18340.0]"
2017-08-01,16,GROCERY I,2483.0,2800.3687,-317.36865234375,317.36865234375,100722.86149048804,"(416.108, 18340.0]"
2017-08-02,16,GROCERY I,2862.0,2271.0312,590.96875,590.96875,349244.0634765625,"(416.108, 18340.0]"
2017-08-03,16,GROCERY I,1907.0,2253.095,-346.094970703125,346.094970703125,119781.72874599697,"(416.108, 18340.0]"
2017-08-07,16,GROCERY I,2045.0,2329.8118,-284.811767578125,284.811767578125,81117.7429509759,"(416.108, 18340.0]"
2017-08-09,16,GROCERY I,1779.0,2285.6365,-506.636474609375,506.636474609375,256680.51740461588,"(416.108, 18340.0]"
2017-08-11,16,GROCERY I,2122.0,1678.5172,443.4827880859375,443.4827880859375,196676.98332847652,"(416.108, 18340.0]"
2017-08-12,16,GROCERY I,1777.0,2316.3372,-539.337158203125,539.337158203125,290884.5702186227,"(416.108, 18340.0]"
2017-08-15,16,GROCERY I,2372.0,1981.802,390.197998046875,390.197998046875,152254.47767978907,"(416.108, 18340.0]"
2017-07-20,17,BEVERAGES,3024.0,2488.726,535.27392578125,535.27392578125,286518.17562127113,"(416.108, 18340.0]"
2017-07-25,17,BEVERAGES,2967.0,2677.4438,289.55615234375,289.55615234375,83842.76536011696,"(416.108, 18340.0]"
2017-07-26,17,BEVERAGES,2248.0,2559.85,-311.85009765625,311.85009765625,97250.48340821266,"(416.108, 18340.0]"
2017-07-28,17,BEVERAGES,3389.0,2485.8408,903.1591796875,903.1591796875,815696.5038537979,"(416.108, 18340.0]"
2017-08-02,17,BEVERAGES,2769.0,3100.5952,-331.59521484375,331.59521484375,109955.38650727272,"(416.108, 18340.0]"
2017-08-04,17,BEVERAGES,2553.0,3147.2131,-594.213134765625,594.213134765625,353089.2495279908,"(416.108, 18340.0]"
2017-08-09,17,BEVERAGES,2020.0,2532.9124,-512.912353515625,512.912353515625,263079.0823889375,"(416.108, 18340.0]"
2017-08-11,17,BEVERAGES,3021.0,2622.1228,398.877197265625,398.877197265625,159103.01849848032,"(416.108, 18340.0]"
2017-08-12,17,BEVERAGES,3153.0,3548.4868,-395.48681640625,395.48681640625,156409.8219511509,"(416.108, 18340.0]"
2017-08-13,17,BEVERAGES,3628.0,4138.596,-510.59619140625,510.59619140625,260708.4706785679,"(416.108, 18340.0]"
2017-07-29,17,CLEANING,1875.0,1276.0385,598.9615478515625,598.9615478515625,358754.9358047396,"(416.108, 18340.0]"
2017-07-30,17,CLEANING,1894.0,1593.7861,300.2138671875,300.2138671875,90128.36605167387,"(416.108, 18340.0]"
2017-07-31,17,CLEANING,2057.0,1230.8433,826.15673828125,826.15673828125,682534.9562075138,"(416.108, 18340.0]"
2017-08-01,17,CLEANING,2005.0,1513.4702,491.52978515625,491.52978515625,241601.52969574928,"(416.108, 18340.0]"
2017-08-02,17,CLEANING,1701.0,1293.7002,407.2998046875,407.2998046875,165893.13089847565,"(416.108, 18340.0]"
2017-08-04,17,CLEANING,961.0,1251.2737,-290.273681640625,290.273681640625,84258.81025320292,"(416.108, 18340.0]"
2017-08-09,17,DAIRY,1177.0,891.74243,285.257568359375,285.257568359375,81371.8803063035,"(416.108, 18340.0]"
2017-07-19,17,GROCERY I,4398.0,3595.5408,802.459228515625,802.459228515625,643940.8134298921,"(416.108, 18340.0]"
2017-07-25,17,GROCERY I,5446.0,3956.6694,1489.33056640625,1489.33056640625,2218105.536031961,"(416.108, 18340.0]"
2017-07-31,17,GROCERY I,5929.0,5468.831,460.1689453125,460.1689453125,211755.45823001864,"(416.108, 18340.0]"
2017-08-01,17,GROCERY I,5927.0,6307.27,-380.27001953125,380.27001953125,144605.28775429726,"(416.108, 18340.0]"
2017-08-02,17,GROCERY I,4416.0,5078.5728,-662.57275390625,662.57275390625,439002.6542189121,"(416.108, 18340.0]"
2017-08-04,17,GROCERY I,3833.0,4266.4346,-433.4345703125,433.4345703125,187865.5267419815,"(416.108, 18340.0]"
2017-08-05,17,GROCERY I,5121.0,5532.9614,-411.96142578125,411.96142578125,169712.21633172035,"(416.108, 18340.0]"
2017-08-06,17,GROCERY I,6253.0,7062.197,-809.19677734375,809.19677734375,654799.4244635105,"(416.108, 18340.0]"
2017-08-07,17,GROCERY I,4659.0,5080.0073,-421.00732421875,421.00732421875,177247.16704583168,"(416.108, 18340.0]"
2017-08-08,17,GROCERY I,3960.0,4566.148,-606.14794921875,606.14794921875,367415.3363420963,"(416.108, 18340.0]"
2017-08-09,17,GROCERY I,3469.0,3759.6675,-290.66748046875,290.66748046875,84487.58420205116,"(416.108, 18340.0]"
2017-08-11,17,GROCERY I,3957.0,3493.1257,463.874267578125,463.874267578125,215179.3361211419,"(416.108, 18340.0]"
2017-08-12,17,GROCERY I,4400.0,5069.8916,-669.8916015625,669.8916015625,448754.75784397125,"(416.108, 18340.0]"
2017-08-13,17,GROCERY I,4899.0,5586.4004,-687.400390625,687.400390625,472519.2970314026,"(416.108, 18340.0]"
2017-08-15,17,GROCERY I,4635.0,4095.2708,539.729248046875,539.729248046875,291307.6611972451,"(416.108, 18340.0]"
2017-07-23,17,PRODUCE,2144.297,1792.195,352.1020537109375,352.1020537109375,123975.85622745994,"(416.108, 18340.0]"
2017-07-24,17,PRODUCE,1551.316,1260.2013,291.1147060546876,291.1147060546876,84747.77208130712,"(416.108, 18340.0]"
2017-08-11,17,PRODUCE,1408.649,1006.67303,401.9759653320312,401.9759653320312,161584.6767046183,"(416.108, 18340.0]"
2017-08-12,17,PRODUCE,1094.996,1445.4795,-350.4834921874999,350.4834921874999,122838.67829594533,"(416.108, 18340.0]"
2017-07-21,18,BEVERAGES,1621.0,1907.3851,-286.3851318359375,286.3851318359375,82016.4437366873,"(416.108, 18340.0]"
2017-07-23,18,BEVERAGES,2600.0,3130.7847,-530.78466796875,530.78466796875,281732.3637506962,"(416.108, 18340.0]"
2017-07-31,18,BEVERAGES,1906.0,2417.4832,-511.483154296875,511.483154296875,261615.01712948084,"(416.108, 18340.0]"
2017-08-01,18,BEVERAGES,3062.0,2685.0105,376.989501953125,376.989501953125,142121.08458286524,"(416.108, 18340.0]"
2017-08-02,18,BEVERAGES,2270.0,2566.2236,-296.2236328125,296.2236328125,87748.44063663483,"(416.108, 18340.0]"
2017-08-04,18,BEVERAGES,1686.0,2043.2802,-357.2801513671875,357.2801513671875,127649.1065609604,"(416.108, 18340.0]"
2017-08-09,18,BEVERAGES,1531.0,1839.1521,-308.152099609375,308.152099609375,94957.71649366616,"(416.108, 18340.0]"
2017-08-12,18,BEVERAGES,2277.0,2651.566,-374.56591796875,374.56591796875,140299.62690377235,"(416.108, 18340.0]"
2017-08-13,18,BEVERAGES,2434.0,2905.4993,-471.499267578125,471.499267578125,222311.55932670832,"(416.108, 18340.0]"
2017-07-26,18,DAIRY,1146.0,609.9005,536.0994873046875,536.0994873046875,287402.6602883488,"(416.108, 18340.0]"
2017-07-19,18,GROCERY I,2037.406,2355.6921,-318.28613867187505,318.28613867187505,101306.06607065209,"(416.108, 18340.0]"
2017-07-21,18,GROCERY I,1833.492,2240.6592,-407.1671796875,407.1671796875,165785.11221467293,"(416.108, 18340.0]"
2017-08-01,18,GROCERY I,4378.32,3756.3816,621.9384082031247,621.9384082031247,386807.3835982366,"(416.108, 18340.0]"
2017-08-06,18,GROCERY I,4356.758,3772.9768,583.7811933593748,583.7811933593748,340800.48172009573,"(416.108, 18340.0]"
2017-08-12,18,GROCERY I,2810.625,3172.4045,-361.779541015625,361.779541015625,130884.43629747628,"(416.108, 18340.0]"
2017-08-13,18,GROCERY I,3036.938,3606.64,-569.7018925781249,569.7018925781249,324560.2464070974,"(416.108, 18340.0]"
2017-08-15,18,GROCERY I,3024.594,2690.9563,333.63770117187505,333.63770117187505,111314.1156432534,"(416.108, 18340.0]"
2017-07-19,18,PRODUCE,1175.171,1665.8613,-490.690328125,490.690328125,240776.9981154201,"(416.108, 18340.0]"
2017-07-21,18,PRODUCE,1160.658,1487.1948,-326.5368242187501,326.5368242187501,106626.2975708669,"(416.108, 18340.0]"
2017-07-22,18,PRODUCE,2244.866,1922.7911,322.0748623046875,322.0748623046875,103732.2169285834,"(416.108, 18340.0]"
2017-07-24,18,PRODUCE,1505.72,1825.9906,-320.2706005859375,320.2706005859375,102573.25759967708,"(416.108, 18340.0]"
2017-07-28,18,PRODUCE,1032.703,1328.6329,-295.9299345703125,295.9299345703125,87574.52617478945,"(416.108, 18340.0]"
2017-07-30,18,PRODUCE,1907.132,2439.0103,-531.8782539062499,531.8782539062499,282894.47697836126,"(416.108, 18340.0]"
2017-08-02,18,PRODUCE,1291.206,1781.2048,-489.9988339843751,489.9988339843751,240098.8573060472,"(416.108, 18340.0]"
2017-08-12,18,PRODUCE,1329.457,1710.8435,-381.3865058593749,381.3865058593749,145455.666851623,"(416.108, 18340.0]"
2017-07-30,18,SCHOOL AND OFFICE SUPPLIES,59.0,382.20657,-323.2065734863281,323.2065734863281,104462.48914477322,"(13.0, 83.0]"
2017-07-22,19,BEVERAGES,3378.0,3760.918,-382.91796875,382.91796875,146626.17079162598,"(416.108, 18340.0]"
2017-07-24,19,BEVERAGES,2798.0,2268.2632,529.73681640625,529.73681640625,280621.094656229,"(416.108, 18340.0]"
2017-07-28,19,BEVERAGES,3306.0,2224.0208,1081.979248046875,1081.979248046875,1170679.093204081,"(416.108, 18340.0]"
2017-07-29,19,BEVERAGES,4170.0,3735.0376,434.96240234375,434.96240234375,189192.29145264623,"(416.108, 18340.0]"
2017-07-30,19,BEVERAGES,2474.0,3397.6438,-923.643798828125,923.643798828125,853117.8671136498,"(416.108, 18340.0]"
2017-08-06,19,BEVERAGES,2128.0,3175.2786,-1047.278564453125,1047.278564453125,1096792.3915629983,"(416.108, 18340.0]"
2017-08-07,19,BEVERAGES,3111.0,2392.397,718.60302734375,718.60302734375,516390.3109076023,"(416.108, 18340.0]"
2017-08-09,19,BEVERAGES,2481.0,2134.694,346.305908203125,346.305908203125,119927.78205639124,"(416.108, 18340.0]"
2017-08-11,19,BEVERAGES,3177.0,2595.9885,581.011474609375,581.011474609375,337574.3336277604,"(416.108, 18340.0]"
2017-08-13,19,BEVERAGES,2119.0,2746.344,-627.343994140625,627.343994140625,393560.4869843125,"(416.108, 18340.0]"
2017-07-28,19,CLEANING,1175.0,781.3609,393.63909912109375,393.63909912109375,154951.74035686627,"(416.108, 18340.0]"
2017-07-29,19,CLEANING,2257.0,1466.0941,790.9058837890625,790.9058837890625,625532.117012158,"(416.108, 18340.0]"
2017-08-06,19,CLEANING,782.0,1178.5049,-396.5048828125,396.5048828125,157216.12209415436,"(416.108, 18340.0]"
2017-08-12,19,CLEANING,1185.0,1523.1727,-338.1727294921875,338.1727294921875,114360.79497219622,"(416.108, 18340.0]"
2017-07-24,19,GROCERY I,3817.0,3408.5159,408.484130859375,408.484130859375,166859.285163939,"(416.108, 18340.0]"
2017-07-26,19,GROCERY I,3108.0,2606.0413,501.958740234375,501.958740234375,251962.5768976808,"(416.108, 18340.0]"
2017-07-28,19,GROCERY I,3551.0,2774.539,776.4609375,776.4609375,602891.5874633789,"(416.108, 18340.0]"
2017-07-29,19,GROCERY I,5770.0,4816.5977,953.40234375,953.40234375,908976.0290679932,"(416.108, 18340.0]"
2017-07-30,19,GROCERY I,3498.0,3796.2698,-298.269775390625,298.269775390625,88964.85891157389,"(416.108, 18340.0]"
2017-08-01,19,GROCERY I,3466.0,4232.4976,-766.49755859375,766.49755859375,587518.5073301792,"(416.108, 18340.0]"
2017-08-04,19,GROCERY I,3642.0,3156.2397,485.76025390625,485.76025390625,235963.02427506447,"(416.108, 18340.0]"
2017-08-06,19,GROCERY I,3069.0,3887.7505,-818.75048828125,818.75048828125,670352.3620607853,"(416.108, 18340.0]"
2017-08-08,19,GROCERY I,3475.0,2948.9116,526.08837890625,526.08837890625,276768.98242020607,"(416.108, 18340.0]"
2017-08-13,19,GROCERY I,2819.0,3349.1052,-530.105224609375,530.105224609375,281011.5491581559,"(416.108, 18340.0]"
2017-08-15,19,GROCERY I,3490.0,3092.9114,397.088623046875,397.088623046875,157679.3745532632,"(416.108, 18340.0]"
2017-07-19,20,BEVERAGES,2548.0,2838.7478,-290.747802734375,290.747802734375,84534.28479486704,"(416.108, 18340.0]"
2017-07-20,20,BEVERAGES,3023.0,2699.056,323.944091796875,323.944091796875,104939.77461010218,"(416.108, 18340.0]"
2017-07-22,20,BEVERAGES,3840.0,4319.041,-479.041015625,479.041015625,229480.2946510315,"(416.108, 18340.0]"
2017-07-27,20,BEVERAGES,2728.0,2419.3516,308.6484375,308.6484375,95263.8579711914,"(416.108, 18340.0]"
2017-07-28,20,BEVERAGES,3276.0,2758.9338,517.066162109375,517.066162109375,267357.41599851847,"(416.108, 18340.0]"
2017-07-29,20,BEVERAGES,5281.0,4357.5293,923.470703125,923.470703125,852798.1395301819,"(416.108, 18340.0]"
2017-07-30,20,BEVERAGES,6866.0,5792.062,1073.93798828125,1073.93798828125,1153342.8026735785,"(416.108, 18340.0]"
2017-08-01,20,BEVERAGES,4523.0,4130.3057,392.6943359375,392.6943359375,154208.8414773941,"(416.108, 18340.0]"
2017-08-03,20,BEVERAGES,4096.0,3431.0154,664.984619140625,664.984619140625,442204.5436936021,"(416.108, 18340.0]"
2017-08-06,20,BEVERAGES,5797.0,6692.8687,-895.86865234375,895.86865234375,802580.6422522068,"(416.108, 18340.0]"
2017-08-07,20,BEVERAGES,3356.0,3876.2336,-520.233642578125,520.233642578125,270643.0428701043,"(416.108, 18340.0]"
2017-08-08,20,BEVERAGES,3675.0,3081.6216,593.37841796875,593.37841796875,352097.9469110966,"(416.108, 18340.0]"
2017-08-10,20,BEVERAGES,4786.0,2977.0637,1808.936279296875,1808.936279296875,3272250.4625564218,"(416.108, 18340.0]"
2017-08-12,20,BEVERAGES,6375.0,5357.747,1017.2529296875,1017.2529296875,1034803.5229578018,"(416.108, 18340.0]"
2017-08-13,20,BEVERAGES,5989.0,6399.147,-410.14697265625,410.14697265625,168220.53917908669,"(416.108, 18340.0]"
2017-08-15,20,BEVERAGES,4116.0,3830.5247,285.475341796875,285.475341796875,81496.1707740426,"(416.108, 18340.0]"
2017-08-13,20,BREAD/BAKERY,1220.0,853.4572,366.5427856445313,366.5427856445313,134353.61370805278,"(416.108, 18340.0]"
2017-07-22,20,CLEANING,1653.0,1366.5151,286.48486328125,286.48486328125,82073.5768892765,"(416.108, 18340.0]"
2017-07-27,20,CLEANING,1625.0,924.348,700.6519775390625,700.6519775390625,490913.1936293989,"(416.108, 18340.0]"
2017-07-28,20,CLEANING,3819.0,1170.695,2648.305053710937,2648.305053710937,7013519.657510892,"(416.108, 18340.0]"
2017-07-29,20,CLEANING,6081.0,2158.5251,3922.474853515625,3922.474853515625,15385808.976462424,"(416.108, 18340.0]"
2017-07-30,20,CLEANING,5400.0,3470.5054,1929.49462890625,1929.49462890625,3722949.5229780674,"(416.108, 18340.0]"
2017-07-31,20,CLEANING,4508.0,2968.0957,1539.904296875,1539.904296875,2371305.243534088,"(416.108, 18340.0]"
2017-08-01,20,CLEANING,5195.0,3694.7224,1500.277587890625,1500.277587890625,2250832.840726912,"(416.108, 18340.0]"
2017-08-02,20,CLEANING,2593.0,3506.7808,-913.78076171875,913.78076171875,834995.280487299,"(416.108, 18340.0]"
2017-08-03,20,CLEANING,1751.0,2345.108,-594.10791015625,594.10791015625,352964.2089102268,"(416.108, 18340.0]"
2017-08-04,20,CLEANING,1219.0,2252.5325,-1033.532470703125,1033.532470703125,1068189.367997706,"(416.108, 18340.0]"
2017-08-05,20,CLEANING,1852.0,2588.7346,-736.734619140625,736.734619140625,542777.8990402818,"(416.108, 18340.0]"
2017-08-06,20,CLEANING,2295.0,2644.691,-349.69091796875,349.69091796875,122283.73810982704,"(416.108, 18340.0]"
2017-08-07,20,CLEANING,1350.0,1995.2834,-645.283447265625,645.283447265625,416390.72731500864,"(416.108, 18340.0]"
2017-08-12,20,CLEANING,1299.0,1621.7206,-322.7205810546875,322.7205810546875,104148.57343627512,"(416.108, 18340.0]"
2017-07-19,20,GROCERY I,3714.539,4232.0044,-517.4653945312498,517.4653945312498,267770.434537382,"(416.108, 18340.0]"
2017-07-20,20,GROCERY I,5058.82,4069.4639,989.3561328124996,989.3561328124996,978825.5575337046,"(416.108, 18340.0]"
2017-07-21,20,GROCERY I,4055.711,4440.721,-385.0101914062502,385.0101914062502,148232.84748667743,"(416.108, 18340.0]"
2017-07-23,20,GROCERY I,8553.242,7764.3833,788.8586992187502,788.8586992187502,622298.0473330986,"(416.108, 18340.0]"
2017-07-24,20,GROCERY I,4460.156,4943.463,-483.3068906250001,483.3068906250001,233585.55052560577,"(416.108, 18340.0]"
2017-07-25,20,GROCERY I,3628.195,4061.9907,-433.7957226562498,433.7957226562498,188178.728994858,"(416.108, 18340.0]"
2017-07-28,20,GROCERY I,4835.109,4400.2065,434.9024570312504,434.9024570312504,189140.14713181855,"(416.108, 18340.0]"
2017-07-30,20,GROCERY I,9797.383,8274.703,1522.6798749999998,1522.6798749999998,2318554.001730015,"(416.108, 18340.0]"
2017-07-31,20,GROCERY I,6277.477,6924.2,-646.7231953125001,646.7231953125001,418250.8913552102,"(416.108, 18340.0]"
2017-08-01,20,GROCERY I,7641.75,6384.095,1257.65478515625,1257.65478515625,1581695.558626413,"(416.108, 18340.0]"
2017-08-02,20,GROCERY I,5918.594,7040.78,-1122.18578515625,1122.18578515625,1259300.936406749,"(416.108, 18340.0]"
2017-08-03,20,GROCERY I,6725.555,5660.5103,1065.0447460937503,1065.0447460937503,1134320.311181901,"(416.108, 18340.0]"
2017-08-04,20,GROCERY I,6811.906,5734.392,1077.51391015625,1077.51391015625,1161036.2265802112,"(416.108, 18340.0]"
2017-08-06,20,GROCERY I,9520.352,10561.164,-1040.8120624999992,1040.8120624999992,1083289.7494455024,"(416.108, 18340.0]"
2017-08-07,20,GROCERY I,6555.516,6241.892,313.6239101562496,313.6239101562496,98359.95702169531,"(416.108, 18340.0]"
2017-08-09,20,GROCERY I,4300.844,4773.887,-473.04320703125,473.04320703125,223769.87571841,"(416.108, 18340.0]"
2017-08-10,20,GROCERY I,4944.68,4355.092,589.5882031250003,589.5882031250003,347614.2492641666,"(416.108, 18340.0]"
2017-08-11,20,GROCERY I,7563.633,5131.706,2431.9269453125,2431.9269453125,5914268.667336986,"(416.108, 18340.0]"
2017-08-12,20,GROCERY I,5129.797,7464.083,-2334.2860078125004,2334.2860078125004,5448891.16626922,"(416.108, 18340.0]"
2017-08-13,20,GROCERY I,7443.273,6957.51,485.76323437500014,485.76323437500014,235965.9198704613,"(416.108, 18340.0]"
2017-08-15,20,GROCERY I,4792.93,5269.8516,-476.9215624999997,476.9215624999997,227454.17677744117,"(416.108, 18340.0]"
2017-07-23,20,PRODUCE,1996.3359,1715.4066,280.92928378906254,280.92928378906254,78921.26249023563,"(416.108, 18340.0]"
2017-08-08,20,PRODUCE,1063.347,1415.6798,-352.3328095703125,352.3328095703125,124138.40869971013,"(416.108, 18340.0]"
2017-07-19,21,BEVERAGES,1794.0,2370.6125,-576.612548828125,576.612548828125,332482.03146606684,"(416.108, 18340.0]"
2017-07-20,21,BEVERAGES,1754.0,2169.4612,-415.461181640625,415.461181640625,172607.9934502244,"(416.108, 18340.0]"
2017-07-21,21,BEVERAGES,2484.0,2038.6509,445.34912109375,445.34912109375,198335.8396589756,"(416.108, 18340.0]"
2017-07-24,21,BEVERAGES,3650.0,2839.2224,810.777587890625,810.777587890625,657360.2970257401,"(416.108, 18340.0]"
2017-07-25,21,BEVERAGES,2062.0,2581.3628,-519.36279296875,519.36279296875,269737.7107203007,"(416.108, 18340.0]"
2017-07-27,21,BEVERAGES,2369.0,1983.0037,385.996337890625,385.996337890625,148993.17286497357,"(416.108, 18340.0]"
2017-07-29,21,BEVERAGES,3822.0,3363.1912,458.808837890625,458.808837890625,210505.5497265458,"(416.108, 18340.0]"
2017-07-30,21,BEVERAGES,5746.0,4338.4272,1407.57275390625,1407.57275390625,1981261.0575392249,"(416.108, 18340.0]"
2017-08-02,21,BEVERAGES,3585.0,2969.9368,615.063232421875,615.063232421875,378302.7798772454,"(416.108, 18340.0]"
2017-08-03,21,BEVERAGES,2411.0,2845.195,-434.195068359375,434.195068359375,188525.35738760236,"(416.108, 18340.0]"
2017-08-04,21,BEVERAGES,3541.0,2661.7234,879.276611328125,879.276611328125,773127.3592286706,"(416.108, 18340.0]"
2017-08-05,21,BEVERAGES,4593.0,4027.8518,565.148193359375,565.148193359375,319392.4804573655,"(416.108, 18340.0]"
2017-08-06,21,BEVERAGES,5083.0,5553.578,-470.578125,470.578125,221443.7717285156,"(416.108, 18340.0]"
2017-08-07,21,BEVERAGES,4062.0,3773.6355,288.364501953125,288.364501953125,83154.08598667383,"(416.108, 18340.0]"
2017-08-08,21,BEVERAGES,4133.0,3185.504,947.49609375,947.49609375,897748.8476715088,"(416.108, 18340.0]"
2017-08-09,21,BEVERAGES,2447.0,3115.907,-668.906982421875,668.906982421875,447436.5511327386,"(416.108, 18340.0]"
2017-08-11,21,BEVERAGES,3568.0,2707.0088,860.9912109375,860.9912109375,741305.8653116226,"(416.108, 18340.0]"
2017-08-12,21,BEVERAGES,2584.0,4022.904,-1438.904052734375,1438.904052734375,2070444.872975409,"(416.108, 18340.0]"
2017-08-13,21,BEVERAGES,3893.0,4498.917,-605.9169921875,605.9169921875,367135.4014215469,"(416.108, 18340.0]"
2017-08-15,21,BEVERAGES,3860.0,3317.02,542.97998046875,542.97998046875,294827.25918984413,"(416.108, 18340.0]"
2017-07-20,21,CLEANING,695.0,1013.47723,-318.47723388671875,318.47723388671875,101427.74850413576,"(416.108, 18340.0]"
2017-07-27,21,CLEANING,4860.0,750.727,4109.273010253906,4109.273010253906,16886124.6728012,"(416.108, 18340.0]"
2017-07-28,21,CLEANING,3498.0,2847.6775,650.322509765625,650.322509765625,422919.3667078614,"(416.108, 18340.0]"
2017-07-30,21,CLEANING,4708.0,2408.3853,2299.61474609375,2299.61474609375,5288227.980451822,"(416.108, 18340.0]"
2017-08-01,21,CLEANING,3399.0,2570.891,828.10888671875,828.10888671875,685764.3282625675,"(416.108, 18340.0]"
2017-08-02,21,CLEANING,2640.0,2979.2507,-339.250732421875,339.250732421875,115091.05944877864,"(416.108, 18340.0]"
2017-08-04,21,CLEANING,1207.0,2225.6511,-1018.651123046875,1018.651123046875,1037650.1104846596,"(416.108, 18340.0]"
2017-08-06,21,CLEANING,2199.0,2809.1316,-610.131591796875,610.131591796875,372260.5593085885,"(416.108, 18340.0]"
2017-08-07,21,CLEANING,1517.0,1894.6658,-377.665771484375,377.665771484375,142631.43495088816,"(416.108, 18340.0]"
2017-08-08,21,CLEANING,1169.0,1460.2684,-291.2684326171875,291.2684326171875,84837.2998392731,"(416.108, 18340.0]"
2017-08-10,21,CLEANING,727.0,1460.8873,-733.8873291015625,733.8873291015625,538590.6118158251,"(416.108, 18340.0]"
2017-08-11,21,CLEANING,1387.0,1106.178,280.822021484375,280.822021484375,78861.00775057077,"(416.108, 18340.0]"
2017-08-12,21,CLEANING,1285.0,1633.2886,-348.28857421875,348.28857421875,121304.93093132973,"(416.108, 18340.0]"
2017-07-31,21,EGGS,331.0,665.4094,-334.409423828125,334.409423828125,111829.66274505854,"(83.0, 416.108]"
2017-07-19,21,GROCERY I,2769.992,3209.9119,-439.9198652343748,439.9198652343748,193529.48782783048,"(416.108, 18340.0]"
2017-07-22,21,GROCERY I,4157.055,4530.3994,-373.3444140624997,373.3444140624997,139386.05151167122,"(416.108, 18340.0]"
2017-07-23,21,GROCERY I,6116.977,5719.318,397.65912890624986,397.65912890624986,158132.78280247745,"(416.108, 18340.0]"
2017-07-24,21,GROCERY I,3943.289,3584.187,359.1019882812502,359.1019882812502,128954.23798754717,"(416.108, 18340.0]"
2017-07-26,21,GROCERY I,3567.805,2876.299,691.5059277343748,691.5059277343748,478180.4480917784,"(416.108, 18340.0]"
2017-07-27,21,GROCERY I,3250.016,2918.129,331.8870937500001,331.8870937500001,110149.04299782134,"(416.108, 18340.0]"
2017-07-28,21,GROCERY I,3644.891,3060.8225,584.0684902343751,584.0684902343751,341136.0012846623,"(416.108, 18340.0]"
2017-07-29,21,GROCERY I,5252.898,4655.3013,597.5967304687501,597.5967304687501,357121.85226694,"(416.108, 18340.0]"
2017-07-30,21,GROCERY I,7775.234,6358.7734,1416.4605625000004,1416.4605625000004,2006360.5251178176,"(416.108, 18340.0]"
2017-07-31,21,GROCERY I,5021.938,5539.1113,-517.1733281249999,517.1733281249999,267468.25132388884,"(416.108, 18340.0]"
2017-08-01,21,GROCERY I,5619.891,5083.2544,536.6366054687496,536.6366054687496,287978.84632902243,"(416.108, 18340.0]"
2017-08-02,21,GROCERY I,5101.203,4328.3496,772.8533906250004,772.8533906250004,597302.3634005595,"(416.108, 18340.0]"
2017-08-03,21,GROCERY I,3795.367,4309.755,-514.3878828124998,514.3878828124998,264594.89398432605,"(416.108, 18340.0]"
2017-08-04,21,GROCERY I,4163.195,3791.262,371.9330371093747,371.9330371093747,138334.1840934035,"(416.108, 18340.0]"
2017-08-05,21,GROCERY I,5655.211,5334.445,320.76617578125024,320.76617578125024,102890.93952532792,"(416.108, 18340.0]"
2017-08-08,21,GROCERY I,4643.313,4039.8474,603.4655878906251,603.4655878906251,364170.71576817776,"(416.108, 18340.0]"
2017-08-09,21,GROCERY I,3061.906,3810.2942,-748.388189453125,748.388189453125,560084.8821129266,"(416.108, 18340.0]"
2017-08-11,21,GROCERY I,4322.703,3440.645,882.0579804687504,882.0579804687504,778026.2809086106,"(416.108, 18340.0]"
2017-08-12,21,GROCERY I,4361.945,5172.35,-810.4050976562503,810.4050976562503,656756.4223072366,"(416.108, 18340.0]"
2017-08-13,21,GROCERY I,6738.984,6074.0527,664.9312656250004,664.9312656250004,442133.5880056648,"(416.108, 18340.0]"
2017-08-15,21,GROCERY I,3965.414,4294.286,-328.8721328124998,328.8721328124998,108156.8797406425,"(416.108, 18340.0]"
2017-07-29,21,PRODUCE,1837.015,1475.4099,361.6050878906251,361.6050878906251,130758.2395883867,"(416.108, 18340.0]"
2017-08-01,21,PRODUCE,2813.866,2398.7542,415.111849609375,415.111849609375,172317.84768611635,"(416.108, 18340.0]"
2017-08-03,21,PRODUCE,854.916,1156.5367,-301.62074316406245,301.62074316406245,90975.07270684133,"(416.108, 18340.0]"
2017-08-11,21,PRODUCE,1262.278,976.43677,285.841232421875,285.841232421875,81705.21015245638,"(416.108, 18340.0]"
2017-08-12,21,PRODUCE,1167.53,1530.6602,-363.13015625,363.13015625,131863.51037814945,"(416.108, 18340.0]"
2017-07-20,22,BEVERAGES,1679.0,1270.1898,408.8101806640625,408.8101806640625,167125.76381458342,"(416.108, 18340.0]"
2017-07-21,22,BEVERAGES,1306.0,1676.9703,-370.9703369140625,370.9703369140625,137618.99087013304,"(416.108, 18340.0]"
2017-07-22,22,BEVERAGES,1317.0,1863.5073,-546.50732421875,546.50732421875,298670.255424738,"(416.108, 18340.0]"
2017-07-27,22,BEVERAGES,1672.0,1256.083,415.9169921875,415.9169921875,172986.94439029694,"(416.108, 18340.0]"
2017-07-29,22,BEVERAGES,2228.0,1657.2157,570.7843017578125,570.7843017578125,325794.7191331536,"(416.108, 18340.0]"
2017-07-31,22,BEVERAGES,2332.0,1707.2917,624.708251953125,624.708251953125,390260.4000583291,"(416.108, 18340.0]"
2017-08-04,22,BEVERAGES,2213.0,1890.1836,322.81640625,322.81640625,104210.43214416504,"(416.108, 18340.0]"
2017-08-05,22,BEVERAGES,1422.0,2356.621,-934.62109375,934.62109375,873516.5888824463,"(416.108, 18340.0]"
2017-08-07,22,BEVERAGES,2202.0,1670.541,531.458984375,531.458984375,282448.6520729065,"(416.108, 18340.0]"
2017-08-10,22,BEVERAGES,1984.0,1620.2069,363.7930908203125,363.7930908203125,132345.41292859614,"(416.108, 18340.0]"
2017-08-12,22,BEVERAGES,2243.0,1887.8279,355.172119140625,355.172119140625,126147.23421484232,"(416.108, 18340.0]"
2017-08-15,22,BEVERAGES,2193.0,1835.1497,357.850341796875,357.850341796875,128056.86712414026,"(416.108, 18340.0]"
2017-07-27,22,CLEANING,890.0,487.99283,402.0071716308594,402.0071716308594,161609.76604264323,"(416.108, 18340.0]"
2017-07-28,22,CLEANING,1294.0,545.24164,748.7583618164062,748.7583618164062,560639.0843899883,"(416.108, 18340.0]"
2017-07-29,22,CLEANING,1537.0,787.35706,749.6429443359375,749.6429443359375,561964.5439926535,"(416.108, 18340.0]"
2017-07-31,22,CLEANING,1264.0,778.1292,485.8707885742188,485.8707885742188,236070.4231897332,"(416.108, 18340.0]"
2017-08-02,22,CLEANING,1323.0,980.16895,342.8310546875,342.8310546875,117533.13205814362,"(416.108, 18340.0]"
2017-08-04,22,CLEANING,698.0,1128.925,-430.925048828125,430.925048828125,185696.39770752192,"(416.108, 18340.0]"
2017-08-05,22,CLEANING,698.0,986.9491,-288.9490966796875,288.9490966796875,83491.5804720074,"(416.108, 18340.0]"
2017-07-21,22,GROCERY I,1853.0,2271.64,-418.639892578125,418.639892578125,175259.35965782404,"(416.108, 18340.0]"
2017-07-23,22,GROCERY I,2307.0,2782.2651,-475.26513671875,475.26513671875,225876.95018029213,"(416.108, 18340.0]"
2017-07-24,22,GROCERY I,2697.0,2266.394,430.60595703125,430.60595703125,185421.49023079872,"(416.108, 18340.0]"
2017-07-25,22,GROCERY I,3242.0,2197.0908,1044.9091796875,1044.9091796875,1091835.1937952042,"(416.108, 18340.0]"
2017-07-28,22,GROCERY I,2680.0,2281.2664,398.733642578125,398.733642578125,158988.51772361994,"(416.108, 18340.0]"
2017-07-29,22,GROCERY I,3131.0,2726.8398,404.16015625,404.16015625,163345.4319000244,"(416.108, 18340.0]"
2017-07-30,22,GROCERY I,2559.0,2988.497,-429.4970703125,429.4970703125,184467.73340702057,"(416.108, 18340.0]"
2017-07-31,22,GROCERY I,3465.0,3056.1182,408.8818359375,408.8818359375,167184.35575962067,"(416.108, 18340.0]"
2017-08-01,22,GROCERY I,2792.0,3274.409,-482.408935546875,482.408935546875,232718.381095469,"(416.108, 18340.0]"
2017-08-02,22,GROCERY I,2981.0,2595.661,385.339111328125,385.339111328125,148486.2307191491,"(416.108, 18340.0]"
2017-08-04,22,GROCERY I,3107.0,2677.267,429.73291015625,429.73291015625,184670.37407135963,"(416.108, 18340.0]"
2017-08-05,22,GROCERY I,2466.0,3105.5078,-639.5078125,639.5078125,408970.2422485352,"(416.108, 18340.0]"
2017-08-08,22,GROCERY I,2259.0,2640.3416,-381.341552734375,381.341552734375,145421.3798418641,"(416.108, 18340.0]"
2017-08-09,22,GROCERY I,2733.0,2428.3772,304.622802734375,304.622802734375,92795.05194574594,"(416.108, 18340.0]"
2017-08-10,22,GROCERY I,3444.0,2384.5625,1059.4375,1059.4375,1122407.81640625,"(416.108, 18340.0]"
2017-08-11,22,GROCERY I,1855.0,2808.714,-953.714111328125,953.714111328125,909570.6061463952,"(416.108, 18340.0]"
2017-08-11,22,"LIQUOR,WINE,BEER",569.0,148.4178,420.5821990966797,420.5821990966797,176889.3861969991,"(416.108, 18340.0]"
2017-08-12,22,"LIQUOR,WINE,BEER",482.0,194.4985,287.5014953613281,287.5014953613281,82657.10983499978,"(416.108, 18340.0]"
2017-07-21,22,PRODUCE,939.38,404.73407,534.6459301757812,534.6459301757812,285846.2706535264,"(416.108, 18340.0]"
2017-07-24,22,PRODUCE,880.395,601.35443,279.04056884765623,279.04056884765623,77863.63906282358,"(416.108, 18340.0]"
2017-07-28,22,PRODUCE,1052.963,447.76764,605.1953608398437,605.1953608398437,366261.42478206864,"(416.108, 18340.0]"
2017-07-23,23,BEVERAGES,2587.0,1911.9375,675.0625,675.0625,455709.37890625,"(416.108, 18340.0]"
2017-07-24,23,BEVERAGES,1319.0,1628.5887,-309.5887451171875,309.5887451171875,95845.19110323489,"(416.108, 18340.0]"
2017-08-03,23,BEVERAGES,1241.0,1521.093,-280.093017578125,280.093017578125,78452.09849601984,"(416.108, 18340.0]"
2017-08-05,23,BEVERAGES,1213.0,1771.177,-558.177001953125,558.177001953125,311561.5655093789,"(416.108, 18340.0]"
2017-08-13,23,BEVERAGES,1305.0,1647.8055,-342.8055419921875,342.8055419921875,117515.63962055744,"(416.108, 18340.0]"
2017-07-22,23,GROCERY I,2764.0,2304.8472,459.15283203125,459.15283203125,210821.32316231728,"(416.108, 18340.0]"
2017-07-24,23,GROCERY I,2676.0,2192.3225,483.677490234375,483.677490234375,233943.91455942392,"(416.108, 18340.0]"
2017-07-26,23,GROCERY I,2327.0,2008.5796,318.42041015625,318.42041015625,101391.55760407448,"(416.108, 18340.0]"
2017-07-29,23,GROCERY I,2158.0,2752.0532,-594.05322265625,594.05322265625,352899.23134827614,"(416.108, 18340.0]"
2017-07-31,23,GROCERY I,2076.0,2683.1716,-607.171630859375,607.171630859375,368657.38932043314,"(416.108, 18340.0]"
2017-08-01,23,GROCERY I,2283.0,2623.0955,-340.095458984375,340.095458984375,115664.9212217927,"(416.108, 18340.0]"
2017-08-03,23,GROCERY I,1938.0,2301.126,-363.1259765625,363.1259765625,131860.4748544693,"(416.108, 18340.0]"
2017-08-05,23,GROCERY I,1999.0,2479.7114,-480.71142578125,480.71142578125,231083.47487664223,"(416.108, 18340.0]"
2017-08-06,23,GROCERY I,1967.0,2347.102,-380.10205078125,380.10205078125,144477.56900811195,"(416.108, 18340.0]"
2017-08-12,23,GROCERY I,1762.0,2185.7905,-423.79052734375,423.79052734375,179598.41106629372,"(416.108, 18340.0]"
2017-07-19,23,MEATS,816.984,420.93274,396.05126074218754,396.05126074218754,156856.60113547623,"(416.108, 18340.0]"
2017-07-25,23,MEATS,859.986,560.66095,299.32505029296874,299.32505029296874,89595.48573288826,"(416.108, 18340.0]"
2017-08-09,23,MEATS,1152.162,449.12607,703.0359318847657,703.0359318847657,494259.52152108087,"(416.108, 18340.0]"
2017-08-10,23,MEATS,932.507,649.3223,283.1846733398437,283.1846733398437,80193.55921459399,"(416.108, 18340.0]"
2017-08-13,23,MEATS,1065.345,750.7865,314.5585009765625,314.5585009765625,98947.05053662208,"(416.108, 18340.0]"
2017-08-15,23,MEATS,918.841,429.01636,489.824642578125,489.824642578125,239928.1804767879,"(416.108, 18340.0]"
2017-07-20,24,BEVERAGES,3755.0,2849.9404,905.0595703125,905.0595703125,819132.8258142471,"(416.108, 18340.0]"
2017-07-22,24,BEVERAGES,3850.0,4344.662,-494.662109375,494.662109375,244690.6024513245,"(416.108, 18340.0]"
2017-07-23,24,BEVERAGES,3357.0,4037.356,-680.35595703125,680.35595703125,462884.2282679081,"(416.108, 18340.0]"
2017-07-25,24,BEVERAGES,3677.0,3208.9688,468.03125,468.03125,219053.2509765625,"(416.108, 18340.0]"
2017-07-26,24,BEVERAGES,3747.0,3224.8574,522.142578125,522.142578125,272632.8718910217,"(416.108, 18340.0]"
2017-07-28,24,BEVERAGES,4077.0,3595.4214,481.57861328125,481.57861328125,231917.9607698917,"(416.108, 18340.0]"
2017-07-29,24,BEVERAGES,4912.0,4287.652,624.34814453125,624.34814453125,389810.6055796146,"(416.108, 18340.0]"
2017-07-30,24,BEVERAGES,4417.0,4050.8071,366.19287109375,366.19287109375,134097.2188398838,"(416.108, 18340.0]"
2017-08-06,24,BEVERAGES,3894.0,4329.466,-435.4658203125,435.4658203125,189630.4806604385,"(416.108, 18340.0]"
2017-08-08,24,BEVERAGES,2905.0,3241.3013,-336.30126953125,336.30126953125,113098.54388833046,"(416.108, 18340.0]"
2017-08-12,24,BEVERAGES,3498.0,4310.4434,-812.443359375,812.443359375,660064.2121925354,"(416.108, 18340.0]"
2017-08-13,24,BEVERAGES,3282.0,4001.2578,-719.2578125,719.2578125,517331.8008422852,"(416.108, 18340.0]"
2017-08-15,24,BEVERAGES,3118.0,2771.117,346.883056640625,346.883056640625,120327.85498434304,"(416.108, 18340.0]"
2017-07-22,24,CLEANING,1018.0,1324.894,-306.89404296875,306.89404296875,94183.95360970496,"(416.108, 18340.0]"
2017-07-29,24,CLEANING,1723.0,1283.638,439.362060546875,439.362060546875,193039.02024799585,"(416.108, 18340.0]"
2017-07-30,24,CLEANING,1080.0,1373.8839,-293.8839111328125,293.8839111328125,86367.75322271883,"(416.108, 18340.0]"
2017-07-22,24,DAIRY,1198.0,1522.9891,-324.9891357421875,324.9891357421875,105617.93835045396,"(416.108, 18340.0]"
2017-07-23,24,DAIRY,1066.0,1466.7626,-400.7625732421875,400.7625732421875,160610.6401116997,"(416.108, 18340.0]"
2017-08-12,24,DAIRY,1184.0,1577.9003,-393.9002685546875,393.9002685546875,155157.42156745493,"(416.108, 18340.0]"
2017-07-19,24,GROCERY I,4800.0,4162.339,637.6611328125,637.6611328125,406611.7202997208,"(416.108, 18340.0]"
2017-07-20,24,GROCERY I,4380.0,3700.9412,679.058837890625,679.058837890625,461120.9053173661,"(416.108, 18340.0]"
2017-07-21,24,GROCERY I,4885.0,4443.4478,441.55224609375,441.55224609375,194968.3860304356,"(416.108, 18340.0]"
2017-07-22,24,GROCERY I,4659.0,5312.166,-653.166015625,653.166015625,426625.84396743774,"(416.108, 18340.0]"
2017-07-23,24,GROCERY I,3408.0,4420.0596,-1012.0595703125,1012.0595703125,1024264.573861122,"(416.108, 18340.0]"
2017-07-25,24,GROCERY I,4003.0,3575.3618,427.63818359375,427.63818359375,182874.41606736183,"(416.108, 18340.0]"
2017-07-26,24,GROCERY I,4405.0,3941.0735,463.926513671875,463.926513671875,215227.8100877404,"(416.108, 18340.0]"
2017-07-31,24,GROCERY I,4471.0,4801.4897,-330.48974609375,330.48974609375,109223.47227311134,"(416.108, 18340.0]"
2017-08-03,24,GROCERY I,3525.0,4269.8477,-744.84765625,744.84765625,554798.0310211182,"(416.108, 18340.0]"
2017-08-05,24,GROCERY I,4807.0,5368.894,-561.89404296875,561.89404296875,315724.9155237675,"(416.108, 18340.0]"
2017-08-06,24,GROCERY I,4033.0,4479.135,-446.134765625,446.134765625,199036.22909927368,"(416.108, 18340.0]"
2017-08-11,24,GROCERY I,3644.0,4214.66,-570.66015625,570.66015625,325653.0139312744,"(416.108, 18340.0]"
2017-08-12,24,GROCERY I,3629.0,4719.296,-1090.2958984375,1090.2958984375,1188745.1461496353,"(416.108, 18340.0]"
2017-08-13,24,GROCERY I,3295.0,3964.7756,-669.775634765625,669.775634765625,448599.4009256959,"(416.108, 18340.0]"
2017-07-20,24,PRODUCE,3493.014,2950.1238,542.8902207031251,542.8902207031251,294729.7917350879,"(416.108, 18340.0]"
2017-07-22,24,PRODUCE,3177.191,3832.3752,-655.1842441406252,655.1842441406252,429266.3937701224,"(416.108, 18340.0]"
2017-07-23,24,PRODUCE,2682.213,3532.7683,-850.5553105468748,850.5553105468748,723444.3362994906,"(416.108, 18340.0]"
2017-07-25,24,PRODUCE,3292.957,3003.8687,289.0883476562499,289.0883476562499,83572.07275062079,"(416.108, 18340.0]"
2017-07-27,24,PRODUCE,3187.473,2841.0896,346.38340039062496,346.38340039062496,119981.460066172,"(416.108, 18340.0]"
2017-08-01,24,PRODUCE,3243.177,3726.6147,-483.43774609374987,483.43774609374987,233712.05434820493,"(416.108, 18340.0]"
2017-08-03,24,PRODUCE,2798.7031,3481.1057,-682.4026128906248,682.4026128906248,465673.326079952,"(416.108, 18340.0]"
2017-08-05,24,PRODUCE,4199.5728,3833.451,366.1218722656249,366.1218722656249,134045.22535128656,"(416.108, 18340.0]"
2017-08-07,24,PRODUCE,3608.259,3211.7605,396.498501953125,396.498501953125,157211.06205107228,"(416.108, 18340.0]"
2017-08-09,24,PRODUCE,5486.462,5798.7544,-312.2923945312496,312.2923945312496,97526.53968206164,"(416.108, 18340.0]"
2017-08-11,24,PRODUCE,3147.122,3441.7126,-294.5906464843752,294.5906464843752,86783.64899608209,"(416.108, 18340.0]"
2017-08-12,24,PRODUCE,3206.822,3613.4155,-406.5935273437499,406.5935273437499,165318.2964778327,"(416.108, 18340.0]"
2017-08-13,24,PRODUCE,3041.408,3512.4978,-471.0898027343751,471.0898027343751,221925.60224031244,"(416.108, 18340.0]"
2017-08-14,24,PRODUCE,3589.886,3262.6248,327.26124414062497,327.26124414062497,107099.92191646974,"(416.108, 18340.0]"
2017-08-15,24,PRODUCE,3651.333,3111.898,539.4350507812501,539.4350507812501,290990.1740113699,"(416.108, 18340.0]"
2017-07-22,25,BEVERAGES,4230.0,2354.453,1875.547119140625,1875.547119140625,3517676.996116698,"(416.108, 18340.0]"
2017-07-23,25,BEVERAGES,3484.0,2927.9524,556.047607421875,556.047607421875,309188.9417195916,"(416.108, 18340.0]"
2017-07-24,25,BEVERAGES,1719.0,2140.492,-421.491943359375,421.491943359375,177655.45831686258,"(416.108, 18340.0]"
2017-07-29,25,BEVERAGES,2408.0,2957.508,-549.508056640625,549.508056640625,301959.10431295633,"(416.108, 18340.0]"
2017-08-10,25,BEVERAGES,3123.0,1573.7764,1549.2236328125,1549.2236328125,2400093.86446476,"(416.108, 18340.0]"
2017-08-11,25,BEVERAGES,6318.0,2296.0886,4021.911376953125,4021.911376953125,16175771.124064982,"(416.108, 18340.0]"
2017-08-12,25,BEVERAGES,4041.0,4397.9395,-356.939453125,356.939453125,127405.77319717409,"(416.108, 18340.0]"
2017-08-13,25,BEVERAGES,2238.0,2812.719,-574.718994140625,574.718994140625,330301.9222260117,"(416.108, 18340.0]"
2017-08-11,25,BREAD/BAKERY,930.325,417.9834,512.3416015625,512.3416015625,262493.9166916275,"(416.108, 18340.0]"
2017-07-22,25,CLEANING,882.0,516.2376,365.7623901367188,365.7623901367188,133782.12603852525,"(416.108, 18340.0]"
2017-08-11,25,CLEANING,1070.0,454.65176,615.3482360839844,615.3482360839844,378653.45165167097,"(416.108, 18340.0]"
2017-07-22,25,DAIRY,982.0,598.66223,383.3377685546875,383.3377685546875,146947.84480048716,"(416.108, 18340.0]"
2017-07-23,25,DAIRY,920.0,609.0546,310.94537353515625,310.94537353515625,96687.02532291783,"(416.108, 18340.0]"
2017-08-11,25,DAIRY,1604.0,566.6501,1037.3499145507812,1037.3499145507812,1076094.8452185132,"(416.108, 18340.0]"
2017-07-21,25,GROCERY I,2288.0,1738.618,549.3819580078125,549.3819580078125,301820.53578449786,"(416.108, 18340.0]"
2017-07-22,25,GROCERY I,2984.0,2079.6858,904.314208984375,904.314208984375,817784.1885710359,"(416.108, 18340.0]"
2017-07-23,25,GROCERY I,2732.0,2064.8765,667.12353515625,667.12353515625,445053.81115937233,"(416.108, 18340.0]"
2017-07-29,25,GROCERY I,2133.0,2466.5232,-333.523193359375,333.523193359375,111237.72050863504,"(416.108, 18340.0]"
2017-07-31,25,GROCERY I,1694.0,2002.4813,-308.4813232421875,308.4813232421875,95160.72678925096,"(416.108, 18340.0]"
2017-08-01,25,GROCERY I,2194.0,1913.2617,280.73828125,280.73828125,78813.9825592041,"(416.108, 18340.0]"
2017-08-09,25,GROCERY I,1972.0,1552.377,419.623046875,419.623046875,176083.50146865845,"(416.108, 18340.0]"
2017-08-10,25,GROCERY I,2154.0,1509.1663,644.833740234375,644.833740234375,415810.5525446534,"(416.108, 18340.0]"
2017-08-11,25,GROCERY I,4433.0,1993.9437,2439.0562744140625,2439.0562744140625,5948995.509758607,"(416.108, 18340.0]"
2017-08-12,25,GROCERY I,3061.0,3590.0474,-529.04736328125,529.04736328125,279891.1125948429,"(416.108, 18340.0]"
2017-08-13,25,GROCERY I,1962.0,2335.0586,-373.05859375,373.05859375,139172.71437072754,"(416.108, 18340.0]"
2017-08-15,25,GROCERY I,1451.0,1813.1484,-362.1484375,362.1484375,131151.4907836914,"(416.108, 18340.0]"
2017-07-23,25,"LIQUOR,WINE,BEER",448.0,147.8037,300.19630432128906,300.19630432128906,90117.82112816,"(416.108, 18340.0]"
2017-08-11,25,"LIQUOR,WINE,BEER",1109.0,238.7594,870.2406005859375,870.2406005859375,757318.7029081732,"(416.108, 18340.0]"
2017-08-12,25,"LIQUOR,WINE,BEER",856.0,540.22455,315.77545166015625,315.77545166015625,99714.13587117568,"(416.108, 18340.0]"
2017-07-21,25,PRODUCE,1688.16,1367.8068,320.3532373046876,320.3532373046876,102626.19665159348,"(416.108, 18340.0]"
2017-07-22,25,PRODUCE,2339.51,1521.0277,818.4822900390627,818.4822900390627,669913.2591075884,"(416.108, 18340.0]"
2017-07-23,25,PRODUCE,2360.428,1667.2451,693.1828828124999,693.1828828124999,480502.50902424793,"(416.108, 18340.0]"
2017-07-26,25,PRODUCE,2661.476,2303.5728,357.9032460937501,357.9032460937501,128094.73356444344,"(416.108, 18340.0]"
2017-07-30,25,PRODUCE,1407.48,1714.1027,-306.6226611328125,306.6226611328125,94017.45632016756,"(416.108, 18340.0]"
2017-08-02,25,PRODUCE,2963.762,2647.499,316.26297656250017,316.26297656250017,100022.27034417252,"(416.108, 18340.0]"
2017-08-04,25,PRODUCE,1939.687,1510.9849,428.7021367187499,428.7021367187499,183785.5220272217,"(416.108, 18340.0]"
2017-08-09,25,PRODUCE,3086.091,2700.9968,385.0941738281249,385.0941738281249,148297.52271636607,"(416.108, 18340.0]"
2017-08-10,25,PRODUCE,1864.718,1150.3623,714.3556953125001,714.3556953125001,510304.0594254055,"(416.108, 18340.0]"
2017-08-11,25,PRODUCE,4266.269,1640.4681,2625.8008603515627,2625.8008603515627,6894830.158223007,"(416.108, 18340.0]"
2017-08-13,25,PRODUCE,1518.425,1987.6847,-469.25969238281255,469.25969238281255,220204.65889521185,"(416.108, 18340.0]"
2017-07-24,26,BEVERAGES,1275.0,975.6286,299.37139892578125,299.37139892578125,89623.23449477926,"(416.108, 18340.0]"
2017-07-29,26,BEVERAGES,1602.0,1271.0475,330.9525146484375,330.9525146484375,109529.56695212424,"(416.108, 18340.0]"
2017-07-30,26,BEVERAGES,1885.0,1531.9453,353.0546875,353.0546875,124647.61236572266,"(416.108, 18340.0]"
2017-08-01,26,BEVERAGES,1739.0,1242.349,496.6510009765625,496.6510009765625,246662.21677102149,"(416.108, 18340.0]"
2017-08-02,26,BEVERAGES,1562.0,1217.287,344.7130126953125,344.7130126953125,118827.06112147868,"(416.108, 18340.0]"
2017-08-03,26,BEVERAGES,515.0,1204.1256,-689.1256103515625,689.1256103515625,474894.1068424136,"(416.108, 18340.0]"
2017-08-05,26,BEVERAGES,1007.0,1368.6578,-361.6578369140625,361.6578369140625,130796.39100135864,"(416.108, 18340.0]"
2017-08-07,26,BEVERAGES,755.0,1042.5306,-287.5306396484375,287.5306396484375,82673.86873663962,"(416.108, 18340.0]"
2017-08-08,26,BEVERAGES,607.0,1026.1327,-419.1326904296875,419.1326904296875,175672.21218682826,"(416.108, 18340.0]"
2017-08-12,26,BEVERAGES,675.0,1068.1378,-393.1378173828125,393.1378173828125,154557.34345652163,"(416.108, 18340.0]"
2017-07-23,26,GROCERY I,1850.0,2304.2039,-454.203857421875,454.203857421875,206301.14409691092,"(416.108, 18340.0]"
2017-07-24,26,GROCERY I,2452.0,1586.2137,865.7862548828125,865.7862548828125,749585.8391440064,"(416.108, 18340.0]"
2017-07-31,26,GROCERY I,1788.0,2207.3906,-419.390625,419.390625,175888.49633789062,"(416.108, 18340.0]"
2017-08-01,26,GROCERY I,3132.0,1926.8992,1205.100830078125,1205.100830078125,1452268.010654986,"(416.108, 18340.0]"
2017-08-03,26,GROCERY I,1030.0,1638.6195,-608.6195068359375,608.6195068359375,370417.7041012198,"(416.108, 18340.0]"
2017-08-07,26,GROCERY I,1252.0,1913.8997,-661.899658203125,661.899658203125,438111.1575294137,"(416.108, 18340.0]"
2017-08-08,26,GROCERY I,939.0,1372.6907,-433.690673828125,433.690673828125,188087.6005654931,"(416.108, 18340.0]"
2017-08-09,26,GROCERY I,901.0,1251.2051,-350.205078125,350.205078125,122643.59674453735,"(416.108, 18340.0]"
2017-08-12,26,GROCERY I,1083.0,1707.2344,-624.234375,624.234375,389668.5549316406,"(416.108, 18340.0]"
2017-07-22,27,BEVERAGES,3322.0,3609.4827,-287.482666015625,287.482666015625,82646.28325945139,"(416.108, 18340.0]"
2017-07-23,27,BEVERAGES,4491.0,5176.0493,-685.04931640625,685.04931640625,469292.5659086704,"(416.108, 18340.0]"
2017-07-24,27,BEVERAGES,4850.0,3133.5996,1716.400390625,1716.400390625,2946030.3009376526,"(416.108, 18340.0]"
2017-07-26,27,BEVERAGES,3098.0,2671.0112,426.98876953125,426.98876953125,182319.40930581093,"(416.108, 18340.0]"
2017-07-30,27,BEVERAGES,6195.0,5542.38,652.6201171875,652.6201171875,425913.01735782623,"(416.108, 18340.0]"
2017-07-31,27,BEVERAGES,3535.0,3938.4255,-403.425537109375,403.425537109375,162752.1639919877,"(416.108, 18340.0]"
2017-08-03,27,BEVERAGES,2226.0,2634.8877,-408.8876953125,408.8876953125,167189.14737796783,"(416.108, 18340.0]"
2017-08-08,27,BEVERAGES,2188.0,2678.7224,-490.722412109375,490.722412109375,240808.48574644327,"(416.108, 18340.0]"
2017-08-11,27,BEVERAGES,3480.0,2304.4592,1175.540771484375,1175.540771484375,1381896.1054220796,"(416.108, 18340.0]"
2017-08-12,27,BEVERAGES,3112.0,3775.3723,-663.372314453125,663.372314453125,440062.82758289576,"(416.108, 18340.0]"
2017-08-13,27,BEVERAGES,4392.0,5141.533,-749.533203125,749.533203125,561800.0225868225,"(416.108, 18340.0]"
2017-08-14,27,BEVERAGES,3381.0,2891.0164,489.983642578125,489.983642578125,240083.96999412772,"(416.108, 18340.0]"
2017-08-15,27,BEVERAGES,2877.0,2588.8696,288.13037109375,288.13037109375,83019.11074662209,"(416.108, 18340.0]"
2017-07-24,27,CLEANING,1260.0,960.13055,299.86944580078125,299.86944580078125,89921.68452486768,"(416.108, 18340.0]"
2017-08-03,27,CLEANING,559.0,911.28625,-352.2862548828125,352.2862548828125,124105.60537935792,"(416.108, 18340.0]"
2017-08-12,27,CLEANING,709.0,1007.68854,-298.68853759765625,298.68853759765625,89214.84249222651,"(416.108, 18340.0]"
2017-07-23,27,DAIRY,1118.0,1589.1766,-471.1766357421875,471.1766357421875,222007.42206932604,"(416.108, 18340.0]"
2017-07-24,27,DAIRY,1490.0,993.0975,496.9025268554688,496.9025268554688,246912.12119534984,"(416.108, 18340.0]"
2017-08-06,27,DAIRY,1677.0,1380.8298,296.170166015625,296.170166015625,87716.76723772287,"(416.108, 18340.0]"
2017-08-11,27,DAIRY,1124.0,738.16956,385.8304443359375,385.8304443359375,148865.13177646697,"(416.108, 18340.0]"
2017-07-22,27,GROCERY I,3880.0,4319.765,-439.76513671875,439.76513671875,193393.37547326088,"(416.108, 18340.0]"
2017-07-23,27,GROCERY I,4874.0,5650.448,-776.4482421875,776.4482421875,602871.8727960587,"(416.108, 18340.0]"
2017-07-24,27,GROCERY I,5937.0,3823.6216,2113.37841796875,2113.37841796875,4466368.337536097,"(416.108, 18340.0]"
2017-07-25,27,GROCERY I,3945.0,3436.6396,508.3603515625,508.3603515625,258430.2470407486,"(416.108, 18340.0]"
2017-07-29,27,GROCERY I,4741.0,4458.672,282.328125,282.328125,79709.17016601562,"(416.108, 18340.0]"
2017-07-30,27,GROCERY I,7080.0,5779.4126,1300.58740234375,1300.58740234375,1691527.5911352634,"(416.108, 18340.0]"
2017-07-31,27,GROCERY I,4395.0,5061.2617,-666.26171875,666.26171875,443904.6778717041,"(416.108, 18340.0]"
2017-08-01,27,GROCERY I,4594.0,4244.9253,349.07470703125,349.07470703125,121853.15108895302,"(416.108, 18340.0]"
2017-08-03,27,GROCERY I,2658.0,3341.3206,-683.320556640625,683.320556640625,466926.9831276536,"(416.108, 18340.0]"
2017-08-07,27,GROCERY I,3977.0,4329.4155,-352.41552734375,352.41552734375,124196.7039129734,"(416.108, 18340.0]"
2017-08-08,27,GROCERY I,2859.0,3727.2505,-868.25048828125,868.25048828125,753858.910400629,"(416.108, 18340.0]"
2017-08-09,27,GROCERY I,3078.0,3459.7502,-381.750244140625,381.750244140625,145733.2489014268,"(416.108, 18340.0]"
2017-08-11,27,GROCERY I,4149.0,2932.8774,1216.12255859375,1216.12255859375,1478954.077520609,"(416.108, 18340.0]"
2017-08-12,27,GROCERY I,3540.0,4461.8013,-921.80126953125,921.80126953125,849717.5805094242,"(416.108, 18340.0]"
2017-08-13,27,GROCERY I,5220.0,5507.854,-287.85400390625,287.85400390625,82859.92756485939,"(416.108, 18340.0]"
2017-08-14,27,GROCERY I,4155.0,3861.8794,293.12060546875,293.12060546875,85919.68935036659,"(416.108, 18340.0]"
2017-08-15,27,GROCERY I,3731.0,3337.0718,393.92822265625,393.92822265625,155179.44460511208,"(416.108, 18340.0]"
2017-07-23,27,"LIQUOR,WINE,BEER",446.0,132.32443,313.6755676269531,313.6755676269531,98392.36172609124,"(416.108, 18340.0]"
2017-07-20,27,PRODUCE,1706.87,1992.1443,-285.2742871093751,285.2742871093751,81381.41888576218,"(416.108, 18340.0]"
2017-07-22,27,PRODUCE,2295.628,2838.9314,-543.3033964843748,543.3033964843748,295178.5806314578,"(416.108, 18340.0]"
2017-07-23,27,PRODUCE,2852.211,3694.9465,-842.7355332031252,842.7355332031252,710203.1789231558,"(416.108, 18340.0]"
2017-07-24,27,PRODUCE,3369.566,2513.0593,856.5066738281248,856.5066738281248,733603.6823121178,"(416.108, 18340.0]"
2017-07-30,27,PRODUCE,3773.576,3402.4585,371.11750390625,371.11750390625,137728.2017056055,"(416.108, 18340.0]"
2017-08-06,27,PRODUCE,3850.069,3377.2815,472.78750585937496,472.78750585937496,223528.02569672847,"(416.108, 18340.0]"
2017-08-11,27,PRODUCE,2945.907,2160.5916,785.3154472656252,785.3154472656252,616720.3517140088,"(416.108, 18340.0]"
2017-08-12,27,PRODUCE,2556.844,2887.0325,-330.1884707031249,330.1884707031249,109024.4261852684,"(416.108, 18340.0]"
2017-08-13,27,PRODUCE,3216.342,3528.8093,-312.4673261718749,312.4673261718749,97635.82992500086,"(416.108, 18340.0]"
2017-08-14,27,PRODUCE,2917.049,2573.4902,343.558765625,343.558765625,118032.62543777366,"(416.108, 18340.0]"
2017-07-19,28,BEVERAGES,2375.0,2705.2947,-330.294677734375,330.294677734375,109094.57413965464,"(416.108, 18340.0]"
2017-07-21,28,BEVERAGES,2004.0,2556.387,-552.386962890625,552.386962890625,305131.3567715287,"(416.108, 18340.0]"
2017-07-22,28,BEVERAGES,3267.0,3826.4985,-559.49853515625,559.49853515625,313038.6108419895,"(416.108, 18340.0]"
2017-07-23,28,BEVERAGES,3950.0,5278.9834,-1328.9833984375,1328.9833984375,1766196.8733224869,"(416.108, 18340.0]"
2017-07-24,28,BEVERAGES,4276.0,2696.553,1579.447021484375,1579.447021484375,2494652.893675864,"(416.108, 18340.0]"
2017-07-25,28,BEVERAGES,3341.0,3000.6199,340.380126953125,340.380126953125,115858.63082462548,"(416.108, 18340.0]"
2017-07-26,28,BEVERAGES,2015.0,2419.729,-404.72900390625,404.72900390625,163805.56660294533,"(416.108, 18340.0]"
2017-07-27,28,BEVERAGES,2391.0,2045.3423,345.65771484375,345.65771484375,119479.2558310032,"(416.108, 18340.0]"
2017-07-28,28,BEVERAGES,2923.0,2468.4363,454.563720703125,454.563720703125,206628.17617946863,"(416.108, 18340.0]"
2017-07-30,28,BEVERAGES,5856.0,5277.583,578.4169921875,578.4169921875,334566.21685123444,"(416.108, 18340.0]"
2017-07-31,28,BEVERAGES,3486.0,3911.1074,-425.107421875,425.107421875,180716.32013320923,"(416.108, 18340.0]"
2017-08-01,28,BEVERAGES,4502.0,4054.4104,447.589599609375,447.589599609375,200336.44967848065,"(416.108, 18340.0]"
2017-08-04,28,BEVERAGES,3174.0,2835.8953,338.104736328125,338.104736328125,114314.81272751091,"(416.108, 18340.0]"
2017-08-06,28,BEVERAGES,7153.0,5311.732,1841.26806640625,1841.26806640625,3390268.0923674107,"(416.108, 18340.0]"
2017-08-08,28,BEVERAGES,2938.0,3327.3406,-389.340576171875,389.340576171875,151586.0842538476,"(416.108, 18340.0]"
2017-08-09,28,BEVERAGES,1979.0,2666.19,-687.18994140625,687.18994140625,472230.0155699253,"(416.108, 18340.0]"
2017-08-10,28,BEVERAGES,2859.0,2346.3943,512.605712890625,512.605712890625,262764.61688810587,"(416.108, 18340.0]"
2017-08-11,28,BEVERAGES,4471.0,2930.927,1540.072998046875,1540.072998046875,2371824.83931309,"(416.108, 18340.0]"
2017-08-13,28,BEVERAGES,5036.0,5769.489,-733.48876953125,733.48876953125,538005.7750284672,"(416.108, 18340.0]"
2017-08-15,28,BEVERAGES,3660.0,3156.154,503.845947265625,503.845947265625,253860.73857599497,"(416.108, 18340.0]"
2017-07-23,28,BREAD/BAKERY,828.0,1177.0411,-349.0411376953125,349.0411376953125,121829.7158036381,"(416.108, 18340.0]"
2017-07-21,28,CLEANING,868.0,1188.731,-320.73095703125,320.73095703125,102868.34679818152,"(416.108, 18340.0]"
2017-07-23,28,CLEANING,1394.0,1701.9854,-307.9853515625,307.9853515625,94854.97677707672,"(416.108, 18340.0]"
2017-07-24,28,CLEANING,1721.0,1105.4902,615.509765625,615.509765625,378852.2715797424,"(416.108, 18340.0]"
2017-07-25,28,CLEANING,980.0,1276.8632,-296.8631591796875,296.8631591796875,88127.73527814448,"(416.108, 18340.0]"
2017-07-28,28,CLEANING,1522.0,1029.1621,492.837890625,492.837890625,242889.18643569943,"(416.108, 18340.0]"
2017-07-30,28,CLEANING,1970.0,1674.5017,295.498291015625,295.498291015625,87319.239993155,"(416.108, 18340.0]"
2017-08-01,28,CLEANING,2087.0,1584.9393,502.0606689453125,502.0606689453125,252064.91530181468,"(416.108, 18340.0]"
2017-08-04,28,CLEANING,984.0,1386.0547,-402.0546875,402.0546875,161647.97174072266,"(416.108, 18340.0]"
2017-08-06,28,CLEANING,2116.0,1721.9641,394.035888671875,394.035888671875,155264.28156143427,"(416.108, 18340.0]"
2017-08-07,28,CLEANING,1058.0,1529.5682,-471.5682373046875,471.5682373046875,222376.6024346501,"(416.108, 18340.0]"
2017-08-09,28,CLEANING,600.0,929.6934,-329.69342041015625,329.69342041015625,108697.75146174803,"(416.108, 18340.0]"
2017-08-12,28,CLEANING,1799.0,1394.5105,404.489501953125,404.489501953125,163611.7571902871,"(416.108, 18340.0]"
2017-08-13,28,CLEANING,1333.0,1943.9426,-610.942626953125,610.942626953125,373250.89342838526,"(416.108, 18340.0]"
2017-08-14,28,CLEANING,767.0,1080.7714,-313.7713623046875,313.7713623046875,98452.46780253948,"(416.108, 18340.0]"
2017-07-22,28,DAIRY,728.0,1007.43604,-279.43603515625,279.43603515625,78084.49774384499,"(416.108, 18340.0]"
2017-07-23,28,DAIRY,1059.0,1622.6208,-563.620849609375,563.620849609375,317668.4621143937,"(416.108, 18340.0]"
2017-07-24,28,DAIRY,1372.0,834.25494,537.7450561523438,537.7450561523438,289169.74541628733,"(416.108, 18340.0]"
2017-08-06,28,DAIRY,1910.0,1320.7517,589.248291015625,589.248291015625,347213.5484648347,"(416.108, 18340.0]"
2017-08-07,28,DAIRY,722.0,1024.8871,-302.8870849609375,302.8870849609375,91740.58623613416,"(416.108, 18340.0]"
2017-07-21,28,GROCERY I,2813.398,3507.2195,-693.8214824218749,693.8214824218749,481388.249470088,"(416.108, 18340.0]"
2017-07-22,28,GROCERY I,3871.336,5181.004,-1309.6679062500002,1309.6679062500002,1715230.0246612593,"(416.108, 18340.0]"
2017-07-23,28,GROCERY I,5176.313,5824.4775,-648.1645390624999,648.1645390624999,420117.26969810296,"(416.108, 18340.0]"
2017-07-24,28,GROCERY I,6119.406,3780.0356,2339.37035546875,2339.37035546875,5472653.660045985,"(416.108, 18340.0]"
2017-07-26,28,GROCERY I,2806.117,3226.965,-420.8480878906248,420.8480878906248,177113.11308119507,"(416.108, 18340.0]"
2017-07-28,28,GROCERY I,4097.297,3346.7441,750.5528593749996,750.5528593749996,563329.5947159879,"(416.108, 18340.0]"
2017-07-29,28,GROCERY I,5413.398,4866.459,546.9390156250001,546.9390156250001,299142.28681284416,"(416.108, 18340.0]"
2017-07-30,28,GROCERY I,8365.445,6804.6953,1560.7496874999997,1560.7496874999997,2435939.5870313467,"(416.108, 18340.0]"
2017-07-31,28,GROCERY I,5370.203,5845.4766,-475.2735624999996,475.2735624999996,225884.959211441,"(416.108, 18340.0]"
2017-08-01,28,GROCERY I,7927.625,6231.5737,1696.05126953125,1696.05126953125,2876589.908878565,"(416.108, 18340.0]"
2017-08-03,28,GROCERY I,4492.883,6503.7456,-2010.8626054687504,2010.8626054687504,4043568.4180725706,"(416.108, 18340.0]"
2017-08-06,28,GROCERY I,9061.992,7204.009,1857.9832109375,1857.9832109375,3452101.6121256235,"(416.108, 18340.0]"
2017-08-07,28,GROCERY I,3864.461,4942.9663,-1078.5053085937502,1078.5053085937502,1163173.7006649005,"(416.108, 18340.0]"
2017-08-08,28,GROCERY I,4040.906,4388.994,-348.08814062500005,348.08814062500005,121165.3536437698,"(416.108, 18340.0]"
2017-08-09,28,GROCERY I,2973.844,3428.4412,-454.59716210937495,454.59716210937495,206658.5797978973,"(416.108, 18340.0]"
2017-08-10,28,GROCERY I,3441.32,3063.4897,377.83025390625016,377.83025390625016,142755.70076686147,"(416.108, 18340.0]"
2017-08-11,28,GROCERY I,5148.172,3588.085,1560.0870390624996,1560.0870390624996,2433871.569450797,"(416.108, 18340.0]"
2017-08-12,28,GROCERY I,9841.523,5572.898,4268.625050781249,4268.625050781249,18221159.824157223,"(416.108, 18340.0]"
2017-08-13,28,GROCERY I,11002.664,7218.321,3784.343199218751,3784.343199218751,14321253.44947321,"(416.108, 18340.0]"
2017-08-14,28,GROCERY I,6050.031,5195.5767,854.45433984375,854.45433984375,730092.2188778186,"(416.108, 18340.0]"
2017-08-01,28,PERSONAL CARE,749.0,449.65216,299.34783935546875,299.34783935546875,89609.12892678753,"(416.108, 18340.0]"
2017-07-23,28,PRODUCE,1612.462,2300.1855,-687.723546875,687.723546875,472963.6769263303,"(416.108, 18340.0]"
2017-07-24,28,PRODUCE,2022.206,1330.4755,691.7305361328124,691.7305361328124,478491.1346185881,"(416.108, 18340.0]"
2017-07-25,28,PRODUCE,2476.395,2917.6304,-441.23537109375,441.23537109375,194688.6527042393,"(416.108, 18340.0]"
2017-07-30,28,PRODUCE,2376.174,1955.204,420.9700205078125,420.9700205078125,177215.75816634807,"(416.108, 18340.0]"
2017-08-01,28,PRODUCE,3717.265,3095.3132,621.9517675781249,621.9517675781249,386824.00119355385,"(416.108, 18340.0]"
2017-08-02,28,PRODUCE,1221.743,1803.5258,-581.7827568359376,581.7827568359376,338471.17615162366,"(416.108, 18340.0]"
2017-08-04,28,PRODUCE,827.753,1219.083,-391.3300078125,391.3300078125,153139.17501453127,"(416.108, 18340.0]"
2017-08-05,28,PRODUCE,1316.996,1627.6383,-310.6423056640624,310.6423056640624,96498.64206828478,"(416.108, 18340.0]"
2017-08-06,28,PRODUCE,2376.616,1844.8862,531.72976953125,531.72976953125,282736.5478057562,"(416.108, 18340.0]"
2017-08-11,28,PRODUCE,1563.95,976.8382,587.1118041992188,587.1118041992188,344700.2706300618,"(416.108, 18340.0]"
2017-08-15,28,PRODUCE,3322.75,2826.026,496.72412109375,496.72412109375,246734.8524763584,"(416.108, 18340.0]"
2017-07-20,29,BEVERAGES,2524.0,2215.1426,308.857421875,308.857421875,95392.90704727171,"(416.108, 18340.0]"
2017-07-21,29,BEVERAGES,1708.0,2404.7212,-696.72119140625,696.72119140625,485420.4185545445,"(416.108, 18340.0]"
2017-07-22,29,BEVERAGES,2587.0,3108.489,-521.489013671875,521.489013671875,271950.79138046503,"(416.108, 18340.0]"
2017-07-23,29,BEVERAGES,2923.0,4475.2446,-1552.24462890625,1552.24462890625,2409463.387968302,"(416.108, 18340.0]"
2017-07-24,29,BEVERAGES,3701.0,2482.6567,1218.34326171875,1218.34326171875,1484360.3033754826,"(416.108, 18340.0]"
2017-07-26,29,BEVERAGES,2398.0,2025.6461,372.3538818359375,372.3538818359375,138647.4133182913,"(416.108, 18340.0]"
2017-07-28,29,BEVERAGES,2581.0,2139.4675,441.532470703125,441.532470703125,194950.92268520597,"(416.108, 18340.0]"
2017-07-29,29,BEVERAGES,3669.0,3083.6792,585.32080078125,585.32080078125,342600.4398272037,"(416.108, 18340.0]"
2017-07-30,29,BEVERAGES,5738.0,4426.349,1311.65087890625,1311.65087890625,1720428.028135538,"(416.108, 18340.0]"
2017-08-03,29,BEVERAGES,3537.0,2855.0974,681.902587890625,681.902587890625,464991.1393719316,"(416.108, 18340.0]"
2017-08-06,29,BEVERAGES,5537.0,4636.9766,900.0234375,900.0234375,810042.1880493164,"(416.108, 18340.0]"
2017-08-07,29,BEVERAGES,2899.0,3334.5608,-435.560791015625,435.560791015625,189713.20267015696,"(416.108, 18340.0]"
2017-08-08,29,BEVERAGES,3681.0,2770.6377,910.3623046875,910.3623046875,828759.5257959366,"(416.108, 18340.0]"
2017-08-10,29,BEVERAGES,2242.0,2588.6377,-346.6376953125,346.6376953125,120157.69181156158,"(416.108, 18340.0]"
2017-08-11,29,BEVERAGES,3695.0,2596.7612,1098.23876953125,1098.23876953125,1206128.394901514,"(416.108, 18340.0]"
2017-08-12,29,BEVERAGES,2929.0,3750.1316,-821.131591796875,821.131591796875,674257.0910468698,"(416.108, 18340.0]"
2017-08-13,29,BEVERAGES,4674.0,5017.643,-343.64306640625,343.64306640625,118090.55708909036,"(416.108, 18340.0]"
2017-08-14,29,BEVERAGES,2676.0,2984.6145,-308.614501953125,308.614501953125,95242.9108157754,"(416.108, 18340.0]"
2017-08-15,29,BEVERAGES,3765.0,3225.0293,539.970703125,539.970703125,291568.3602333069,"(416.108, 18340.0]"
2017-07-23,29,BREAD/BAKERY,555.0,977.99,-422.989990234375,422.989990234375,178920.53183847666,"(416.108, 18340.0]"
2017-07-30,29,BREAD/BAKERY,1369.0,908.4894,460.5106201171875,460.5106201171875,212070.03124071655,"(416.108, 18340.0]"
2017-08-15,29,BREAD/BAKERY,1180.0,644.4723,535.5277099609375,535.5277099609375,286789.928136006,"(416.108, 18340.0]"
2017-07-22,29,CLEANING,874.0,1173.5079,-299.5079345703125,299.5079345703125,89705.0028705746,"(416.108, 18340.0]"
2017-07-23,29,CLEANING,1045.0,1463.1729,-418.1728515625,418.1728515625,174868.53378391266,"(416.108, 18340.0]"
2017-07-30,29,CLEANING,1751.0,1327.3231,423.6768798828125,423.6768798828125,179502.09854723513,"(416.108, 18340.0]"
2017-08-07,29,CLEANING,744.0,1083.2954,-339.29541015625,339.29541015625,115121.37535309792,"(416.108, 18340.0]"
2017-07-23,29,DAIRY,749.0,1210.6115,-461.6114501953125,461.6114501953125,213085.13095141947,"(416.108, 18340.0]"
2017-07-24,29,DAIRY,1057.0,714.19696,342.80303955078125,342.80303955078125,117513.9239252545,"(416.108, 18340.0]"
2017-08-06,29,DAIRY,1515.0,1072.6694,442.33056640625,442.33056640625,195656.32997727397,"(416.108, 18340.0]"
2017-07-21,29,GROCERY I,2545.078,2998.7375,-453.659548828125,453.659548828125,205806.98624293797,"(416.108, 18340.0]"
2017-07-23,29,GROCERY I,3712.125,5329.299,-1617.173828125,1617.173828125,2615251.190372467,"(416.108, 18340.0]"
2017-07-24,29,GROCERY I,4389.43,3349.87,1039.5598828125003,1039.5598828125003,1080684.749953139,"(416.108, 18340.0]"
2017-07-27,29,GROCERY I,3444.891,2779.9504,664.9405605468751,664.9405605468751,442145.9490603925,"(416.108, 18340.0]"
2017-07-29,29,GROCERY I,4773.852,4107.446,666.4061992187499,666.4061992187499,444097.22235718014,"(416.108, 18340.0]"
2017-07-30,29,GROCERY I,7025.07,5326.398,1698.6720507812497,1698.6720507812497,2885486.7361053764,"(416.108, 18340.0]"
2017-08-01,29,GROCERY I,5728.578,5406.4727,322.10534375000043,322.10534375000043,103751.85247230594,"(416.108, 18340.0]"
2017-08-02,29,GROCERY I,3797.094,4107.877,-310.78295312499995,310.78295312499995,96586.04395309593,"(416.108, 18340.0]"
2017-08-03,29,GROCERY I,4250.5,3219.1128,1031.38720703125,1031.38720703125,1063759.5708277223,"(416.108, 18340.0]"
2017-08-05,29,GROCERY I,4853.352,4504.471,348.88080859374986,348.88080859374986,121717.81860502872,"(416.108, 18340.0]"
2017-08-06,29,GROCERY I,6525.016,5687.4917,837.5243007812496,837.5243007812496,701446.9543991211,"(416.108, 18340.0]"
2017-08-07,29,GROCERY I,3783.742,4174.3276,-390.5856367187498,390.5856367187498,152557.1396109912,"(416.108, 18340.0]"
2017-08-11,29,GROCERY I,3915.594,2988.848,926.746099609375,926.746099609375,858858.3331411897,"(416.108, 18340.0]"
2017-08-12,29,GROCERY I,3924.672,4555.8135,-631.1414765625,631.1414765625,398339.5634374927,"(416.108, 18340.0]"
2017-08-15,29,GROCERY I,4566.328,3610.35,955.9779023437504,955.9779023437504,913893.7497695572,"(416.108, 18340.0]"
2017-07-24,29,PERSONAL CARE,519.0,202.3507,316.64930725097656,316.64930725097656,100266.78378252336,"(416.108, 18340.0]"
2017-08-01,29,PERSONAL CARE,695.0,374.56485,320.4351501464844,320.4351501464844,102678.6854494,"(416.108, 18340.0]"
2017-07-23,29,PRODUCE,1313.062,1693.6426,-380.5805781250001,380.5805781250001,144841.5764459593,"(416.108, 18340.0]"
2017-07-24,29,PRODUCE,1352.947,1071.4762,281.4708037109374,281.4708037109374,79225.81334168105,"(416.108, 18340.0]"
2017-07-25,29,PRODUCE,2145.34,2539.0625,-393.7224999999999,393.7224999999999,155017.40700624988,"(416.108, 18340.0]"
2017-07-22,30,BEVERAGES,3773.0,1390.7032,2382.2967529296875,2382.2967529296875,5675337.8190193325,"(416.108, 18340.0]"
2017-07-23,30,BEVERAGES,1098.0,2196.7415,-1098.741455078125,1098.741455078125,1207232.7851071954,"(416.108, 18340.0]"
2017-07-27,30,BEVERAGES,2262.0,1223.6746,1038.325439453125,1038.325439453125,1078119.7182155252,"(416.108, 18340.0]"
2017-07-30,30,BEVERAGES,2028.0,1517.9915,510.008544921875,510.008544921875,260108.7158933282,"(416.108, 18340.0]"
2017-08-01,30,BEVERAGES,2377.0,1762.6177,614.38232421875,614.38232421875,377465.6403124333,"(416.108, 18340.0]"
2017-08-04,30,BEVERAGES,1079.0,1375.1005,-296.1004638671875,296.1004638671875,87675.48470236361,"(416.108, 18340.0]"
2017-08-06,30,BEVERAGES,1928.0,1612.0394,315.9605712890625,315.9605712890625,99831.08260931076,"(416.108, 18340.0]"
2017-08-08,30,BEVERAGES,1300.0,1590.8497,-290.8497314453125,290.8497314453125,84593.5662818104,"(416.108, 18340.0]"
2017-08-09,30,BEVERAGES,1699.0,1198.0692,500.9307861328125,500.9307861328125,250931.65249563757,"(416.108, 18340.0]"
2017-08-10,30,BEVERAGES,1195.0,1501.5847,-306.584716796875,306.584716796875,93994.18857342003,"(416.108, 18340.0]"
2017-08-14,30,BEVERAGES,1175.0,1595.5786,-420.57861328125,420.57861328125,176886.36994957924,"(416.108, 18340.0]"
2017-08-15,30,BEVERAGES,4052.0,1306.5398,2745.460205078125,2745.460205078125,7537551.73766762,"(416.108, 18340.0]"
2017-07-24,30,CLEANING,431.0,723.9068,-292.90679931640625,292.90679931640625,85794.39308578148,"(416.108, 18340.0]"
2017-07-27,30,CLEANING,1898.0,409.296,1488.7040100097656,1488.7040100097656,2216239.6294191564,"(416.108, 18340.0]"
2017-07-28,30,CLEANING,1225.0,770.50433,454.4956665039063,454.4956665039063,206566.31087083,"(416.108, 18340.0]"
2017-07-29,30,CLEANING,1243.0,757.5491,485.450927734375,485.450927734375,235662.60323816535,"(416.108, 18340.0]"
2017-08-01,30,CLEANING,2544.0,668.64734,1875.3526611328125,1875.3526611328125,3516947.603617921,"(416.108, 18340.0]"
2017-08-04,30,CLEANING,504.0,1173.0764,-669.076416015625,669.076416015625,447663.2504683137,"(416.108, 18340.0]"
2017-08-05,30,CLEANING,509.0,1000.7257,-491.7257080078125,491.7257080078125,241794.17191578448,"(416.108, 18340.0]"
2017-07-19,30,GROCERY I,2657.0,1706.8865,950.113525390625,950.113525390625,902715.7111302018,"(416.108, 18340.0]"
2017-07-20,30,GROCERY I,1498.0,2390.9548,-892.954833984375,892.954833984375,797368.3355360627,"(416.108, 18340.0]"
2017-07-22,30,GROCERY I,3418.0,2063.7532,1354.246826171875,1354.246826171875,1833984.4661965969,"(416.108, 18340.0]"
2017-07-23,30,GROCERY I,1499.0,2351.7803,-852.7802734375,852.7802734375,727234.1947641373,"(416.108, 18340.0]"
2017-07-27,30,GROCERY I,5453.0,1823.7463,3629.253662109375,3629.253662109375,13171482.14393431,"(416.108, 18340.0]"
2017-07-28,30,GROCERY I,1577.0,3018.5322,-1441.5322265625,1441.5322265625,2078015.1602182388,"(416.108, 18340.0]"
2017-07-29,30,GROCERY I,1726.0,2293.46,-567.4599609375,567.4599609375,322010.807267189,"(416.108, 18340.0]"
2017-08-03,30,GROCERY I,3520.0,2306.1177,1213.88232421875,1213.88232421875,1473510.2970507145,"(416.108, 18340.0]"
2017-08-04,30,GROCERY I,1513.0,2241.9524,-728.952392578125,728.952392578125,531371.5906453729,"(416.108, 18340.0]"
2017-08-07,30,GROCERY I,2769.0,1804.9957,964.0042724609376,964.0042724609376,929304.2373229414,"(416.108, 18340.0]"
2017-08-08,30,GROCERY I,1945.0,2319.716,-374.716064453125,374.716064453125,140412.12895923853,"(416.108, 18340.0]"
2017-08-09,30,GROCERY I,1637.0,1947.6729,-310.6728515625,310.6728515625,96517.62069797516,"(416.108, 18340.0]"
2017-08-10,30,GROCERY I,2066.0,3048.0188,-982.018798828125,982.018798828125,964360.9212518334,"(416.108, 18340.0]"
2017-08-15,30,GROCERY I,3306.0,1977.3771,1328.6229248046875,1328.6229248046875,1765238.8763165623,"(416.108, 18340.0]"
2017-07-22,30,HOME CARE,495.0,141.32379,353.6762084960937,353.6762084960937,125086.86045617238,"(416.108, 18340.0]"
2017-07-25,30,HOME CARE,501.0,152.37885,348.62115478515625,348.62115478515625,121536.70956373589,"(416.108, 18340.0]"
2017-07-19,30,PRODUCE,378.83398,659.99384,-281.15985544921875,281.15985544921875,79050.86431622559,"(83.0, 416.108]"
2017-07-19,31,BEVERAGES,1984.0,4249.42,-2265.419921875,2265.419921875,5132127.422428131,"(416.108, 18340.0]"
2017-07-22,31,BEVERAGES,2491.0,3293.9207,-802.920654296875,802.920654296875,644681.5770965219,"(416.108, 18340.0]"
2017-07-23,31,BEVERAGES,3834.0,4868.4727,-1034.47265625,1034.47265625,1070133.676528931,"(416.108, 18340.0]"
2017-07-24,31,BEVERAGES,2680.0,3400.9326,-720.9326171875,720.9326171875,519743.8385248184,"(416.108, 18340.0]"
2017-07-25,31,BEVERAGES,4297.0,2545.9475,1751.052490234375,1751.052490234375,3066184.823556006,"(416.108, 18340.0]"
2017-07-27,31,BEVERAGES,2436.0,2085.8752,350.124755859375,350.124755859375,122587.34466558696,"(416.108, 18340.0]"
2017-07-28,31,BEVERAGES,3196.0,2288.4924,907.507568359375,907.507568359375,823569.9866295457,"(416.108, 18340.0]"
2017-07-29,31,BEVERAGES,4201.0,3336.9766,864.0234375,864.0234375,746536.5005493164,"(416.108, 18340.0]"
2017-07-30,31,BEVERAGES,5095.0,4431.9097,663.09033203125,663.09033203125,439688.78843331337,"(416.108, 18340.0]"
2017-07-31,31,BEVERAGES,3376.0,4158.845,-782.84521484375,782.84521484375,612846.6304037571,"(416.108, 18340.0]"
2017-08-01,31,BEVERAGES,4436.0,3625.2407,810.75927734375,810.75927734375,657330.6057989597,"(416.108, 18340.0]"
2017-08-02,31,BEVERAGES,3297.0,3604.2744,-307.2744140625,307.2744140625,94417.5655374527,"(416.108, 18340.0]"
2017-08-05,31,BEVERAGES,3921.0,3572.5117,348.48828125,348.48828125,121444.0821685791,"(416.108, 18340.0]"
2017-08-06,31,BEVERAGES,5854.0,5195.359,658.64111328125,658.64111328125,433808.1161043644,"(416.108, 18340.0]"
2017-08-08,31,BEVERAGES,3260.0,3649.9912,-389.9912109375,389.9912109375,152093.14460849762,"(416.108, 18340.0]"
2017-08-11,31,BEVERAGES,5050.0,2916.6106,2133.389404296875,2133.389404296875,4551350.350366175,"(416.108, 18340.0]"
2017-08-12,31,BEVERAGES,2757.0,4187.224,-1430.22412109375,1430.22412109375,2045541.0365583897,"(416.108, 18340.0]"
2017-08-13,31,BEVERAGES,4169.0,4628.314,-459.31396484375,459.31396484375,210969.3183004856,"(416.108, 18340.0]"
2017-08-14,31,BEVERAGES,3948.0,3410.3623,537.6376953125,537.6376953125,289054.2914209366,"(416.108, 18340.0]"
2017-08-15,31,BEVERAGES,3981.0,3531.076,449.924072265625,449.924072265625,202431.67080408332,"(416.108, 18340.0]"
2017-07-23,31,CLEANING,1437.0,1770.6583,-333.6583251953125,333.6583251953125,111327.87797214092,"(416.108, 18340.0]"
2017-07-27,31,CLEANING,3500.0,866.2236,2633.776428222656,2633.776428222656,6936778.273861293,"(416.108, 18340.0]"
2017-07-28,31,CLEANING,1309.0,1612.637,-303.636962890625,303.636962890625,92195.40523344278,"(416.108, 18340.0]"
2017-07-29,31,CLEANING,2691.0,1688.3462,1002.65380859375,1002.65380859375,1005314.6598875524,"(416.108, 18340.0]"
2017-07-31,31,CLEANING,1164.0,1585.9514,-421.951416015625,421.951416015625,178042.99747759104,"(416.108, 18340.0]"
2017-08-01,31,CLEANING,2533.0,1547.069,985.9310302734376,985.9310302734376,972059.996456042,"(416.108, 18340.0]"
2017-08-02,31,CLEANING,2419.0,1789.0687,629.9312744140625,629.9312744140625,396813.4104849249,"(416.108, 18340.0]"
2017-08-04,31,CLEANING,1193.0,1731.2849,-538.284912109375,538.284912109375,289750.6466045976,"(416.108, 18340.0]"
2017-08-09,31,CLEANING,764.0,1153.0714,-389.0714111328125,389.0714111328125,151376.562960878,"(416.108, 18340.0]"
2017-08-10,31,CLEANING,800.0,1350.9951,-550.9951171875,550.9951171875,303595.61916446686,"(416.108, 18340.0]"
2017-08-12,31,CLEANING,1250.0,1621.1882,-371.188232421875,371.188232421875,137780.7038884759,"(416.108, 18340.0]"
2017-08-13,31,CLEANING,1349.0,1764.8022,-415.80224609375,415.80224609375,172891.50785660744,"(416.108, 18340.0]"
2017-07-19,31,GROCERY I,3846.0,3397.8652,448.134765625,448.134765625,200824.76816177368,"(416.108, 18340.0]"
2017-07-21,31,GROCERY I,3480.859,3781.0054,-300.1463710937501,300.1463710937501,90087.84408074712,"(416.108, 18340.0]"
2017-07-25,31,GROCERY I,4216.219,3665.9023,550.31665625,550.31665625,302848.4221461807,"(416.108, 18340.0]"
2017-07-26,31,GROCERY I,3078.656,3535.9636,-457.3076230468751,457.3076230468751,209130.2620967828,"(416.108, 18340.0]"
2017-07-27,31,GROCERY I,4061.227,3152.3872,908.83979296875,908.83979296875,825989.7692834801,"(416.108, 18340.0]"
2017-07-28,31,GROCERY I,4203.0,3574.37,628.6298828125,628.6298828125,395175.5295648575,"(416.108, 18340.0]"
2017-07-29,31,GROCERY I,5869.867,5242.1445,627.7224687500002,627.7224687500002,394035.497773595,"(416.108, 18340.0]"
2017-07-30,31,GROCERY I,6865.313,6326.723,538.5898554687501,538.5898554687501,290079.03241384914,"(416.108, 18340.0]"
2017-07-31,31,GROCERY I,5053.391,5355.4946,-302.1036289062504,302.1036289062504,91266.60259832544,"(416.108, 18340.0]"
2017-08-01,31,GROCERY I,6847.32,5578.1187,1269.2013476562497,1269.2013476562497,1610872.0608924404,"(416.108, 18340.0]"
2017-08-02,31,GROCERY I,5538.664,4977.424,561.2401718749998,561.2401718749998,314990.5305262793,"(416.108, 18340.0]"
2017-08-04,31,GROCERY I,5513.344,4080.0127,1433.3313046875,1433.3313046875,2054438.628997171,"(416.108, 18340.0]"
2017-08-06,31,GROCERY I,6324.0,6849.124,-525.1240234375,525.1240234375,275755.23999118805,"(416.108, 18340.0]"
2017-08-09,31,GROCERY I,4669.398,3897.04,772.3579609375001,772.3579609375001,596536.819823533,"(416.108, 18340.0]"
2017-08-10,31,GROCERY I,3327.578,3738.8958,-411.317751953125,411.317751953125,169182.2930717725,"(416.108, 18340.0]"
2017-08-12,31,GROCERY I,4703.273,5172.447,-469.17377734374986,469.17377734374986,220124.03334700255,"(416.108, 18340.0]"
2017-08-14,31,GROCERY I,3883.875,4578.197,-694.32177734375,694.32177734375,482082.730493784,"(416.108, 18340.0]"
2017-08-15,31,GROCERY I,4616.0,4291.3223,324.677734375,324.677734375,105415.63119888306,"(416.108, 18340.0]"
2017-07-26,31,PRODUCE,852.611,1138.8883,-286.2773056640625,286.2773056640625,81954.69573827507,"(416.108, 18340.0]"
2017-08-01,31,PRODUCE,3423.786,3055.101,368.68492578125006,368.68492578125006,135928.57449832588,"(416.108, 18340.0]"
2017-08-02,31,PRODUCE,1049.424,1375.0881,-325.664134765625,325.664134765625,106057.12867264316,"(416.108, 18340.0]"
2017-07-23,32,BEVERAGES,821.0,1182.5758,-361.5758056640625,361.5758056640625,130737.06324161588,"(416.108, 18340.0]"
2017-07-29,32,BEVERAGES,2139.0,967.7375,1171.2625122070312,1171.2625122070312,1371855.872501526,"(416.108, 18340.0]"
2017-08-01,32,BEVERAGES,1480.0,1155.385,324.614990234375,324.614990234375,105374.89188486338,"(416.108, 18340.0]"
2017-08-08,32,BEVERAGES,1791.0,1228.691,562.3089599609375,562.3089599609375,316191.3664523512,"(416.108, 18340.0]"
2017-08-09,32,BEVERAGES,745.0,1170.1011,-425.10107421875,425.10107421875,180710.9233019352,"(416.108, 18340.0]"
2017-08-11,32,BEVERAGES,2050.0,880.98474,1169.0152587890625,1169.0152587890625,1366596.6752816588,"(416.108, 18340.0]"
2017-08-12,32,BEVERAGES,969.0,1674.2627,-705.2626953125,705.2626953125,497395.4693994522,"(416.108, 18340.0]"
2017-07-23,32,CLEANING,330.0,716.3596,-386.359619140625,386.359619140625,149273.7553024888,"(83.0, 416.108]"
2017-07-24,32,CLEANING,1137.0,376.0675,760.9324951171875,760.9324951171875,579018.2621252686,"(416.108, 18340.0]"
2017-07-26,32,CLEANING,707.0,365.17462,341.82537841796875,341.82537841796875,116844.58933058754,"(416.108, 18340.0]"
2017-07-27,32,CLEANING,1326.0,431.10995,894.8900451660156,894.8900451660156,800828.1929372335,"(416.108, 18340.0]"
2017-07-28,32,CLEANING,1256.0,605.41156,650.5884399414062,650.5884399414062,423265.3181853928,"(416.108, 18340.0]"
2017-07-29,32,CLEANING,2014.0,790.5539,1223.4461059570312,1223.4461059570312,1496820.374181423,"(416.108, 18340.0]"
2017-07-30,32,CLEANING,520.0,991.5215,-471.521484375,471.521484375,222332.51022720337,"(416.108, 18340.0]"
2017-08-01,32,CLEANING,1675.0,765.32623,909.6737670898438,909.6737670898438,827506.3625314273,"(416.108, 18340.0]"
2017-08-02,32,CLEANING,2598.0,1032.889,1565.1109619140625,1565.1109619140625,2449572.323103562,"(416.108, 18340.0]"
2017-08-03,32,CLEANING,858.0,1648.0905,-790.0904541015625,790.0904541015625,624242.9256624132,"(416.108, 18340.0]"
2017-08-04,32,CLEANING,417.0,1023.0192,-606.0192260742188,606.0192260742188,367259.3023715951,"(416.108, 18340.0]"
2017-08-06,32,CLEANING,492.0,1034.9998,-542.999755859375,542.999755859375,294848.73486334085,"(416.108, 18340.0]"
2017-08-07,32,CLEANING,286.0,707.76666,-421.76666259765625,421.76666259765625,177887.1176787652,"(83.0, 416.108]"
2017-08-08,32,CLEANING,333.0,813.4518,-480.4517822265625,480.4517822265625,230833.91504468024,"(83.0, 416.108]"
2017-08-09,32,CLEANING,352.0,977.75,-625.75,625.75,391563.0625,"(83.0, 416.108]"
2017-08-15,32,CLEANING,789.0,501.83566,287.1643371582031,287.1643371582031,82463.35653551016,"(416.108, 18340.0]"
2017-08-07,32,EGGS,697.0,404.04382,292.9561767578125,292.9561767578125,85823.32150055468,"(416.108, 18340.0]"
2017-07-19,32,GROCERY I,1087.0,1370.6078,-283.6077880859375,283.6077880859375,80433.37746299803,"(416.108, 18340.0]"
2017-07-23,32,GROCERY I,1314.0,1760.688,-446.68798828125,446.68798828125,199530.1588747501,"(416.108, 18340.0]"
2017-07-27,32,GROCERY I,1607.0,1155.636,451.364013671875,451.364013671875,203729.47283798456,"(416.108, 18340.0]"
2017-07-29,32,GROCERY I,2339.0,1714.1653,624.834716796875,624.834716796875,390418.423314631,"(416.108, 18340.0]"
2017-07-30,32,GROCERY I,2367.0,1963.7865,403.2135009765625,403.2135009765625,162581.12736977637,"(416.108, 18340.0]"
2017-08-04,32,GROCERY I,1892.0,1575.2288,316.771240234375,316.771240234375,100344.01863962412,"(416.108, 18340.0]"
2017-08-05,32,GROCERY I,2600.0,2074.667,525.3330078125,525.3330078125,275974.7690973282,"(416.108, 18340.0]"
2017-08-08,32,GROCERY I,2127.0,1627.6022,499.3978271484375,499.3978271484375,249398.18976058063,"(416.108, 18340.0]"
2017-08-11,32,GROCERY I,1426.0,1718.2327,-292.232666015625,292.232666015625,85399.93108659983,"(416.108, 18340.0]"
2017-08-12,32,GROCERY I,1582.0,2017.3666,-435.3665771484375,435.3665771484375,189544.0564979464,"(416.108, 18340.0]"
2017-08-13,32,GROCERY I,1676.0,1994.204,-318.2039794921875,318.2039794921875,101253.77256466448,"(416.108, 18340.0]"
2017-08-15,32,GROCERY I,3013.0,1917.7874,1095.212646484375,1095.212646484375,1199490.7410193086,"(416.108, 18340.0]"
2017-07-19,33,BEVERAGES,1392.0,1733.9445,-341.9444580078125,341.9444580078125,116926.01236225665,"(416.108, 18340.0]"
2017-07-21,33,BEVERAGES,5757.0,1904.5146,3852.4853515625,3852.4853515625,14841643.38400364,"(416.108, 18340.0]"
2017-07-22,33,BEVERAGES,2381.0,3264.718,-883.718017578125,883.718017578125,780957.5345922112,"(416.108, 18340.0]"
2017-07-23,33,BEVERAGES,2656.0,2964.0146,-308.0146484375,308.0146484375,94873.02365207672,"(416.108, 18340.0]"
2017-07-24,33,BEVERAGES,2782.0,2240.8225,541.177490234375,541.177490234375,292873.07593637705,"(416.108, 18340.0]"
2017-07-25,33,BEVERAGES,1922.0,2381.732,-459.73193359375,459.73193359375,211353.45076584816,"(416.108, 18340.0]"
2017-07-27,33,BEVERAGES,1444.0,1888.5078,-444.5078125,444.5078125,197587.1953735352,"(416.108, 18340.0]"
2017-07-28,33,BEVERAGES,1384.0,2338.857,-954.85693359375,954.85693359375,911751.7636320592,"(416.108, 18340.0]"
2017-07-31,33,BEVERAGES,2013.0,2517.395,-504.39501953125,504.39501953125,254414.33572793007,"(416.108, 18340.0]"
2017-08-01,33,BEVERAGES,2829.0,2262.8525,566.1474609375,566.1474609375,320522.9475259781,"(416.108, 18340.0]"
2017-08-05,33,BEVERAGES,1611.0,2381.3442,-770.34423828125,770.34423828125,593430.2454531193,"(416.108, 18340.0]"
2017-08-06,33,BEVERAGES,2939.0,2470.524,468.47607421875,468.47607421875,219469.83211541176,"(416.108, 18340.0]"
2017-08-08,33,BEVERAGES,2736.0,2005.3212,730.6788330078125,730.6788330078125,533891.5570056587,"(416.108, 18340.0]"
2017-08-09,33,BEVERAGES,2448.0,1797.072,650.927978515625,650.927978515625,423707.233214438,"(416.108, 18340.0]"
2017-08-10,33,BEVERAGES,1326.0,1771.0049,-445.0048828125,445.0048828125,198029.3457269669,"(416.108, 18340.0]"
2017-08-12,33,BEVERAGES,5257.0,1978.964,3278.0360107421875,3278.0360107421875,10745520.087722557,"(416.108, 18340.0]"
2017-08-13,33,BEVERAGES,2090.0,3338.9292,-1248.92919921875,1248.92919921875,1559824.144661188,"(416.108, 18340.0]"
2017-08-01,33,CLEANING,1941.0,1253.709,687.291015625,687.291015625,472368.940158844,"(416.108, 18340.0]"
2017-08-12,33,CLEANING,833.0,1114.5228,-281.5228271484375,281.5228271484375,79255.10220564902,"(416.108, 18340.0]"
2017-08-07,33,EGGS,626.0,295.23245,330.7675476074219,330.7675476074219,109407.1705502281,"(416.108, 18340.0]"
2017-08-14,33,EGGS,1010.0,380.34818,629.6518249511719,629.6518249511719,396461.4206643412,"(416.108, 18340.0]"
2017-07-20,33,GROCERY I,2534.0,2239.378,294.6220703125,294.6220703125,86802.1643152237,"(416.108, 18340.0]"
2017-07-29,33,GROCERY I,3868.0,3474.248,393.751953125,393.751953125,155040.6005897522,"(416.108, 18340.0]"
2017-07-30,33,GROCERY I,4356.0,3866.577,489.423095703125,489.423095703125,239534.96660763025,"(416.108, 18340.0]"
2017-07-31,33,GROCERY I,3234.0,3933.6624,-699.662353515625,699.662353515625,489527.4089270234,"(416.108, 18340.0]"
2017-08-01,33,GROCERY I,4725.0,3952.0708,772.92919921875,772.92919921875,597419.5470049381,"(416.108, 18340.0]"
2017-08-03,33,GROCERY I,3210.0,2785.303,424.697021484375,424.697021484375,180367.56005769968,"(416.108, 18340.0]"
2017-08-05,33,GROCERY I,3169.0,3698.1978,-529.19775390625,529.19775390625,280050.26273941994,"(416.108, 18340.0]"
2017-08-12,33,GROCERY I,2886.0,3221.5251,-335.525146484375,335.525146484375,112577.1239233613,"(416.108, 18340.0]"
2017-08-15,33,GROCERY I,3240.0,2914.0398,325.960205078125,325.960205078125,106250.0552945733,"(416.108, 18340.0]"
2017-07-22,33,HOME CARE,654.0,236.58054,417.4194641113281,417.4194641113281,174239.00901898835,"(416.108, 18340.0]"
2017-07-25,33,PRODUCE,1928.412,2246.009,-317.59703320312497,317.59703320312497,100867.87549942688,"(416.108, 18340.0]"
2017-08-01,33,PRODUCE,2878.542,2589.3435,289.1984941406249,289.1984941406249,83635.76901320506,"(416.108, 18340.0]"
2017-07-19,34,BEVERAGES,1607.0,1917.0525,-310.052490234375,310.052490234375,96132.5467005372,"(416.108, 18340.0]"
2017-07-20,34,BEVERAGES,2121.0,1840.7327,280.267333984375,280.267333984375,78549.7784987092,"(416.108, 18340.0]"
2017-07-22,34,BEVERAGES,2952.0,2624.0923,327.90771484375,327.90771484375,107523.46945405006,"(416.108, 18340.0]"
2017-07-23,34,BEVERAGES,2414.0,2828.7847,-414.78466796875,414.78466796875,172046.32078194618,"(416.108, 18340.0]"
2017-07-29,34,BEVERAGES,3370.0,2818.821,551.178955078125,551.178955078125,303798.24052101374,"(416.108, 18340.0]"
2017-08-01,34,BEVERAGES,2499.0,2911.243,-412.242919921875,412.242919921875,169944.22502571344,"(416.108, 18340.0]"
2017-08-03,34,BEVERAGES,2591.0,2137.5847,453.415283203125,453.415283203125,205585.41904217005,"(416.108, 18340.0]"
2017-08-05,34,BEVERAGES,2826.0,3414.0325,-588.032470703125,588.032470703125,345782.1866012216,"(416.108, 18340.0]"
2017-08-06,34,BEVERAGES,3108.0,2799.5952,308.40478515625,308.40478515625,95113.51150727272,"(416.108, 18340.0]"
2017-08-07,34,BEVERAGES,2671.0,2369.712,301.2880859375,301.2880859375,90774.5107278824,"(416.108, 18340.0]"
2017-08-10,34,BEVERAGES,2585.0,2015.65,569.3499755859375,569.3499755859375,324159.3946997076,"(416.108, 18340.0]"
2017-08-11,34,BEVERAGES,2866.0,2346.1738,519.826171875,519.826171875,270219.24896621704,"(416.108, 18340.0]"
2017-08-12,34,BEVERAGES,2343.0,2984.2075,-641.20751953125,641.20751953125,411147.0831034184,"(416.108, 18340.0]"
2017-08-14,34,BEVERAGES,2794.0,2437.563,356.43701171875,356.43701171875,127047.34332299232,"(416.108, 18340.0]"
2017-07-28,34,CLEANING,1291.0,805.9778,485.022216796875,485.022216796875,235246.5507865548,"(416.108, 18340.0]"
2017-07-31,34,CLEANING,1512.0,896.42163,615.578369140625,615.578369140625,378936.7285538316,"(416.108, 18340.0]"
2017-08-06,34,CLEANING,1449.0,1005.49585,443.504150390625,443.504150390625,196695.9314137101,"(416.108, 18340.0]"
2017-08-13,34,CLEANING,642.0,1012.0791,-370.0791015625,370.0791015625,136958.5414133072,"(416.108, 18340.0]"
2017-07-23,34,GROCERY I,3717.031,4062.4648,-345.43384375000005,345.43384375000005,119324.54040789945,"(416.108, 18340.0]"
2017-07-27,34,GROCERY I,3830.203,2796.9487,1033.25426953125,1033.25426953125,1067614.385504557,"(416.108, 18340.0]"
2017-07-28,34,GROCERY I,4114.672,3779.0244,335.6475859374996,335.6475859374996,112659.30194567116,"(416.108, 18340.0]"
2017-07-29,34,GROCERY I,5467.102,4591.258,875.8441874999999,875.8441874999999,767103.040777535,"(416.108, 18340.0]"
2017-08-08,34,GROCERY I,3918.172,3607.2039,310.968142578125,310.968142578125,96701.18569848908,"(416.108, 18340.0]"
2017-08-10,34,GROCERY I,4334.188,3104.966,1229.221935546875,1229.221935546875,1510986.566829606,"(416.108, 18340.0]"
2017-08-11,34,GROCERY I,4473.828,3985.8474,487.98058789062543,487.98058789062543,238125.0541580804,"(416.108, 18340.0]"
2017-08-12,34,GROCERY I,3820.102,4931.776,-1111.67387890625,1111.67387890625,1235818.8130424682,"(416.108, 18340.0]"
2017-08-15,34,GROCERY I,4552.07,3839.5994,712.4706347656247,712.4706347656247,507614.4054033322,"(416.108, 18340.0]"
2017-07-25,34,PRODUCE,940.966,1243.3934,-302.4274326171875,302.4274326171875,91462.35199942348,"(416.108, 18340.0]"
2017-07-23,35,BEVERAGES,2100.0,1765.5282,334.4718017578125,334.4718017578125,111871.38617111742,"(416.108, 18340.0]"
2017-07-24,35,BEVERAGES,1584.0,1277.0543,306.9456787109375,306.9456787109375,94215.64967931808,"(416.108, 18340.0]"
2017-07-30,35,BEVERAGES,1486.0,2066.0881,-580.088134765625,580.088134765625,336502.2440958619,"(416.108, 18340.0]"
2017-07-31,35,BEVERAGES,1843.0,1485.5356,357.46435546875,357.46435546875,127780.76543068886,"(416.108, 18340.0]"
2017-08-03,35,BEVERAGES,1576.0,1292.5332,283.466796875,283.466796875,80353.42493057251,"(416.108, 18340.0]"
2017-08-06,35,BEVERAGES,2162.0,1844.1526,317.847412109375,317.847412109375,101026.97738462688,"(416.108, 18340.0]"
2017-08-11,35,BEVERAGES,2394.0,1384.9158,1009.084228515625,1009.084228515625,1018250.980238974,"(416.108, 18340.0]"
2017-07-23,35,GROCERY I,3231.0,2059.52,1171.47998046875,1171.47998046875,1372365.3446390629,"(416.108, 18340.0]"
2017-07-27,35,GROCERY I,1100.0,1523.9049,-423.9049072265625,423.9049072265625,179695.37037076056,"(416.108, 18340.0]"
2017-08-03,35,GROCERY I,2380.0,1732.0615,647.9384765625,647.9384765625,419824.26941013336,"(416.108, 18340.0]"
2017-08-04,35,GROCERY I,1459.0,2027.3572,-568.357177734375,568.357177734375,323029.88148218393,"(416.108, 18340.0]"
2017-08-06,35,GROCERY I,2118.0,2676.0984,-558.098388671875,558.098388671875,311473.81143814325,"(416.108, 18340.0]"
2017-08-09,35,GROCERY I,1385.0,1825.8793,-440.8792724609375,440.8792724609375,194374.5328856856,"(416.108, 18340.0]"
2017-08-11,35,GROCERY I,2297.0,1615.0402,681.9598388671875,681.9598388671875,465069.22182776034,"(416.108, 18340.0]"
2017-07-20,36,BEVERAGES,2650.0,2307.1672,342.832763671875,342.832763671875,117534.3038468957,"(416.108, 18340.0]"
2017-07-24,36,BEVERAGES,3194.0,2683.92,510.080078125,510.080078125,260181.6861000061,"(416.108, 18340.0]"
2017-07-27,36,BEVERAGES,2871.0,2366.8845,504.115478515625,504.115478515625,254132.4156790376,"(416.108, 18340.0]"
2017-07-28,36,BEVERAGES,3574.0,2424.101,1149.89892578125,1149.89892578125,1322267.5395128727,"(416.108, 18340.0]"
2017-07-29,36,BEVERAGES,3888.0,3226.0396,661.96044921875,661.96044921875,438191.6363298893,"(416.108, 18340.0]"
2017-07-30,36,BEVERAGES,4783.0,3807.6086,975.391357421875,975.391357421875,951388.300133288,"(416.108, 18340.0]"
2017-08-01,36,BEVERAGES,4359.0,3321.7834,1037.216552734375,1037.216552734375,1075818.1772661805,"(416.108, 18340.0]"
2017-08-02,36,BEVERAGES,4503.0,3364.1648,1138.835205078125,1138.835205078125,1296945.624325335,"(416.108, 18340.0]"
2017-08-03,36,BEVERAGES,3053.0,3596.7146,-543.714599609375,543.714599609375,295625.56582838297,"(416.108, 18340.0]"
2017-08-04,36,BEVERAGES,4593.0,3041.166,1551.833984375,1551.833984375,2408188.715061188,"(416.108, 18340.0]"
2017-08-06,36,BEVERAGES,4681.0,4319.333,361.6669921875,361.6669921875,130803.0132379532,"(416.108, 18340.0]"
2017-08-08,36,BEVERAGES,4079.0,3114.8633,964.13671875,964.13671875,929559.6124420166,"(416.108, 18340.0]"
2017-08-09,36,BEVERAGES,4250.0,3392.3818,857.6181640625,857.6181640625,735508.9153299332,"(416.108, 18340.0]"
2017-08-11,36,BEVERAGES,4643.0,3691.3804,951.61962890625,951.61962890625,905579.918119669,"(416.108, 18340.0]"
2017-08-12,36,BEVERAGES,3749.0,4220.2075,-471.20751953125,471.20751953125,222036.52646279332,"(416.108, 18340.0]"
2017-08-13,36,BEVERAGES,4570.0,4262.3354,307.66455078125,307.66455078125,94657.47580742836,"(416.108, 18340.0]"
2017-08-14,36,BEVERAGES,3104.0,3603.2192,-499.21923828125,499.21923828125,249219.84787011147,"(416.108, 18340.0]"
2017-08-15,36,BREAD/BAKERY,1096.0,542.2715,553.728515625,553.728515625,306615.26901626587,"(416.108, 18340.0]"
2017-07-28,36,CLEANING,1047.0,670.33887,376.6611328125,376.6611328125,141873.60897159576,"(416.108, 18340.0]"
2017-07-29,36,CLEANING,1356.0,1059.408,296.592041015625,296.592041015625,87966.83879381418,"(416.108, 18340.0]"
2017-08-01,36,CLEANING,1474.0,1054.3029,419.6971435546875,419.6971435546875,176145.69230796397,"(416.108, 18340.0]"
2017-07-20,36,GROCERY I,3507.656,2729.8142,777.841791015625,777.841791015625,605037.8518503952,"(416.108, 18340.0]"
2017-07-24,36,GROCERY I,3719.484,3294.9744,424.5096347656249,424.5096347656249,180208.43000884427,"(416.108, 18340.0]"
2017-07-27,36,GROCERY I,3143.867,2816.8127,327.0542558593752,327.0542558593752,106964.48627572964,"(416.108, 18340.0]"
2017-07-28,36,GROCERY I,3923.195,2932.2366,990.9584277343752,990.9584277343752,981998.6054977848,"(416.108, 18340.0]"
2017-07-29,36,GROCERY I,5377.586,4055.806,1321.7800917968752,1321.7800917968752,1747102.611070556,"(416.108, 18340.0]"
2017-08-01,36,GROCERY I,6013.617,4747.2197,1266.3972734375002,1266.3972734375002,1603762.0541699347,"(416.108, 18340.0]"
2017-08-02,36,GROCERY I,4780.828,4143.5967,637.2313203125004,637.2313203125004,406063.7555872125,"(416.108, 18340.0]"
2017-08-03,36,GROCERY I,3479.273,3835.6191,-356.34614062499986,356.34614062499986,126982.57193833216,"(416.108, 18340.0]"
2017-08-04,36,GROCERY I,3893.781,3353.9707,539.810296875,539.810296875,291395.1566122756,"(416.108, 18340.0]"
2017-08-06,36,GROCERY I,5288.406,4822.9966,465.40941796875,465.40941796875,216605.92633401055,"(416.108, 18340.0]"
2017-08-07,36,GROCERY I,3617.219,4055.594,-438.37499414062495,438.37499414062495,192172.63548779296,"(416.108, 18340.0]"
2017-08-09,36,GROCERY I,3748.875,3351.1504,397.724609375,397.724609375,158184.86490249634,"(416.108, 18340.0]"
2017-08-11,36,GROCERY I,4204.633,3458.1184,746.5145917968748,746.5145917968748,557284.0357656546,"(416.108, 18340.0]"
2017-08-12,36,GROCERY I,3351.563,4196.2944,-844.7314335937499,844.7314335937499,713571.1949013519,"(416.108, 18340.0]"
2017-08-15,36,GROCERY I,4296.484,3649.704,646.7798984375004,646.7798984375004,418324.2370228233,"(416.108, 18340.0]"
2017-08-01,36,PRODUCE,3316.416,1964.8907,1351.5252529296877,1351.5252529296877,1826620.509306656,"(416.108, 18340.0]"
2017-08-08,36,PRODUCE,3079.159,2551.6816,527.4773593750001,527.4773593750001,278232.364653223,"(416.108, 18340.0]"
2017-08-11,36,PRODUCE,1389.594,1079.3542,310.23975195312505,310.23975195312505,96248.70369193656,"(416.108, 18340.0]"
2017-07-19,37,BEVERAGES,4245.0,2934.418,1310.58203125,1310.58203125,1717625.260635376,"(416.108, 18340.0]"
2017-07-21,37,BEVERAGES,4129.0,3098.8674,1030.132568359375,1030.132568359375,1061173.1083946824,"(416.108, 18340.0]"
2017-07-22,37,BEVERAGES,3250.0,3947.1553,-697.1552734375,697.1552734375,486025.4752817154,"(416.108, 18340.0]"
2017-07-23,37,BEVERAGES,2536.0,3254.178,-718.177978515625,718.177978515625,515779.6088247895,"(416.108, 18340.0]"
2017-07-25,37,BEVERAGES,3433.0,2677.813,755.18701171875,755.18701171875,570307.4226686954,"(416.108, 18340.0]"
2017-07-28,37,BEVERAGES,3823.0,3060.9238,762.076171875,762.076171875,580760.0917396545,"(416.108, 18340.0]"
2017-07-29,37,BEVERAGES,3190.0,3806.238,-616.238037109375,616.238037109375,379749.3183804154,"(416.108, 18340.0]"
2017-07-30,37,BEVERAGES,2186.0,2944.472,-758.471923828125,758.471923828125,575279.659235537,"(416.108, 18340.0]"
2017-07-31,37,BEVERAGES,4522.0,3211.607,1310.39306640625,1310.39306640625,1717129.9884855747,"(416.108, 18340.0]"
2017-08-01,37,BEVERAGES,3084.0,3966.0369,-882.036865234375,882.036865234375,777989.031632483,"(416.108, 18340.0]"
2017-08-03,37,BEVERAGES,2417.0,2928.652,-511.652099609375,511.652099609375,261787.8710346818,"(416.108, 18340.0]"
2017-08-04,37,BEVERAGES,2773.0,3300.2336,-527.233642578125,527.233642578125,277975.31386619806,"(416.108, 18340.0]"
2017-08-05,37,BEVERAGES,2830.0,3494.1091,-664.109130859375,664.109130859375,441040.93769079447,"(416.108, 18340.0]"
2017-08-06,37,BEVERAGES,2281.0,2683.4126,-402.41259765625,402.41259765625,161935.89875245094,"(416.108, 18340.0]"
2017-08-07,37,BEVERAGES,2229.0,2541.399,-312.39892578125,312.39892578125,97593.08882927896,"(416.108, 18340.0]"
2017-08-11,37,BEVERAGES,1876.0,2632.559,-756.55908203125,756.55908203125,572381.6446039677,"(416.108, 18340.0]"
2017-08-12,37,BEVERAGES,2154.0,2830.5654,-676.5654296875,676.5654296875,457740.7806482315,"(416.108, 18340.0]"
2017-08-13,37,BEVERAGES,1558.0,2173.8975,-615.8974609375,615.8974609375,379329.68238925934,"(416.108, 18340.0]"
2017-08-14,37,BEVERAGES,2600.0,2018.6315,581.3685302734375,581.3685302734375,337989.3679922968,"(416.108, 18340.0]"
2017-08-03,37,CLEANING,873.0,1152.1992,-279.19921875,279.19921875,77952.20375061035,"(416.108, 18340.0]"
2017-08-06,37,CLEANING,702.0,995.469,-293.468994140625,293.468994140625,86124.05052191019,"(416.108, 18340.0]"
2017-08-12,37,CLEANING,605.0,1010.59106,-405.591064453125,405.591064453125,164504.111564219,"(416.108, 18340.0]"
2017-08-13,37,CLEANING,451.0,743.73914,-292.7391357421875,292.7391357421875,85696.20159508288,"(416.108, 18340.0]"
2017-07-19,37,GROCERY I,4245.0,3722.4248,522.5751953125,522.5751953125,273084.8347558975,"(416.108, 18340.0]"
2017-07-23,37,GROCERY I,3098.0,3494.3103,-396.310302734375,396.310302734375,157061.85605341196,"(416.108, 18340.0]"
2017-07-25,37,GROCERY I,4365.0,3462.8542,902.145751953125,902.145751953125,813866.9577670693,"(416.108, 18340.0]"
2017-07-26,37,GROCERY I,4125.0,3707.8284,417.171630859375,417.171630859375,174032.16959387064,"(416.108, 18340.0]"
2017-07-27,37,GROCERY I,3598.0,3238.956,359.0439453125,359.0439453125,128912.55466556548,"(416.108, 18340.0]"
2017-07-29,37,GROCERY I,3950.0,4284.137,-334.13720703125,334.13720703125,111647.67312264442,"(416.108, 18340.0]"
2017-07-30,37,GROCERY I,2747.0,3711.2024,-964.202392578125,964.202392578125,929686.2538533808,"(416.108, 18340.0]"
2017-08-01,37,GROCERY I,4498.0,4814.4272,-316.42724609375,316.42724609375,100126.20207047462,"(416.108, 18340.0]"
2017-08-03,37,GROCERY I,3630.0,4030.6216,-400.62158203125,400.62158203125,160497.65198922157,"(416.108, 18340.0]"
2017-08-04,37,GROCERY I,3797.0,4080.7747,-283.774658203125,283.774658203125,80528.05663830042,"(416.108, 18340.0]"
2017-08-05,37,GROCERY I,3861.0,4741.179,-880.17919921875,880.17919921875,774715.42273736,"(416.108, 18340.0]"
2017-08-06,37,GROCERY I,2573.0,3371.6575,-798.657470703125,798.657470703125,637853.755509913,"(416.108, 18340.0]"
2017-08-08,37,GROCERY I,3329.0,3712.53,-383.530029296875,383.530029296875,147095.2833724618,"(416.108, 18340.0]"
2017-08-11,37,GROCERY I,2555.0,3422.6262,-867.626220703125,867.626220703125,752775.2588515878,"(416.108, 18340.0]"
2017-08-12,37,GROCERY I,2496.0,3616.2166,-1120.216552734375,1120.216552734375,1254885.1250200868,"(416.108, 18340.0]"
2017-08-13,37,GROCERY I,1842.0,2669.6145,-827.614501953125,827.614501953125,684945.7638431191,"(416.108, 18340.0]"
2017-07-21,37,PERSONAL CARE,596.0,203.77165,392.2283477783203,392.2283477783203,153843.076800911,"(416.108, 18340.0]"
2017-07-21,37,PRODUCE,2798.765,2428.7268,370.0381933593749,370.0381933593749,136928.2645446701,"(416.108, 18340.0]"
2017-07-22,37,PRODUCE,2637.1,2929.2158,-292.1158203125001,292.1158203125001,85331.65247684484,"(416.108, 18340.0]"
2017-07-26,37,PRODUCE,3773.203,4057.1816,-283.978640625,283.978640625,80643.86833122291,"(416.108, 18340.0]"
2017-07-27,37,PRODUCE,2357.524,2021.6936,335.8303964843749,335.8303964843749,112782.05520285244,"(416.108, 18340.0]"
2017-07-30,37,PRODUCE,1950.2369,2515.4243,-565.1874164062499,565.1874164062499,319436.8156639717,"(416.108, 18340.0]"
2017-08-01,37,PRODUCE,2337.738,2670.6272,-332.8891972656252,332.8891972656252,110815.21765615232,"(416.108, 18340.0]"
2017-08-05,37,PRODUCE,2621.862,3054.9578,-433.0957636718749,433.0957636718749,187571.94051052447,"(416.108, 18340.0]"
2017-08-06,37,PRODUCE,1721.803,2342.3342,-620.5312285156249,620.5312285156249,385059.0055631107,"(416.108, 18340.0]"
2017-08-10,37,PRODUCE,2476.775,2021.9537,454.8212646484376,454.8212646484376,206862.3827764041,"(416.108, 18340.0]"
2017-08-11,37,PRODUCE,2100.218,2402.3079,-302.08986132812515,302.08986132812515,91258.28431724588,"(416.108, 18340.0]"
2017-08-12,37,PRODUCE,1848.608,2609.5073,-760.89932421875,760.89932421875,578967.7815965505,"(416.108, 18340.0]"
2017-08-13,37,PRODUCE,1444.556,1865.9144,-421.3584287109375,421.3584287109375,177542.92544575015,"(416.108, 18340.0]"
2017-07-19,38,BEVERAGES,2296.0,3493.6416,-1197.6416015625,1197.6416015625,1434345.40579319,"(416.108, 18340.0]"
2017-07-20,38,BEVERAGES,5087.0,3331.198,1755.802001953125,1755.802001953125,3082840.6700626016,"(416.108, 18340.0]"
2017-07-21,38,BEVERAGES,2349.0,4320.0815,-1971.08154296875,1971.08154296875,3885162.449032068,"(416.108, 18340.0]"
2017-07-22,38,BEVERAGES,5408.0,3946.5574,1461.442626953125,1461.442626953125,2135814.551875651,"(416.108, 18340.0]"
2017-07-23,38,BEVERAGES,3094.0,3809.3755,-715.37548828125,715.37548828125,511762.08923363686,"(416.108, 18340.0]"
2017-07-24,38,BEVERAGES,2239.0,2605.2356,-366.235595703125,366.235595703125,134128.51156002283,"(416.108, 18340.0]"
2017-07-25,38,BEVERAGES,1821.0,2194.006,-373.006103515625,373.006103515625,139133.55325990915,"(416.108, 18340.0]"
2017-07-27,38,BEVERAGES,1567.0,2077.6028,-510.602783203125,510.602783203125,260715.20221477747,"(416.108, 18340.0]"
2017-07-29,38,BEVERAGES,4290.0,5140.1436,-850.1435546875,850.1435546875,722744.0635766983,"(416.108, 18340.0]"
2017-07-30,38,BEVERAGES,3098.0,3621.6672,-523.667236328125,523.667236328125,274227.3744035363,"(416.108, 18340.0]"
2017-08-01,38,BEVERAGES,6098.0,2864.1726,3233.827392578125,3233.827392578125,10457639.604988636,"(416.108, 18340.0]"
2017-08-02,38,BEVERAGES,6925.0,3634.051,3290.948974609375,3290.948974609375,10830345.153482497,"(416.108, 18340.0]"
2017-08-03,38,BEVERAGES,1680.0,3878.1226,-2198.12255859375,2198.12255859375,4831742.782598734,"(416.108, 18340.0]"
2017-08-04,38,BEVERAGES,1831.0,2427.8257,-596.82568359375,596.82568359375,356200.896597147,"(416.108, 18340.0]"
2017-08-05,38,BEVERAGES,2946.0,3560.2778,-614.27783203125,614.27783203125,377337.2549250126,"(416.108, 18340.0]"
2017-08-06,38,BEVERAGES,2388.0,3260.9102,-872.91015625,872.91015625,761972.1408843994,"(416.108, 18340.0]"
2017-08-07,38,BEVERAGES,1819.0,2329.1733,-510.17333984375,510.17333984375,260276.83668732643,"(416.108, 18340.0]"
2017-08-09,38,BEVERAGES,2120.0,1531.252,588.748046875,588.748046875,346624.2626991272,"(416.108, 18340.0]"
2017-08-10,38,BEVERAGES,1919.0,1631.7811,287.2188720703125,287.2188720703125,82494.68047334254,"(416.108, 18340.0]"
2017-08-11,38,BEVERAGES,1972.0,1611.9314,360.068603515625,360.068603515625,129649.39923769236,"(416.108, 18340.0]"
2017-08-12,38,BEVERAGES,2308.0,2686.2617,-378.26171875,378.26171875,143081.9278717041,"(416.108, 18340.0]"
2017-07-26,38,CLEANING,3320.0,880.7377,2439.2623291015625,2439.2623291015625,5950000.710173979,"(416.108, 18340.0]"
2017-07-27,38,CLEANING,775.0,1228.8839,-453.8839111328125,453.8839111328125,206010.60478521883,"(416.108, 18340.0]"
2017-07-30,38,CLEANING,4145.0,1551.8033,2593.196655273437,2593.196655273437,6724668.892921343,"(416.108, 18340.0]"
2017-07-31,38,CLEANING,1110.0,1943.2266,-833.2265625,833.2265625,694266.5044555664,"(416.108, 18340.0]"
2017-08-03,38,CLEANING,796.0,1130.5908,-334.5908203125,334.5908203125,111951.01703739166,"(416.108, 18340.0]"
2017-08-05,38,CLEANING,1292.0,1580.4113,-288.4112548828125,288.4112548828125,83181.05194307864,"(416.108, 18340.0]"
2017-08-06,38,CLEANING,1002.0,1621.0851,-619.0850830078125,619.0850830078125,383266.3400027901,"(416.108, 18340.0]"
2017-07-28,38,DAIRY,990.0,710.8424,279.1575927734375,279.1575927734375,77928.96160306036,"(416.108, 18340.0]"
2017-07-19,38,GROCERY I,3998.0,3351.064,646.93603515625,646.93603515625,418526.2335836888,"(416.108, 18340.0]"
2017-07-28,38,GROCERY I,4020.0,3458.8616,561.138427734375,561.138427734375,314876.3350802064,"(416.108, 18340.0]"
2017-07-30,38,GROCERY I,5668.0,5274.9375,393.0625,393.0625,154498.12890625,"(416.108, 18340.0]"
2017-07-31,38,GROCERY I,4272.0,4566.32,-294.31982421875,294.31982421875,86624.1589281559,"(416.108, 18340.0]"
2017-08-02,38,GROCERY I,4859.0,4446.928,412.07177734375,412.07177734375,169803.14968323708,"(416.108, 18340.0]"
2017-08-03,38,GROCERY I,3171.0,3727.2322,-556.232177734375,556.232177734375,309394.23554712534,"(416.108, 18340.0]"
2017-08-04,38,GROCERY I,3355.0,3749.404,-394.404052734375,394.404052734375,155554.55681329966,"(416.108, 18340.0]"
2017-08-05,38,GROCERY I,4335.0,5407.883,-1072.8828125,1072.8828125,1151077.5293579102,"(416.108, 18340.0]"
2017-08-06,38,GROCERY I,4010.0,5221.88,-1211.8798828125,1211.8798828125,1468652.8503656387,"(416.108, 18340.0]"
2017-08-07,38,GROCERY I,3348.0,3837.5205,-489.5205078125,489.5205078125,239630.32756900787,"(416.108, 18340.0]"
2017-08-09,38,GROCERY I,3616.0,3301.8916,314.1083984375,314.1083984375,98664.08596897124,"(416.108, 18340.0]"
2017-08-10,38,GROCERY I,3200.0,2875.1196,324.88037109375,324.88037109375,105547.25552201273,"(416.108, 18340.0]"
2017-08-11,38,GROCERY I,2918.0,3402.3003,-484.30029296875,484.30029296875,234546.77376961708,"(416.108, 18340.0]"
2017-08-12,38,GROCERY I,3393.0,4413.3955,-1020.3955078125,1020.3955078125,1041206.9923639296,"(416.108, 18340.0]"
2017-08-13,38,GROCERY I,3448.0,4186.9043,-738.904296875,738.904296875,545979.5599403381,"(416.108, 18340.0]"
2017-07-26,38,PERSONAL CARE,1253.0,306.23642,946.7635803222656,946.7635803222656,896361.2770246351,"(416.108, 18340.0]"
2017-08-02,38,PERSONAL CARE,1048.0,511.33276,536.667236328125,536.667236328125,288011.7225480676,"(416.108, 18340.0]"
2017-07-26,38,PRODUCE,2531.324,2912.9387,-381.6147207031249,381.6147207031249,145629.79505732405,"(416.108, 18340.0]"
2017-07-28,38,PRODUCE,2113.089,1710.362,402.72693945312494,402.72693945312494,162188.98776128097,"(416.108, 18340.0]"
2017-07-29,38,PRODUCE,2135.043,2473.4053,-338.3622734374999,338.3622734374999,114489.02808579344,"(416.108, 18340.0]"
2017-08-12,38,PRODUCE,1727.951,2384.254,-656.30290625,656.30290625,430733.50475219626,"(416.108, 18340.0]"
2017-08-14,38,PRODUCE,2127.984,1714.2136,413.7703769531249,413.7703769531249,171205.9248439311,"(416.108, 18340.0]"
2017-07-19,39,BEVERAGES,2848.0,4458.557,-1610.55712890625,1610.55712890625,2593894.265470743,"(416.108, 18340.0]"
2017-07-20,39,BEVERAGES,4811.0,2851.7537,1959.246337890625,1959.246337890625,3838646.212537825,"(416.108, 18340.0]"
2017-07-21,39,BEVERAGES,3518.0,3818.8374,-300.83740234375,300.83740234375,90503.14264893532,"(416.108, 18340.0]"
2017-07-22,39,BEVERAGES,5007.0,4441.0396,565.96044921875,565.96044921875,320311.2300798893,"(416.108, 18340.0]"
2017-07-23,39,BEVERAGES,4490.0,4938.029,-448.02880859375,448.02880859375,200729.81332993507,"(416.108, 18340.0]"
2017-07-24,39,BEVERAGES,4255.0,3746.3552,508.644775390625,508.644775390625,258719.50753217936,"(416.108, 18340.0]"
2017-07-25,39,BEVERAGES,5071.0,4106.7886,964.21142578125,964.21142578125,929703.673607111,"(416.108, 18340.0]"
2017-07-26,39,BEVERAGES,5356.0,3397.741,1958.259033203125,1958.259033203125,3834778.441121638,"(416.108, 18340.0]"
2017-07-27,39,BEVERAGES,2774.0,3986.0735,-1212.073486328125,1212.073486328125,1469122.1362596154,"(416.108, 18340.0]"
2017-07-29,39,BEVERAGES,3896.0,4841.685,-945.68505859375,945.68505859375,894320.2300474644,"(416.108, 18340.0]"
2017-07-30,39,BEVERAGES,4329.0,4769.189,-440.18896484375,440.18896484375,193766.32477021217,"(416.108, 18340.0]"
2017-07-31,39,BEVERAGES,3569.0,4207.9937,-638.99365234375,638.99365234375,408312.8877356053,"(416.108, 18340.0]"
2017-08-02,39,BEVERAGES,2993.0,3806.6487,-813.648681640625,813.648681640625,662024.1771355271,"(416.108, 18340.0]"
2017-08-03,39,BEVERAGES,3191.0,3554.4043,-363.404296875,363.404296875,132062.6829872131,"(416.108, 18340.0]"
2017-08-04,39,BEVERAGES,3171.0,4037.9648,-866.96484375,866.96484375,751628.0402984619,"(416.108, 18340.0]"
2017-08-05,39,BEVERAGES,4098.0,4677.7974,-579.79736328125,579.79736328125,336164.9824678898,"(416.108, 18340.0]"
2017-08-06,39,BEVERAGES,4405.0,4850.606,-445.60595703125,445.60595703125,198564.66894173625,"(416.108, 18340.0]"
2017-08-09,39,BEVERAGES,2686.0,3331.78,-645.780029296875,645.780029296875,417031.84623867273,"(416.108, 18340.0]"
2017-08-10,39,BEVERAGES,3278.0,2708.802,569.197998046875,569.197998046875,323986.3609805703,"(416.108, 18340.0]"
2017-08-11,39,BEVERAGES,2456.0,3444.0007,-988.000732421875,988.000732421875,976145.4472661614,"(416.108, 18340.0]"
2017-08-12,39,BEVERAGES,2869.0,3980.577,-1111.576904296875,1111.576904296875,1235603.214166224,"(416.108, 18340.0]"
2017-08-14,39,BEVERAGES,4419.0,3346.534,1072.466064453125,1072.466064453125,1150183.4594035745,"(416.108, 18340.0]"
2017-08-15,39,BEVERAGES,2875.0,3667.941,-792.94091796875,792.94091796875,628755.2993891239,"(416.108, 18340.0]"
2017-07-22,39,BREAD/BAKERY,629.0,923.49304,-294.4930419921875,294.4930419921875,86726.15178181231,"(416.108, 18340.0]"
2017-07-19,39,CLEANING,796.0,1220.2572,-424.2572021484375,424.2572021484375,179994.17357482016,"(416.108, 18340.0]"
2017-07-22,39,CLEANING,1325.0,1617.8016,-292.8016357421875,292.8016357421875,85732.79789330065,"(416.108, 18340.0]"
2017-07-27,39,CLEANING,5836.0,1058.0709,4777.9290771484375,4777.9290771484375,22828606.26626052,"(416.108, 18340.0]"
2017-07-28,39,CLEANING,4822.0,3062.9927,1759.00732421875,1759.00732421875,3094106.7666552067,"(416.108, 18340.0]"
2017-07-29,39,CLEANING,3584.0,3232.5771,351.4228515625,351.4228515625,123498.02060031892,"(416.108, 18340.0]"
2017-07-30,39,CLEANING,4817.0,2726.0466,2090.953369140625,2090.953369140625,4372085.991920531,"(416.108, 18340.0]"
2017-07-31,39,CLEANING,4572.0,3376.0903,1195.90966796875,1195.90966796875,1430199.933941126,"(416.108, 18340.0]"
2017-08-02,39,CLEANING,6263.0,3382.2122,2880.787841796875,2880.787841796875,8298938.589444697,"(416.108, 18340.0]"
2017-08-03,39,CLEANING,2930.0,3615.948,-685.947998046875,685.947998046875,470524.6560245156,"(416.108, 18340.0]"
2017-08-04,39,CLEANING,1488.0,3086.499,-1598.4990234375,1598.4990234375,2555199.127930641,"(416.108, 18340.0]"
2017-08-05,39,CLEANING,1717.0,2714.1443,-997.144287109375,997.144287109375,994296.7293148636,"(416.108, 18340.0]"
2017-08-06,39,CLEANING,1538.0,2778.0042,-1240.004150390625,1240.004150390625,1537610.2929859755,"(416.108, 18340.0]"
2017-08-07,39,CLEANING,1448.0,2265.0154,-817.015380859375,817.015380859375,667514.1325607896,"(416.108, 18340.0]"
2017-08-08,39,CLEANING,1328.0,1715.4076,-387.4075927734375,387.4075927734375,150084.64293850958,"(416.108, 18340.0]"
2017-08-10,39,CLEANING,1081.0,1624.8579,-543.85791015625,543.85791015625,295781.4264395237,"(416.108, 18340.0]"
2017-08-13,39,CLEANING,1730.0,1357.8851,372.1148681640625,372.1148681640625,138469.47510875762,"(416.108, 18340.0]"
2017-08-14,39,CLEANING,1619.0,1181.7032,437.2967529296875,437.2967529296875,191228.45012284812,"(416.108, 18340.0]"
2017-07-24,39,EGGS,1729.0,1124.775,604.2249755859375,604.2249755859375,365087.8211218268,"(416.108, 18340.0]"
2017-07-31,39,EGGS,1666.0,1248.9258,417.07421875,417.07421875,173950.90394592285,"(416.108, 18340.0]"
2017-08-14,39,EGGS,1540.0,932.7883,607.211669921875,607.211669921875,368706.0120893121,"(416.108, 18340.0]"
2017-07-20,39,GROCERY I,5306.867,4193.686,1113.1809648437502,1113.1809648437502,1239171.8604904625,"(416.108, 18340.0]"
2017-07-22,39,GROCERY I,4872.016,5838.126,-966.1099765625004,966.1099765625004,933368.486813595,"(416.108, 18340.0]"
2017-07-24,39,GROCERY I,5242.313,4576.369,665.9438593750001,665.9438593750001,443481.2238392699,"(416.108, 18340.0]"
2017-07-25,39,GROCERY I,5018.961,4500.4517,518.5093398437502,518.5093398437502,268851.9355052017,"(416.108, 18340.0]"
2017-07-27,39,GROCERY I,5882.719,3974.1833,1908.535650390625,1908.535650390625,3642508.3288119663,"(416.108, 18340.0]"
2017-07-28,39,GROCERY I,5603.711,4324.0527,1279.6582656250002,1279.6582656250002,1637525.2767823837,"(416.108, 18340.0]"
2017-07-29,39,GROCERY I,5440.352,5909.025,-468.6729023437501,468.6729023437501,219654.28939131435,"(416.108, 18340.0]"
2017-07-30,39,GROCERY I,6393.82,6030.1724,363.6476367187497,363.6476367187497,132239.60369113175,"(416.108, 18340.0]"
2017-08-01,39,GROCERY I,6259.031,7838.692,-1579.66089453125,1579.66089453125,2495328.541711269,"(416.108, 18340.0]"
2017-08-02,39,GROCERY I,5516.898,6684.629,-1167.73090625,1167.73090625,1363595.469411446,"(416.108, 18340.0]"
2017-08-04,39,GROCERY I,6486.227,5203.54,1282.6869609375,1282.6869609375,1645285.8397590793,"(416.108, 18340.0]"
2017-08-08,39,GROCERY I,6052.422,4842.844,1209.5777617187496,1209.5777617187496,1463078.3616445402,"(416.108, 18340.0]"
2017-08-10,39,GROCERY I,5442.25,4482.1797,960.0703125,960.0703125,921735.0049438477,"(416.108, 18340.0]"
2017-08-11,39,GROCERY I,3841.18,5294.954,-1453.7741015625002,1453.7741015625002,2113459.1383738546,"(416.108, 18340.0]"
2017-08-12,39,GROCERY I,4344.18,5446.094,-1101.9142382812497,1101.9142382812497,1214214.9885269469,"(416.108, 18340.0]"
2017-08-13,39,GROCERY I,4392.07,5720.7617,-1328.6917187500003,1328.6917187500003,1765421.68347483,"(416.108, 18340.0]"
2017-08-14,39,GROCERY I,5761.375,5069.177,692.1982421875,692.1982421875,479138.4064874649,"(416.108, 18340.0]"
2017-07-20,39,PRODUCE,1685.953,1400.766,285.1870087890625,285.1870087890625,81331.6299820528,"(416.108, 18340.0]"
2017-07-30,39,PRODUCE,1817.465,2240.4763,-423.0113183593751,423.0113183593751,178938.57546013658,"(416.108, 18340.0]"
2017-08-06,39,PRODUCE,1684.013,1969.822,-285.8090214843751,285.8090214843751,81686.79676185598,"(416.108, 18340.0]"
2017-08-12,39,PRODUCE,1242.285,1758.5903,-516.3053320312499,516.3053320312499,266571.1958838992,"(416.108, 18340.0]"
2017-08-13,39,PRODUCE,1251.286,1699.8534,-448.5673935546874,448.5673935546874,201212.70656044583,"(416.108, 18340.0]"
2017-08-14,39,PRODUCE,1649.192,1347.4315,301.7604814453125,301.7604814453125,91059.3881621068,"(416.108, 18340.0]"
2017-07-19,40,BEVERAGES,3996.0,3462.455,533.544921875,533.544921875,284670.18365859985,"(416.108, 18340.0]"
2017-07-20,40,BEVERAGES,4998.0,3544.9595,1453.04052734375,1453.04052734375,2111326.774103403,"(416.108, 18340.0]"
2017-07-21,40,BEVERAGES,3459.0,4235.3857,-776.3857421875,776.3857421875,602774.8206720352,"(416.108, 18340.0]"
2017-07-22,40,BEVERAGES,4571.0,5520.5063,-949.50634765625,949.50634765625,901562.3042395116,"(416.108, 18340.0]"
2017-07-23,40,BEVERAGES,3983.0,4603.5054,-620.50537109375,620.50537109375,385026.9155561924,"(416.108, 18340.0]"
2017-07-24,40,BEVERAGES,2744.0,4019.2551,-1275.255126953125,1275.255126953125,1626275.638820231,"(416.108, 18340.0]"
2017-07-25,40,BEVERAGES,2732.0,3184.153,-452.153076171875,452.153076171875,204442.4042916894,"(416.108, 18340.0]"
2017-07-26,40,BEVERAGES,4032.0,3281.8416,750.158447265625,750.158447265625,562737.6960039735,"(416.108, 18340.0]"
2017-07-27,40,BEVERAGES,2736.0,3723.9531,-987.953125,987.953125,976051.3771972656,"(416.108, 18340.0]"
2017-07-28,40,BEVERAGES,6634.0,3291.6606,3342.33935546875,3342.33935546875,11171232.36711526,"(416.108, 18340.0]"
2017-07-29,40,BEVERAGES,7796.0,5660.7544,2135.24560546875,2135.24560546875,4559273.795673609,"(416.108, 18340.0]"
2017-08-01,40,BEVERAGES,5379.0,4565.8564,813.1435546875,813.1435546875,661202.4405298233,"(416.108, 18340.0]"
2017-08-02,40,BEVERAGES,5640.0,4886.9907,753.00927734375,753.00927734375,567022.9717657566,"(416.108, 18340.0]"
2017-08-03,40,BEVERAGES,3741.0,4607.961,-866.9609375,866.9609375,751621.2671508789,"(416.108, 18340.0]"
2017-08-04,40,BEVERAGES,8272.0,4519.6426,3752.357421875,3752.357421875,14080186.221500397,"(416.108, 18340.0]"
2017-08-05,40,BEVERAGES,5582.0,7213.8975,-1631.8974609375,1631.8974609375,2663089.32301426,"(416.108, 18340.0]"
2017-08-06,40,BEVERAGES,6026.0,5729.646,296.35400390625,296.35400390625,87825.69563126564,"(416.108, 18340.0]"
2017-08-10,40,BEVERAGES,5716.0,3616.3955,2099.6044921875,2099.6044921875,4408339.02361393,"(416.108, 18340.0]"
2017-08-11,40,BEVERAGES,5682.0,6229.975,-547.97509765625,547.97509765625,300276.7076513767,"(416.108, 18340.0]"
2017-08-12,40,BEVERAGES,4682.0,6171.2695,-1489.26953125,1489.26953125,2217923.7367095947,"(416.108, 18340.0]"
2017-08-13,40,BEVERAGES,3597.0,5289.188,-1692.18798828125,1692.18798828125,2863500.187683344,"(416.108, 18340.0]"
2017-08-14,40,BEVERAGES,6386.0,4105.181,2280.81884765625,2280.81884765625,5202134.615823984,"(416.108, 18340.0]"
2017-08-15,40,BEVERAGES,6845.0,4437.2627,2407.7373046875,2407.7373046875,5797198.928383827,"(416.108, 18340.0]"
2017-07-19,40,CLEANING,1092.0,1420.8988,-328.8988037109375,328.8988037109375,108174.4230824858,"(416.108, 18340.0]"
2017-07-23,40,CLEANING,1471.0,1861.2748,-390.2747802734375,390.2747802734375,152314.40411747992,"(416.108, 18340.0]"
2017-07-27,40,CLEANING,2920.0,1052.6913,1867.3087158203125,1867.3087158203125,3486841.8401785046,"(416.108, 18340.0]"
2017-07-28,40,CLEANING,3876.0,1536.2427,2339.75732421875,2339.75732421875,5474464.336235285,"(416.108, 18340.0]"
2017-07-29,40,CLEANING,5942.0,2749.7612,3192.23876953125,3192.23876953125,10190388.361698387,"(416.108, 18340.0]"
2017-07-30,40,CLEANING,5652.0,3058.2932,2593.706787109375,2593.706787109375,6727314.897497237,"(416.108, 18340.0]"
2017-07-31,40,CLEANING,1629.0,3180.6335,-1551.633544921875,1551.633544921875,2407566.6577268243,"(416.108, 18340.0]"
2017-08-01,40,CLEANING,5411.0,2898.2178,2512.7822265625,2512.7822265625,6314074.518128395,"(416.108, 18340.0]"
2017-08-02,40,CLEANING,2292.0,3615.7888,-1323.788818359375,1323.788818359375,1752416.8356133103,"(416.108, 18340.0]"
2017-08-03,40,CLEANING,1412.0,2573.0972,-1161.09716796875,1161.09716796875,1348146.6334650517,"(416.108, 18340.0]"
2017-08-04,40,CLEANING,1618.0,2376.4685,-758.468505859375,758.468505859375,575274.4743805528,"(416.108, 18340.0]"
2017-08-05,40,CLEANING,2046.0,2930.937,-884.93701171875,884.93701171875,783113.5147097111,"(416.108, 18340.0]"
2017-08-06,40,CLEANING,1657.0,3107.3254,-1450.325439453125,1450.325439453125,2103443.8803249,"(416.108, 18340.0]"
2017-08-12,40,CLEANING,2402.0,1669.5453,732.4547119140625,732.4547119140625,536489.9050051123,"(416.108, 18340.0]"
2017-08-13,40,CLEANING,1237.0,1833.8284,-596.828369140625,596.828369140625,356204.10221105814,"(416.108, 18340.0]"
2017-08-15,40,CLEANING,3112.0,1238.1388,1873.8612060546875,1873.8612060546875,3511355.819556728,"(416.108, 18340.0]"
2017-07-21,40,GROCERY I,4650.0,4359.26,290.740234375,290.740234375,84529.88388442993,"(416.108, 18340.0]"
2017-07-22,40,GROCERY I,5501.0,5843.6675,-342.66748046875,342.66748046875,117421.00217080116,"(416.108, 18340.0]"
2017-07-23,40,GROCERY I,5880.0,5352.9673,527.03271484375,527.03271484375,277763.4825155735,"(416.108, 18340.0]"
2017-07-24,40,GROCERY I,4626.0,5324.4453,-698.4453125,698.4453125,487825.85455322266,"(416.108, 18340.0]"
2017-07-25,40,GROCERY I,4905.0,4479.0215,425.978515625,425.978515625,181457.6957740784,"(416.108, 18340.0]"
2017-07-28,40,GROCERY I,5858.0,4096.2646,1761.7353515625,1761.7353515625,3103711.448945045,"(416.108, 18340.0]"
2017-07-29,40,GROCERY I,9088.0,6114.639,2973.36083984375,2973.36083984375,8840874.68391633,"(416.108, 18340.0]"
2017-07-31,40,GROCERY I,6231.0,6733.292,-502.2919921875,502.2919921875,252297.2454156876,"(416.108, 18340.0]"
2017-08-02,40,GROCERY I,6877.0,5786.3413,1090.65869140625,1090.65869140625,1189536.3811399937,"(416.108, 18340.0]"
2017-08-03,40,GROCERY I,5283.0,6054.4067,-771.40673828125,771.40673828125,595068.3558657169,"(416.108, 18340.0]"
2017-08-05,40,GROCERY I,6938.0,7615.6064,-677.6064453125,677.6064453125,459150.49472904205,"(416.108, 18340.0]"
2017-08-06,40,GROCERY I,6761.0,7177.253,-416.2529296875,416.2529296875,173266.50147342682,"(416.108, 18340.0]"
2017-08-07,40,GROCERY I,7241.0,5822.3867,1418.61328125,1418.61328125,2012463.641738892,"(416.108, 18340.0]"
2017-08-09,40,GROCERY I,4848.0,5331.943,-483.94287109375,483.94287109375,234200.70248246196,"(416.108, 18340.0]"
2017-08-10,40,GROCERY I,5481.0,4328.094,1152.90576171875,1152.90576171875,1329191.6954042912,"(416.108, 18340.0]"
2017-08-11,40,GROCERY I,6948.0,5063.192,1884.80810546875,1884.80810546875,3552501.5944406986,"(416.108, 18340.0]"
2017-08-12,40,GROCERY I,10739.0,6852.4805,3886.51953125,3886.51953125,15105034.06678772,"(416.108, 18340.0]"
2017-08-13,40,GROCERY I,5364.0,7225.1406,-1861.140625,1861.140625,3463844.4260253906,"(416.108, 18340.0]"
2017-08-15,40,GROCERY I,4793.0,6102.2114,-1309.21142578125,1309.21142578125,1714034.5573961737,"(416.108, 18340.0]"
2017-07-24,40,HOME CARE,1003.0,354.82733,648.1726684570312,648.1726684570312,420127.80813470855,"(416.108, 18340.0]"
2017-08-01,40,HOME CARE,1196.0,560.5574,635.442626953125,635.442626953125,403787.3321490884,"(416.108, 18340.0]"
2017-08-02,40,HOME CARE,918.0,541.5581,376.44189453125,376.44189453125,141708.49995827675,"(416.108, 18340.0]"
2017-08-10,40,HOME CARE,587.0,287.60544,299.3945617675781,299.3945617675781,89637.10361600015,"(416.108, 18340.0]"
2017-08-02,40,PERSONAL CARE,657.0,345.9888,311.0111999511719,311.0111999511719,96727.9664950678,"(416.108, 18340.0]"
2017-08-05,40,PRODUCE,1085.295,1388.6245,-303.3295117187499,303.3295117187499,92008.79267953524,"(416.108, 18340.0]"
2017-08-07,40,PRODUCE,1408.436,1111.9086,296.5274306640624,296.5274306640624,87928.51713623035,"(416.108, 18340.0]"
2017-07-20,41,BEVERAGES,4108.0,2151.015,1956.985107421875,1956.985107421875,3829790.710671008,"(416.108, 18340.0]"
2017-07-21,41,BEVERAGES,2245.0,3333.1963,-1088.1962890625,1088.1962890625,1184171.163529396,"(416.108, 18340.0]"
2017-07-22,41,BEVERAGES,4829.0,3148.2842,1680.7158203125,1680.7158203125,2824805.66864872,"(416.108, 18340.0]"
2017-07-24,41,BEVERAGES,2561.0,3296.3042,-735.30419921875,735.30419921875,540672.2653887272,"(416.108, 18340.0]"
2017-07-26,41,BEVERAGES,2870.0,2165.857,704.14306640625,704.14306640625,495817.4579679966,"(416.108, 18340.0]"
2017-07-27,41,BEVERAGES,1743.0,2515.3208,-772.32080078125,772.32080078125,596479.4193193913,"(416.108, 18340.0]"
2017-07-28,41,BEVERAGES,2490.0,2134.9543,355.045654296875,355.045654296875,126057.41663509607,"(416.108, 18340.0]"
2017-07-29,41,BEVERAGES,4458.0,3436.7576,1021.242431640625,1021.242431640625,1042936.1041832566,"(416.108, 18340.0]"
2017-07-31,41,BEVERAGES,3026.0,3521.089,-495.089111328125,495.089111328125,245113.22815567252,"(416.108, 18340.0]"
2017-08-02,41,BEVERAGES,4794.0,2772.1472,2021.852783203125,2021.852783203125,4087888.676946223,"(416.108, 18340.0]"
2017-08-03,41,BEVERAGES,1518.0,3150.2576,-1632.257568359375,1632.257568359375,2664264.76946646,"(416.108, 18340.0]"
2017-08-04,41,BEVERAGES,1615.0,2136.2483,-521.248291015625,521.248291015625,271699.7808867097,"(416.108, 18340.0]"
2017-08-05,41,BEVERAGES,2559.0,3397.2673,-838.267333984375,838.267333984375,702692.1232252717,"(416.108, 18340.0]"
2017-08-06,41,BEVERAGES,3278.0,3924.3245,-646.324462890625,646.324462890625,417735.3113308549,"(416.108, 18340.0]"
2017-08-07,41,BEVERAGES,2274.0,2587.055,-313.054931640625,313.054931640625,98003.3902245164,"(416.108, 18340.0]"
2017-08-08,41,BEVERAGES,1587.0,2085.1404,-498.140380859375,498.140380859375,248143.8390427232,"(416.108, 18340.0]"
2017-08-11,41,BEVERAGES,2298.0,1676.3295,621.6705322265625,621.6705322265625,386474.2506388575,"(416.108, 18340.0]"
2017-08-12,41,BEVERAGES,2149.0,2612.7258,-463.725830078125,463.725830078125,215041.6454816461,"(416.108, 18340.0]"
2017-08-14,41,BEVERAGES,1849.0,2227.7876,-378.78759765625,378.78759765625,143480.04413819313,"(416.108, 18340.0]"
2017-07-20,41,CLEANING,1413.0,965.2088,447.7911987304688,447.7911987304688,200516.95766047016,"(416.108, 18340.0]"
2017-07-21,41,CLEANING,2310.0,1170.704,1139.2960205078125,1139.2960205078125,1297995.422344938,"(416.108, 18340.0]"
2017-07-23,41,CLEANING,3381.0,1770.2792,1610.7208251953125,1610.7208251953125,2594421.5767178684,"(416.108, 18340.0]"
2017-07-24,41,CLEANING,1035.0,1407.3733,-372.373291015625,372.373291015625,138661.86786180735,"(416.108, 18340.0]"
2017-07-26,41,CLEANING,1529.0,1020.0022,508.997802734375,508.997802734375,259078.76318842173,"(416.108, 18340.0]"
2017-07-27,41,CLEANING,2386.0,1262.1282,1123.871826171875,1123.871826171875,1263087.8816629052,"(416.108, 18340.0]"
2017-07-28,41,CLEANING,1025.0,1806.7025,-781.7025146484375,781.7025146484375,611058.8214076906,"(416.108, 18340.0]"
2017-07-29,41,CLEANING,1086.0,1476.5045,-390.5045166015625,390.5045166015625,152493.77748622,"(416.108, 18340.0]"
2017-07-30,41,CLEANING,1567.0,2059.3428,-492.3427734375,492.3427734375,242401.40655612943,"(416.108, 18340.0]"
2017-08-02,41,CLEANING,1522.0,1168.6389,353.361083984375,353.361083984375,124864.05567461252,"(416.108, 18340.0]"
2017-08-03,41,CLEANING,831.0,1563.9877,-732.9876708984375,732.9876708984375,537270.9256891161,"(416.108, 18340.0]"
2017-08-09,41,CLEANING,794.0,1133.3384,-339.33837890625,339.33837890625,115150.5353987217,"(416.108, 18340.0]"
2017-08-13,41,CLEANING,1059.0,1407.9374,-348.9373779296875,348.9373779296875,121757.29371644557,"(416.108, 18340.0]"
2017-07-19,41,GROCERY I,6232.0,3447.4016,2784.598388671875,2784.598388671875,7753988.186194003,"(416.108, 18340.0]"
2017-07-20,41,GROCERY I,3130.0,4115.1763,-985.17626953125,985.17626953125,970572.28204751,"(416.108, 18340.0]"
2017-07-21,41,GROCERY I,3680.0,3352.182,327.818115234375,327.818115234375,107464.71667581797,"(416.108, 18340.0]"
2017-07-22,41,GROCERY I,5172.0,4386.543,785.45703125,785.45703125,616942.7479400635,"(416.108, 18340.0]"
2017-07-23,41,GROCERY I,6423.0,5359.4233,1063.57666015625,1063.57666015625,1131195.3120291233,"(416.108, 18340.0]"
2017-07-25,41,GROCERY I,3128.0,3447.2136,-319.213623046875,319.213623046875,101897.3371387124,"(416.108, 18340.0]"
2017-07-26,41,GROCERY I,4264.0,3539.2366,724.763427734375,724.763427734375,525282.0261812806,"(416.108, 18340.0]"
2017-07-27,41,GROCERY I,3389.0,3091.6777,297.322265625,297.322265625,88400.52963638306,"(416.108, 18340.0]"
2017-07-29,41,GROCERY I,4509.0,5034.3623,-525.3623046875,525.3623046875,276005.5511865616,"(416.108, 18340.0]"
2017-07-31,41,GROCERY I,3547.0,4753.5835,-1206.58349609375,1206.58349609375,1455843.7330458164,"(416.108, 18340.0]"
2017-08-01,41,GROCERY I,5081.0,4694.986,386.01416015625,386.01416015625,149006.93184113505,"(416.108, 18340.0]"
2017-08-02,41,GROCERY I,5044.0,4560.2183,483.78173828125,483.78173828125,234044.77029442787,"(416.108, 18340.0]"
2017-08-03,41,GROCERY I,3257.0,3728.087,-471.0869140625,471.0869140625,221922.8806009293,"(416.108, 18340.0]"
2017-08-04,41,GROCERY I,3067.0,3799.5364,-732.536376953125,732.536376953125,536609.5435596108,"(416.108, 18340.0]"
2017-08-06,41,GROCERY I,5608.0,5927.7676,-319.767578125,319.767578125,102251.30401992798,"(416.108, 18340.0]"
2017-08-07,41,GROCERY I,3578.0,4103.1904,-525.1904296875,525.1904296875,275824.9874353409,"(416.108, 18340.0]"
2017-08-08,41,GROCERY I,2946.0,3261.054,-315.053955078125,315.053955078125,99258.9946103692,"(416.108, 18340.0]"
2017-08-10,41,GROCERY I,2632.0,2983.2148,-351.21484375,351.21484375,123351.86647033691,"(416.108, 18340.0]"
2017-08-11,41,GROCERY I,3970.0,3171.0352,798.96484375,798.96484375,638344.8215484619,"(416.108, 18340.0]"
2017-08-12,41,GROCERY I,3631.0,4614.6733,-983.67333984375,983.67333984375,967613.2395193576,"(416.108, 18340.0]"
2017-08-13,41,GROCERY I,4188.0,4848.1274,-660.12744140625,660.12744140625,435768.238897562,"(416.108, 18340.0]"
2017-08-14,41,GROCERY I,2974.0,3451.106,-477.10595703125,477.10595703125,227630.09423470497,"(416.108, 18340.0]"
2017-07-20,41,"LIQUOR,WINE,BEER",356.0,62.111595,293.8884048461914,293.8884048461914,86370.3945030389,"(83.0, 416.108]"
2017-07-21,41,"LIQUOR,WINE,BEER",463.0,146.08156,316.91844177246094,316.91844177246094,100437.29873548471,"(416.108, 18340.0]"
2017-08-02,41,"LIQUOR,WINE,BEER",590.0,128.10283,461.8971710205078,461.8971710205078,213348.99659674824,"(416.108, 18340.0]"
2017-07-22,41,PERSONAL CARE,405.0,968.0036,-563.0036010742188,563.0036010742188,316973.05482253805,"(83.0, 416.108]"
2017-07-25,41,PERSONAL CARE,928.0,323.39398,604.6060180664062,604.6060180664062,365548.4370821156,"(416.108, 18340.0]"
2017-07-26,41,PERSONAL CARE,963.0,428.84995,534.1500549316406,534.1500549316406,285316.2811834747,"(416.108, 18340.0]"
2017-07-29,41,PERSONAL CARE,1027.0,470.4967,556.5032958984375,556.5032958984375,309695.9183458239,"(416.108, 18340.0]"
2017-08-01,41,PERSONAL CARE,838.0,478.37637,359.6236267089844,359.6236267089844,129329.15288732294,"(416.108, 18340.0]"
2017-08-02,41,PERSONAL CARE,1608.0,618.8589,989.14111328125,989.14111328125,978400.1419832706,"(416.108, 18340.0]"
2017-08-03,41,PERSONAL CARE,231.0,791.79565,-560.795654296875,560.795654296875,314491.76587826014,"(83.0, 416.108]"
2017-08-08,41,PERSONAL CARE,251.0,549.34094,-298.3409423828125,298.3409423828125,89007.31790186465,"(83.0, 416.108]"
2017-08-09,41,PERSONAL CARE,243.0,526.3432,-283.3432006835937,283.3432006835937,80283.36937362328,"(83.0, 416.108]"
2017-08-05,41,PRODUCE,2095.668,2382.604,-286.9360039062499,286.9360039062499,82332.27033768744,"(416.108, 18340.0]"
2017-08-06,41,PRODUCE,3198.26,2646.5195,551.7404687500002,551.7404687500002,304417.54485647,"(416.108, 18340.0]"
2017-08-09,41,PRODUCE,2606.681,2886.1887,-279.50772070312496,279.50772070312496,78124.56593265611,"(416.108, 18340.0]"
2017-08-11,41,PRODUCE,2268.481,1856.3239,412.1571474609377,412.1571474609377,169873.51420313717,"(416.108, 18340.0]"
2017-08-12,41,PRODUCE,1904.598,2330.1577,-425.5597148437501,425.5597148437501,181101.07089789383,"(416.108, 18340.0]"
2017-07-19,42,BEVERAGES,3581.0,2528.1526,1052.847412109375,1052.847412109375,1108487.673185408,"(416.108, 18340.0]"
2017-07-20,42,BEVERAGES,2098.0,2767.185,-669.18505859375,669.18505859375,447808.6426451206,"(416.108, 18340.0]"
2017-07-21,42,BEVERAGES,3443.0,2696.258,746.741943359375,746.741943359375,557623.529972136,"(416.108, 18340.0]"
2017-07-22,42,BEVERAGES,3205.0,3876.79,-671.7900390625,671.7900390625,451301.8565835953,"(416.108, 18340.0]"
2017-07-23,42,BEVERAGES,3465.0,3760.2847,-295.28466796875,295.28466796875,87193.03513741493,"(416.108, 18340.0]"
2017-07-24,42,BEVERAGES,3792.0,2649.8367,1142.163330078125,1142.163330078125,1304537.072575152,"(416.108, 18340.0]"
2017-07-26,42,BEVERAGES,3692.0,2453.643,1238.35693359375,1238.35693359375,1533527.894979715,"(416.108, 18340.0]"
2017-07-27,42,BEVERAGES,1940.0,2616.144,-676.14404296875,676.14404296875,457170.7668421269,"(416.108, 18340.0]"
2017-07-29,42,BEVERAGES,5286.0,3818.4194,1467.58056640625,1467.58056640625,2153792.7188932896,"(416.108, 18340.0]"
2017-07-30,42,BEVERAGES,3922.0,4277.9663,-355.96630859375,355.96630859375,126712.01285386086,"(416.108, 18340.0]"
2017-07-31,42,BEVERAGES,2615.0,3409.2927,-794.292724609375,794.292724609375,630900.9323673844,"(416.108, 18340.0]"
2017-08-01,42,BEVERAGES,5818.0,3260.5527,2557.447265625,2557.447265625,6540536.516452789,"(416.108, 18340.0]"
2017-08-02,42,BEVERAGES,2957.0,4118.017,-1161.01708984375,1161.01708984375,1347960.6829092505,"(416.108, 18340.0]"
2017-08-03,42,BEVERAGES,1904.0,2593.428,-689.427978515625,689.427978515625,475310.9375601411,"(416.108, 18340.0]"
2017-08-04,42,BEVERAGES,2413.0,2726.5532,-313.55322265625,313.55322265625,98315.62343811987,"(416.108, 18340.0]"
2017-08-05,42,BEVERAGES,2994.0,3859.6638,-865.663818359375,865.663818359375,749373.846416533,"(416.108, 18340.0]"
2017-08-06,42,BEVERAGES,2787.0,3549.6165,-762.616455078125,762.616455078125,581583.8575559258,"(416.108, 18340.0]"
2017-08-08,42,BEVERAGES,1891.0,2302.9172,-411.917236328125,411.917236328125,169675.80958420038,"(416.108, 18340.0]"
2017-08-09,42,BEVERAGES,1943.0,2314.0298,-371.02978515625,371.02978515625,137663.10147309303,"(416.108, 18340.0]"
2017-08-11,42,BEVERAGES,1906.0,2224.321,-318.321044921875,318.321044921875,101328.28764015436,"(416.108, 18340.0]"
2017-08-12,42,BEVERAGES,1797.0,2984.7734,-1187.7734375,1187.7734375,1410805.7388305664,"(416.108, 18340.0]"
2017-08-13,42,BEVERAGES,1825.0,2620.0554,-795.055419921875,795.055419921875,632113.120747149,"(416.108, 18340.0]"
2017-08-12,42,DAIRY,658.0,960.54706,-302.54705810546875,302.54705810546875,91534.72236827388,"(416.108, 18340.0]"
2017-07-28,42,GROCERY I,3054.0,2760.9282,293.07177734375,293.07177734375,85891.06667542458,"(416.108, 18340.0]"
2017-07-29,42,GROCERY I,3468.0,4215.586,-747.5859375,747.5859375,558884.7339477539,"(416.108, 18340.0]"
2017-07-30,42,GROCERY I,3619.0,4531.4683,-912.46826171875,912.46826171875,832598.3286440372,"(416.108, 18340.0]"
2017-07-31,42,GROCERY I,3418.0,3780.119,-362.118896484375,362.118896484375,131130.0951910615,"(416.108, 18340.0]"
2017-08-03,42,GROCERY I,2654.0,3230.9443,-576.9443359375,576.9443359375,332864.76677036285,"(416.108, 18340.0]"
2017-08-05,42,GROCERY I,3602.0,4271.2617,-669.26171875,669.26171875,447911.2481842041,"(416.108, 18340.0]"
2017-08-06,42,GROCERY I,3353.0,4187.913,-834.9130859375,834.9130859375,697079.8610696793,"(416.108, 18340.0]"
2017-08-08,42,GROCERY I,2533.0,2961.4167,-428.416748046875,428.416748046875,183540.9100070596,"(416.108, 18340.0]"
2017-08-12,42,GROCERY I,2252.0,3447.5981,-1195.59814453125,1195.59814453125,1429454.9232065678,"(416.108, 18340.0]"
2017-08-13,42,GROCERY I,2527.0,3262.7537,-735.753662109375,735.753662109375,541333.4513073564,"(416.108, 18340.0]"
2017-08-15,42,GROCERY I,2325.0,2749.292,-424.2919921875,424.2919921875,180023.69463443756,"(416.108, 18340.0]"
2017-07-22,42,PRODUCE,2750.182,3061.6863,-311.5042792968752,311.5042792968752,97034.91602026563,"(416.108, 18340.0]"
2017-07-26,42,PRODUCE,2964.835,3440.0056,-475.17061523437496,475.17061523437496,225787.11358221443,"(416.108, 18340.0]"
2017-07-29,42,PRODUCE,2411.459,3007.2944,-595.8354335937502,595.8354335937502,355019.8639258523,"(416.108, 18340.0]"
2017-07-30,42,PRODUCE,2593.261,3146.5212,-553.260240234375,553.260240234375,306096.8934241984,"(416.108, 18340.0]"
2017-08-02,42,PRODUCE,3325.796,3685.0613,-359.2652792968752,359.2652792968752,129071.54090826173,"(416.108, 18340.0]"
2017-08-05,42,PRODUCE,2683.945,2962.8242,-278.87921874999984,278.87921874999984,77773.61865061025,"(416.108, 18340.0]"
2017-08-06,42,PRODUCE,2322.126,2881.8264,-559.7004160156248,559.7004160156248,313264.55568806344,"(416.108, 18340.0]"
2017-08-12,42,PRODUCE,1853.27,2620.5518,-767.2817578125,767.2817578125,588721.29587184,"(416.108, 18340.0]"
2017-08-13,42,PRODUCE,2053.608,2365.3818,-311.7738359374998,311.7738359374998,97202.92477518306,"(416.108, 18340.0]"
2017-08-14,42,PRODUCE,2703.825,2099.7263,604.0986816406248,604.0986816406248,364935.217159941,"(416.108, 18340.0]"
2017-07-19,43,BEVERAGES,4034.0,4486.67,-452.669921875,452.669921875,204910.0581703186,"(416.108, 18340.0]"
2017-07-20,43,BEVERAGES,3644.0,4274.874,-630.8740234375,630.8740234375,398002.0334482193,"(416.108, 18340.0]"
2017-07-22,43,BEVERAGES,6410.0,5617.3135,792.6865234375,792.6865234375,628351.9244394302,"(416.108, 18340.0]"
2017-07-23,43,BEVERAGES,5159.0,6539.145,-1380.14501953125,1380.14501953125,1904800.2749369144,"(416.108, 18340.0]"
2017-07-24,43,BEVERAGES,7380.0,5237.3647,2142.63525390625,2142.63525390625,4590885.8312819,"(416.108, 18340.0]"
2017-07-25,43,BEVERAGES,5915.0,4761.1855,1153.814453125,1153.814453125,1331287.7922401428,"(416.108, 18340.0]"
2017-07-26,43,BEVERAGES,3729.0,4589.3003,-860.30029296875,860.30029296875,740116.5940821171,"(416.108, 18340.0]"
2017-07-27,43,BEVERAGES,4741.0,3826.0464,914.95361328125,914.95361328125,837140.1144564152,"(416.108, 18340.0]"
2017-07-28,43,BEVERAGES,4020.0,4683.2124,-663.21240234375,663.21240234375,439850.6906225681,"(416.108, 18340.0]"
2017-07-29,43,BEVERAGES,4993.0,6324.2983,-1331.29833984375,1331.29833984375,1772355.2696707249,"(416.108, 18340.0]"
2017-07-30,43,BEVERAGES,6338.0,6022.714,315.2861328125,315.2861328125,99405.3455438614,"(416.108, 18340.0]"
2017-07-31,43,BEVERAGES,5174.0,5909.7197,-735.7197265625,735.7197265625,541283.5160531998,"(416.108, 18340.0]"
2017-08-01,43,BEVERAGES,5396.0,6227.905,-831.90478515625,831.90478515625,692065.5715658665,"(416.108, 18340.0]"
2017-08-03,43,BEVERAGES,3784.0,4535.1655,-751.16552734375,751.16552734375,564249.649469614,"(416.108, 18340.0]"
2017-08-04,43,BEVERAGES,7612.0,4628.306,2983.69384765625,2983.69384765625,8902428.976541758,"(416.108, 18340.0]"
2017-08-05,43,BEVERAGES,5079.0,6574.142,-1495.14208984375,1495.14208984375,2235449.868822336,"(416.108, 18340.0]"
2017-08-08,43,BEVERAGES,4658.0,4990.8027,-332.802734375,332.802734375,110757.6600074768,"(416.108, 18340.0]"
2017-08-10,43,BEVERAGES,5230.0,4198.486,1031.51416015625,1031.51416015625,1064021.4626028538,"(416.108, 18340.0]"
2017-08-12,43,BEVERAGES,4620.0,5591.4727,-971.47265625,971.47265625,943759.1218414308,"(416.108, 18340.0]"
2017-08-13,43,BEVERAGES,5463.0,6330.9106,-867.91064453125,867.91064453125,753268.8868906498,"(416.108, 18340.0]"
2017-08-14,43,BEVERAGES,5794.0,5316.109,477.89111328125,477.89111328125,228379.9161531925,"(416.108, 18340.0]"
2017-07-24,43,CLEANING,1530.0,1073.4058,456.59423828125,456.59423828125,208478.2984316349,"(416.108, 18340.0]"
2017-08-05,43,CLEANING,1200.0,1580.5983,-380.5982666015625,380.5982666015625,144855.04054011405,"(416.108, 18340.0]"
2017-07-21,43,GROCERY I,4388.836,3953.4758,435.3601699218752,435.3601699218752,189538.4775544041,"(416.108, 18340.0]"
2017-07-22,43,GROCERY I,5310.039,5021.809,288.22991796874976,288.22991796874976,83076.48561227221,"(416.108, 18340.0]"
2017-07-23,43,GROCERY I,4909.383,6148.935,-1239.5520585937502,1239.5520585937502,1536489.305964004,"(416.108, 18340.0]"
2017-07-24,43,GROCERY I,5847.266,4572.7656,1274.5003749999996,1274.5003749999996,1624351.2058751397,"(416.108, 18340.0]"
2017-07-26,43,GROCERY I,3704.484,3997.1047,-292.6207363281251,292.6207363281251,85626.8953292141,"(416.108, 18340.0]"
2017-07-27,43,GROCERY I,3900.398,3503.021,397.3770039062501,397.3770039062501,157908.48323350793,"(416.108, 18340.0]"
2017-07-30,43,GROCERY I,6751.586,6015.0654,736.5205703125002,736.5205703125002,542462.5504934506,"(416.108, 18340.0]"
2017-08-01,43,GROCERY I,5887.141,6363.5674,-476.4263828125004,476.4263828125004,226982.0982398032,"(416.108, 18340.0]"
2017-08-03,43,GROCERY I,4170.945,4858.246,-687.3010937500003,687.3010937500003,472382.7934699467,"(416.108, 18340.0]"
2017-08-04,43,GROCERY I,5389.0,4893.279,495.72119140625,495.72119140625,245739.49960923195,"(416.108, 18340.0]"
2017-08-05,43,GROCERY I,4592.297,6357.719,-1765.4222382812504,1765.4222382812504,3116715.6794179804,"(416.108, 18340.0]"
2017-08-06,43,GROCERY I,6556.031,5911.231,644.80004296875,644.80004296875,415767.0954125018,"(416.108, 18340.0]"
2017-08-07,43,GROCERY I,5868.57,5494.6816,373.8883593749997,373.8883593749997,139792.50527612894,"(416.108, 18340.0]"
2017-08-09,43,GROCERY I,4050.469,4352.1787,-301.70971093749995,301.70971093749995,91028.74967398978,"(416.108, 18340.0]"
2017-08-11,43,GROCERY I,4817.773,5152.061,-334.28803515624986,334.28803515624986,111748.49044862614,"(416.108, 18340.0]"
2017-08-12,43,GROCERY I,4362.086,4998.862,-636.7758164062498,636.7758164062498,405483.4403598459,"(416.108, 18340.0]"
2017-08-13,43,GROCERY I,6367.102,5595.751,771.3510234374999,771.3510234374999,594982.4013580785,"(416.108, 18340.0]"
2017-07-20,43,PRODUCE,692.93,1090.349,-397.4189990234376,397.4189990234376,157941.86078479106,"(416.108, 18340.0]"
2017-07-21,43,PRODUCE,1298.946,954.1026,344.84339990234366,344.84339990234366,118916.97045620772,"(416.108, 18340.0]"
2017-07-23,43,PRODUCE,1179.033,1555.5176,-376.4845781250001,376.4845781250001,141740.6375659593,"(416.108, 18340.0]"
2017-07-24,43,PRODUCE,1384.182,1084.8633,299.31871875,299.31871875,89591.69539414161,"(416.108, 18340.0]"
2017-08-04,43,PRODUCE,1636.728,1219.4163,417.3117402343751,417.3117402343751,174149.08853744253,"(416.108, 18340.0]"
2017-08-05,43,PRODUCE,1038.204,1570.1157,-531.91172265625,531.91172265625,282930.08069913945,"(416.108, 18340.0]"
2017-08-08,43,PRODUCE,2629.656,1982.42,647.2359560546874,647.2359560546874,418914.3828100253,"(416.108, 18340.0]"
2017-08-11,43,PRODUCE,1652.402,1209.1824,443.219626953125,443.219626953125,196443.6377164673,"(416.108, 18340.0]"
2017-08-14,43,PRODUCE,1482.045,1191.9983,290.0467089843751,290.0467089843751,84127.09339266676,"(416.108, 18340.0]"
2017-08-15,43,PRODUCE,1743.106,2160.829,-417.7231015625,417.7231015625,174492.5895789947,"(416.108, 18340.0]"
2017-07-19,44,BEVERAGES,9559.0,9076.977,482.0234375,482.0234375,232346.5942993164,"(416.108, 18340.0]"
2017-07-20,44,BEVERAGES,7934.0,7622.34,311.66015625,311.66015625,97132.0529937744,"(416.108, 18340.0]"
2017-07-22,44,BEVERAGES,15048.0,13510.336,1537.6640625,1537.6640625,2364410.769104004,"(416.108, 18340.0]"
2017-07-23,44,BEVERAGES,14396.0,14958.797,-562.796875,562.796875,316740.3225097656,"(416.108, 18340.0]"
2017-07-24,44,BEVERAGES,9830.0,8185.4287,1644.5712890625,1644.5712890625,2704614.724808693,"(416.108, 18340.0]"
2017-07-25,44,BEVERAGES,6862.0,7509.5674,-647.5673828125,647.5673828125,419343.5152826309,"(416.108, 18340.0]"
2017-07-26,44,BEVERAGES,7453.0,8764.134,-1311.1337890625,1311.1337890625,1719071.8128213882,"(416.108, 18340.0]"
2017-07-27,44,BEVERAGES,7400.0,6984.1733,415.82666015625,415.82666015625,172911.81129670143,"(416.108, 18340.0]"
2017-07-28,44,BEVERAGES,10013.0,9039.944,973.0556640625,973.0556640625,946837.3253641129,"(416.108, 18340.0]"
2017-07-29,44,BEVERAGES,16087.0,13231.826,2855.173828125,2855.173828125,8152017.588809967,"(416.108, 18340.0]"
2017-07-30,44,BEVERAGES,18340.0,14445.797,3894.203125,3894.203125,15164817.978759766,"(416.108, 18340.0]"
2017-07-31,44,BEVERAGES,10860.0,8802.361,2057.638671875,2057.638671875,4233876.903995514,"(416.108, 18340.0]"
2017-08-01,44,BEVERAGES,10808.0,10408.484,399.515625,399.515625,159612.73461914062,"(416.108, 18340.0]"
2017-08-02,44,BEVERAGES,9461.0,9980.854,-519.853515625,519.853515625,270247.6777076721,"(416.108, 18340.0]"
2017-08-03,44,BEVERAGES,7396.0,7773.9185,-377.91845703125,377.91845703125,142822.36016488075,"(416.108, 18340.0]"
2017-08-04,44,BEVERAGES,8620.0,9685.832,-1065.83203125,1065.83203125,1135997.918838501,"(416.108, 18340.0]"
2017-08-05,44,BEVERAGES,12455.0,13884.798,-1429.7978515625,1429.7978515625,2044321.8963327408,"(416.108, 18340.0]"
2017-08-06,44,BEVERAGES,12913.0,15003.648,-2090.6484375,2090.6484375,4370810.889221191,"(416.108, 18340.0]"
2017-08-07,44,BEVERAGES,8254.0,8742.081,-488.0810546875,488.0810546875,238223.1159448624,"(416.108, 18340.0]"
2017-08-08,44,BEVERAGES,6967.0,7728.96,-761.9599609375,761.9599609375,580582.9820718765,"(416.108, 18340.0]"
2017-08-09,44,BEVERAGES,7679.0,8415.497,-736.4970703125,736.4970703125,542427.9345788956,"(416.108, 18340.0]"
2017-08-10,44,BEVERAGES,7595.0,7197.3535,397.646484375,397.646484375,158122.72653579712,"(416.108, 18340.0]"
2017-08-12,44,BEVERAGES,9624.0,12973.608,-3349.6083984375,3349.6083984375,11219876.422883034,"(416.108, 18340.0]"
2017-08-13,44,BEVERAGES,10491.0,13881.949,-3390.94921875,3390.94921875,11498536.604141235,"(416.108, 18340.0]"
2017-08-14,44,BEVERAGES,7322.0,8106.27,-784.27001953125,784.27001953125,615079.4635355473,"(416.108, 18340.0]"
2017-08-15,44,BEVERAGES,7351.0,7676.163,-325.1630859375,325.1630859375,105731.032456398,"(416.108, 18340.0]"
2017-08-12,44,BREAD/BAKERY,1625.735,1986.7518,-361.0168310546876,361.0168310546876,130333.15230476884,"(416.108, 18340.0]"
2017-07-19,44,CLEANING,2972.0,2412.2324,559.767578125,559.767578125,313339.741519928,"(416.108, 18340.0]"
2017-07-23,44,CLEANING,4047.0,3625.7644,421.235595703125,421.235595703125,177439.42708736658,"(416.108, 18340.0]"
2017-07-25,44,CLEANING,2550.0,2140.6418,409.358154296875,409.358154296875,167574.09848934412,"(416.108, 18340.0]"
2017-07-26,44,CLEANING,3043.0,2487.7595,555.240478515625,555.240478515625,308291.9889822602,"(416.108, 18340.0]"
2017-08-04,44,CLEANING,2289.0,2690.966,-401.966064453125,401.966064453125,161576.71697193384,"(416.108, 18340.0]"
2017-08-05,44,CLEANING,2889.0,3702.782,-813.781982421875,813.781982421875,662241.1149144769,"(416.108, 18340.0]"
2017-08-06,44,CLEANING,3196.0,3684.0598,-488.059814453125,488.059814453125,238202.3824840188,"(416.108, 18340.0]"
2017-08-07,44,CLEANING,1967.0,2470.5283,-503.5283203125,503.5283203125,253540.7693567276,"(416.108, 18340.0]"
2017-08-09,44,CLEANING,1878.0,2407.553,-529.552978515625,529.552978515625,280426.35705477,"(416.108, 18340.0]"
2017-08-12,44,CLEANING,2143.0,2835.1282,-692.128173828125,692.128173828125,479041.4090066552,"(416.108, 18340.0]"
2017-08-13,44,CLEANING,2300.0,2878.68,-578.679931640625,578.679931640625,334870.4632835984,"(416.108, 18340.0]"
2017-07-31,44,DAIRY,2344.0,2622.959,-278.958984375,278.958984375,77818.1149635315,"(416.108, 18340.0]"
2017-08-05,44,DAIRY,3229.0,3553.8965,-324.896484375,324.896484375,105557.72555923462,"(416.108, 18340.0]"
2017-08-11,44,DAIRY,2644.0,2278.4802,365.519775390625,365.519775390625,133604.70620161295,"(416.108, 18340.0]"
2017-08-12,44,DAIRY,2531.0,3148.9854,-617.9853515625,617.9853515625,381905.8947458267,"(416.108, 18340.0]"
2017-08-13,44,DAIRY,2943.0,3246.148,-303.14794921875,303.14794921875,91898.67911553384,"(416.108, 18340.0]"
2017-07-19,44,GROCERY I,9381.0,8927.383,453.6171875,453.6171875,205768.55279541016,"(416.108, 18340.0]"
2017-07-20,44,GROCERY I,7943.0,7297.094,645.90576171875,645.90576171875,417194.25302147865,"(416.108, 18340.0]"
2017-07-21,44,GROCERY I,10264.0,9385.178,878.822265625,878.822265625,772328.574558258,"(416.108, 18340.0]"
2017-07-22,44,GROCERY I,12455.0,12943.934,-488.93359375,488.93359375,239056.05909729004,"(416.108, 18340.0]"
2017-07-24,44,GROCERY I,9370.0,9040.983,329.0166015625,329.0166015625,108251.92410373688,"(416.108, 18340.0]"
2017-07-29,44,GROCERY I,13931.0,13145.456,785.5439453125,785.5439453125,617079.290017128,"(416.108, 18340.0]"
2017-08-02,44,GROCERY I,11156.0,11553.951,-397.951171875,397.951171875,158365.1351966858,"(416.108, 18340.0]"
2017-08-04,44,GROCERY I,9346.0,11422.934,-2076.93359375,2076.93359375,4313653.15284729,"(416.108, 18340.0]"
2017-08-05,44,GROCERY I,12463.0,14522.237,-2059.2373046875,2059.2373046875,4240458.27701664,"(416.108, 18340.0]"
2017-08-06,44,GROCERY I,13248.0,15706.133,-2458.1328125,2458.1328125,6042416.92388916,"(416.108, 18340.0]"
2017-08-07,44,GROCERY I,8497.0,9319.621,-822.62109375,822.62109375,676705.4638824463,"(416.108, 18340.0]"
2017-08-09,44,GROCERY I,8062.0,9161.421,-1099.4208984375,1099.4208984375,1208726.3119211197,"(416.108, 18340.0]"
2017-08-10,44,GROCERY I,7097.0,7484.294,-387.2939453125,387.2939453125,149996.60007572174,"(416.108, 18340.0]"
2017-08-11,44,GROCERY I,9979.0,11458.162,-1479.162109375,1479.162109375,2187920.5458106995,"(416.108, 18340.0]"
2017-08-12,44,GROCERY I,9391.0,12954.883,-3563.8828125,3563.8828125,12701260.70123291,"(416.108, 18340.0]"
2017-08-13,44,GROCERY I,9811.0,13665.405,-3854.4052734375,3854.4052734375,14856440.01190281,"(416.108, 18340.0]"
2017-08-14,44,GROCERY I,8318.0,10479.022,-2161.0224609375,2161.0224609375,4670018.076676369,"(416.108, 18340.0]"
2017-08-15,44,GROCERY I,8123.0,8416.583,-293.5830078125,293.5830078125,86190.98247623444,"(416.108, 18340.0]"
2017-08-05,44,HOME CARE,776.0,1128.1885,-352.1884765625,352.1884765625,124036.7230234146,"(416.108, 18340.0]"
2017-08-06,44,HOME CARE,942.0,1416.4534,-474.453369140625,474.453369140625,225105.99948889017,"(416.108, 18340.0]"
2017-08-11,44,PERSONAL CARE,773.0,460.0074,312.9926147460937,312.9926147460937,97964.37688559666,"(416.108, 18340.0]"
2017-08-12,44,PERSONAL CARE,595.0,906.06635,-311.0663452148437,311.0663452148437,96762.27112532036,"(416.108, 18340.0]"
2017-07-22,44,PRODUCE,11227.388,11686.765,-459.3766484374992,459.3766484374992,211026.9051296697,"(416.108, 18340.0]"
2017-07-23,44,PRODUCE,13070.116,12677.61,392.5056484375,392.5056484375,154060.68405534234,"(416.108, 18340.0]"
2017-07-24,44,PRODUCE,8716.764,8091.0815,625.6824570312492,625.6824570312492,391478.537036661,"(416.108, 18340.0]"
2017-07-25,44,PRODUCE,6774.872,7435.6895,-660.8174531249997,660.8174531249997,436679.7063546112,"(416.108, 18340.0]"
2017-07-26,44,PRODUCE,11827.345,12792.996,-965.6510937500008,965.6510937500008,932482.0348605724,"(416.108, 18340.0]"
2017-07-28,44,PRODUCE,8225.915,8650.722,-424.8066796874991,424.8066796874991,180460.7151071175,"(416.108, 18340.0]"
2017-08-01,44,PRODUCE,8505.211,8805.106,-299.89544531250067,299.89544531250067,89937.27811918307,"(416.108, 18340.0]"
2017-08-03,44,PRODUCE,7084.905,7674.1763,-589.2712695312503,589.2712695312503,347240.6290949714,"(416.108, 18340.0]"
2017-08-04,44,PRODUCE,8396.099,9844.87,-1448.7711171874998,1448.7711171874998,2098937.7499967166,"(416.108, 18340.0]"
2017-08-05,44,PRODUCE,10463.003,12459.961,-1996.9579374999996,1996.9579374999996,3987841.0041442513,"(416.108, 18340.0]"
2017-08-06,44,PRODUCE,12913.622,13381.57,-467.9483125000006,467.9483125000006,218975.6231715982,"(416.108, 18340.0]"
2017-08-07,44,PRODUCE,8041.423,8744.587,-703.1639140625002,703.1639140625002,494439.4900396952,"(416.108, 18340.0]"
2017-08-08,44,PRODUCE,6944.087,7449.949,-505.8622187499996,505.8622187499996,255896.5843586724,"(416.108, 18340.0]"
2017-08-09,44,PRODUCE,11384.693,13078.121,-1693.4280937500007,1693.4280937500007,2867698.708701761,"(416.108, 18340.0]"
2017-08-10,44,PRODUCE,6172.147,7053.6636,-881.5165742187501,881.5165742187501,777071.470622361,"(416.108, 18340.0]"
2017-08-12,44,PRODUCE,9153.445,11696.947,-2543.5022656250003,2543.5022656250003,6469403.7752395095,"(416.108, 18340.0]"
2017-08-13,44,PRODUCE,11201.803,12429.353,-1227.5495390625,1227.5495390625,1506877.8708525563,"(416.108, 18340.0]"
2017-08-14,44,PRODUCE,8735.741,7980.211,755.5300625,755.5300625,570825.6753412539,"(416.108, 18340.0]"
2017-08-15,44,PRODUCE,7239.617,7991.5103,-751.8932539062498,751.8932539062498,565343.4652697282,"(416.108, 18340.0]"
2017-08-05,44,SCHOOL AND OFFICE SUPPLIES,699.0,297.1069,401.8930969238281,401.8930969238281,161518.0613550255,"(416.108, 18340.0]"
2017-07-19,45,BEVERAGES,8947.0,7598.6626,1348.33740234375,1348.33740234375,1818013.750559092,"(416.108, 18340.0]"
2017-07-21,45,BEVERAGES,9610.0,9316.779,293.220703125,293.220703125,85978.38074111938,"(416.108, 18340.0]"
2017-07-22,45,BEVERAGES,11341.0,12463.129,-1122.12890625,1122.12890625,1259173.2822418213,"(416.108, 18340.0]"
2017-07-24,45,BEVERAGES,8926.0,8026.008,899.9921875,899.9921875,809985.9375610352,"(416.108, 18340.0]"
2017-07-25,45,BEVERAGES,6902.0,7195.9893,-293.9892578125,293.9892578125,86429.68370914459,"(416.108, 18340.0]"
2017-07-27,45,BEVERAGES,7308.0,6204.0884,1103.91162109375,1103.91162109375,1218620.867185831,"(416.108, 18340.0]"
2017-07-28,45,BEVERAGES,10576.0,8922.062,1653.9384765625,1653.9384765625,2735512.484253884,"(416.108, 18340.0]"
2017-07-30,45,BEVERAGES,14893.0,14206.988,686.01171875,686.01171875,470612.0782623291,"(416.108, 18340.0]"
2017-07-31,45,BEVERAGES,10163.0,8752.792,1410.2080078125,1410.2080078125,1988686.6252985,"(416.108, 18340.0]"
2017-08-01,45,BEVERAGES,9111.0,10293.934,-1182.93359375,1182.93359375,1399331.88722229,"(416.108, 18340.0]"
2017-08-02,45,BEVERAGES,10317.0,9600.921,716.0791015625,716.0791015625,512769.2796945572,"(416.108, 18340.0]"
2017-08-03,45,BEVERAGES,7093.0,7706.4556,-613.45556640625,613.45556640625,376327.731954813,"(416.108, 18340.0]"
2017-08-04,45,BEVERAGES,8534.0,9368.591,-834.5908203125,834.5908203125,696541.8373498917,"(416.108, 18340.0]"
2017-08-05,45,BEVERAGES,11802.0,12725.575,-923.5751953125,923.5751953125,852991.1413965225,"(416.108, 18340.0]"
2017-08-06,45,BEVERAGES,12609.0,14537.221,-1928.220703125,1928.220703125,3718035.079959869,"(416.108, 18340.0]"
2017-08-08,45,BEVERAGES,6662.0,7289.256,-627.255859375,627.255859375,393449.9131202698,"(416.108, 18340.0]"
2017-08-09,45,BEVERAGES,6975.0,7652.393,-677.39306640625,677.39306640625,458861.3664152622,"(416.108, 18340.0]"
2017-08-10,45,BEVERAGES,6243.0,6595.7715,-352.771484375,352.771484375,124447.72018814088,"(416.108, 18340.0]"
2017-08-12,45,BEVERAGES,8969.0,11492.73,-2523.73046875,2523.73046875,6369215.478897095,"(416.108, 18340.0]"
2017-08-13,45,BEVERAGES,10671.0,13304.437,-2633.4365234375,2633.4365234375,6934987.9229745865,"(416.108, 18340.0]"
2017-08-14,45,BEVERAGES,7639.0,7324.3857,314.6142578125,314.6142578125,98982.13121891022,"(416.108, 18340.0]"
2017-07-20,45,CLEANING,2389.0,1997.8423,391.15771484375,391.15771484375,153004.35788178444,"(416.108, 18340.0]"
2017-07-24,45,CLEANING,2785.0,2473.2812,311.71875,311.71875,97168.5791015625,"(416.108, 18340.0]"
2017-08-02,45,CLEANING,3520.0,2930.221,589.779052734375,589.779052734375,347839.3310442567,"(416.108, 18340.0]"
2017-08-03,45,CLEANING,2274.0,2771.3477,-497.34765625,497.34765625,247354.69117736816,"(416.108, 18340.0]"
2017-08-05,45,CLEANING,3183.0,3755.8843,-572.88427734375,572.88427734375,328196.39522767067,"(416.108, 18340.0]"
2017-08-06,45,CLEANING,3499.0,4054.106,-555.10595703125,555.10595703125,308142.62353158,"(416.108, 18340.0]"
2017-08-07,45,CLEANING,2271.0,2657.0615,-386.0615234375,386.0615234375,149043.49987888336,"(416.108, 18340.0]"
2017-08-12,45,CLEANING,2371.0,2964.2454,-593.245361328125,593.245361328125,351940.0587373376,"(416.108, 18340.0]"
2017-08-05,45,DAIRY,2753.0,3133.8784,-380.87841796875,380.87841796875,145068.36927437782,"(416.108, 18340.0]"
2017-08-11,45,DAIRY,2497.0,2081.483,415.51708984375,415.51708984375,172654.451952219,"(416.108, 18340.0]"
2017-08-12,45,DAIRY,2248.0,2698.3455,-450.345458984375,450.345458984375,202811.03242784736,"(416.108, 18340.0]"
2017-08-13,45,DAIRY,2615.0,2938.6287,-323.628662109375,323.628662109375,104735.510938704,"(416.108, 18340.0]"
2017-07-19,45,GROCERY I,10002.0,9098.743,903.2568359375,903.2568359375,815872.9116678238,"(416.108, 18340.0]"
2017-07-20,45,GROCERY I,8964.0,7803.746,1160.25390625,1160.25390625,1346189.1269683838,"(416.108, 18340.0]"
2017-07-21,45,GROCERY I,11043.0,10506.081,536.9189453125,536.9189453125,288281.95383548737,"(416.108, 18340.0]"
2017-07-22,45,GROCERY I,12276.0,13114.339,-838.3388671875,838.3388671875,702812.0562372208,"(416.108, 18340.0]"
2017-07-23,45,GROCERY I,15686.0,14916.823,769.1767578125,769.1767578125,591632.8847589493,"(416.108, 18340.0]"
2017-07-24,45,GROCERY I,10864.0,10003.461,860.5390625,860.5390625,740527.4780883789,"(416.108, 18340.0]"
2017-07-25,45,GROCERY I,9052.0,8125.3296,926.67041015625,926.67041015625,858718.0490591526,"(416.108, 18340.0]"
2017-07-26,45,GROCERY I,9472.0,9013.914,458.0859375,458.0859375,209842.7261352539,"(416.108, 18340.0]"
2017-07-27,45,GROCERY I,8061.0,7061.2373,999.7626953125,999.7626953125,999525.4469385148,"(416.108, 18340.0]"
2017-07-28,45,GROCERY I,11241.0,9983.522,1257.4775390625,1257.4775390625,1581249.7612466812,"(416.108, 18340.0]"
2017-07-30,45,GROCERY I,16847.0,15062.493,1784.5068359375,1784.5068359375,3184464.6475076675,"(416.108, 18340.0]"
2017-07-31,45,GROCERY I,11544.0,10917.999,626.0009765625,626.0009765625,391877.2226572037,"(416.108, 18340.0]"
2017-08-01,45,GROCERY I,12327.0,13392.294,-1065.2939453125,1065.2939453125,1134851.1899194715,"(416.108, 18340.0]"
2017-08-02,45,GROCERY I,12494.0,12148.875,345.125,345.125,119111.265625,"(416.108, 18340.0]"
2017-08-03,45,GROCERY I,9583.0,10102.841,-519.8408203125,519.8408203125,270234.4784631729,"(416.108, 18340.0]"
2017-08-04,45,GROCERY I,11562.0,12251.022,-689.0224609375,689.0224609375,474751.9516763687,"(416.108, 18340.0]"
2017-08-05,45,GROCERY I,14189.0,15022.699,-833.69921875,833.69921875,695054.3873443604,"(416.108, 18340.0]"
2017-08-06,45,GROCERY I,15190.0,16548.209,-1358.208984375,1358.208984375,1844731.645236969,"(416.108, 18340.0]"
2017-08-08,45,GROCERY I,8693.0,9180.989,-487.9892578125,487.9892578125,238133.5157403946,"(416.108, 18340.0]"
2017-08-10,45,GROCERY I,8044.0,7480.38,563.6201171875,563.6201171875,317667.63649845123,"(416.108, 18340.0]"
2017-08-11,45,GROCERY I,11088.0,10187.901,900.0986328125,900.0986328125,810177.5487909317,"(416.108, 18340.0]"
2017-08-12,45,GROCERY I,9917.0,13114.742,-3197.7421875,3197.7421875,10225555.097717283,"(416.108, 18340.0]"
2017-08-13,45,GROCERY I,12723.0,14832.61,-2109.6103515625,2109.6103515625,4450455.835419655,"(416.108, 18340.0]"
2017-08-14,45,GROCERY I,9665.0,12243.291,-2578.291015625,2578.291015625,6647584.561252594,"(416.108, 18340.0]"
2017-08-15,45,GROCERY I,9287.0,8717.741,569.2587890625,569.2587890625,324055.56892490387,"(416.108, 18340.0]"
2017-07-21,45,MEATS,2143.7031,1802.0642,341.6388910156252,341.6388910156252,116717.1318543862,"(416.108, 18340.0]"
2017-07-23,45,MEATS,1890.108,1446.261,443.84701367187495,443.84701367187495,197000.17154544155,"(416.108, 18340.0]"
2017-08-11,45,MEATS,2297.823,1825.8463,471.97668652343737,471.97668652343737,222761.99262164303,"(416.108, 18340.0]"
2017-07-20,45,PRODUCE,5002.565,4624.056,378.5088476562496,378.5088476562496,143268.94775406196,"(416.108, 18340.0]"
2017-07-28,45,PRODUCE,5695.803,6033.0566,-337.2536406250001,337.2536406250001,113740.01811481672,"(416.108, 18340.0]"
2017-07-29,45,PRODUCE,7147.212,7685.413,-538.2010859374996,538.2010859374996,289660.4089043038,"(416.108, 18340.0]"
2017-08-01,45,PRODUCE,5768.652,6580.132,-811.4798359375,811.4798359375,658499.5241331519,"(416.108, 18340.0]"
2017-08-02,45,PRODUCE,9582.985,8387.788,1195.1969140625006,1195.1969140625006,1428495.6633845244,"(416.108, 18340.0]"
2017-08-03,45,PRODUCE,4793.263,5171.3047,-378.0416875000001,378.0416875000001,142915.5174878477,"(416.108, 18340.0]"
2017-08-04,45,PRODUCE,6352.9683,6023.468,329.50052656250045,329.50052656250045,108570.59700496506,"(416.108, 18340.0]"
2017-08-05,45,PRODUCE,7535.96,8067.7534,-531.79341796875,531.79341796875,282804.2393948856,"(416.108, 18340.0]"
2017-08-06,45,PRODUCE,8227.434,9125.092,-897.6577968750007,897.6577968750007,805789.52029048,"(416.108, 18340.0]"
2017-08-07,45,PRODUCE,5458.487,6193.4565,-734.9695429687499,734.9695429687499,540180.2290916932,"(416.108, 18340.0]"
2017-08-11,45,PRODUCE,7112.925,6112.582,1000.3429687500002,1000.3429687500002,1000686.055127564,"(416.108, 18340.0]"
2017-08-12,45,PRODUCE,6242.682,7445.599,-1202.9171210937502,1202.9171210937502,1447009.600220476,"(416.108, 18340.0]"
2017-08-13,45,PRODUCE,7621.855,8772.377,-1150.5219531250004,1150.5219531250004,1323700.7646225656,"(416.108, 18340.0]"
2017-08-14,45,PRODUCE,6380.623,5992.4634,388.1596210937496,388.1596210937496,150667.89144764323,"(416.108, 18340.0]"
2017-08-15,45,PRODUCE,4973.192,5364.016,-390.82411328125,390.82411328125,152743.48752207533,"(416.108, 18340.0]"
2017-07-30,45,SCHOOL AND OFFICE SUPPLIES,749.0,234.99944,514.0005645751953,514.0005645751953,264196.5803836195,"(416.108, 18340.0]"
2017-08-11,45,SCHOOL AND OFFICE SUPPLIES,700.0,350.2268,349.773193359375,349.773193359375,122341.28679281472,"(416.108, 18340.0]"
2017-07-21,46,BEVERAGES,5505.0,6483.7075,-978.70751953125,978.70751953125,957868.408787012,"(416.108, 18340.0]"
2017-07-23,46,BEVERAGES,10253.0,11021.902,-768.90234375,768.90234375,591210.8142242432,"(416.108, 18340.0]"
2017-07-24,46,BEVERAGES,6945.0,6053.8975,891.1025390625,891.1025390625,794063.7351236343,"(416.108, 18340.0]"
2017-07-25,46,BEVERAGES,4500.0,5158.5537,-658.5537109375,658.5537109375,433692.9901895523,"(416.108, 18340.0]"
2017-07-26,46,BEVERAGES,4419.0,4718.533,-299.533203125,299.533203125,89720.13977432251,"(416.108, 18340.0]"
2017-07-28,46,BEVERAGES,6318.0,5722.668,595.33203125,595.33203125,354420.227432251,"(416.108, 18340.0]"
2017-07-29,46,BEVERAGES,9705.0,10019.144,-314.1435546875,314.1435546875,98686.1729516983,"(416.108, 18340.0]"
2017-07-31,46,BEVERAGES,5976.0,7370.2324,-1394.232421875,1394.232421875,1943884.046207428,"(416.108, 18340.0]"
2017-08-01,46,BEVERAGES,6643.0,7359.408,-716.408203125,716.408203125,513240.71350479126,"(416.108, 18340.0]"
2017-08-02,46,BEVERAGES,5959.0,6592.2817,-633.28173828125,633.28173828125,401045.7600405216,"(416.108, 18340.0]"
2017-08-03,46,BEVERAGES,4761.0,5149.372,-388.3720703125,388.3720703125,150832.86499881744,"(416.108, 18340.0]"
2017-08-04,46,BEVERAGES,5329.0,6026.345,-697.34521484375,697.34521484375,486290.3486654759,"(416.108, 18340.0]"
2017-08-05,46,BEVERAGES,8375.0,9244.231,-869.2314453125,869.2314453125,755563.3055200577,"(416.108, 18340.0]"
2017-08-06,46,BEVERAGES,9042.0,11617.594,-2575.59375,2575.59375,6633683.165039063,"(416.108, 18340.0]"
2017-08-07,46,BEVERAGES,5346.0,6094.3896,-748.3896484375,748.3896484375,560087.0658884048,"(416.108, 18340.0]"
2017-08-08,46,BEVERAGES,4005.0,4748.6035,-743.603515625,743.603515625,552946.1884498596,"(416.108, 18340.0]"
2017-08-11,46,BEVERAGES,6528.0,5536.2466,991.75341796875,991.75341796875,983574.842052698,"(416.108, 18340.0]"
2017-08-12,46,BEVERAGES,5900.0,8459.528,-2559.5283203125,2559.5283203125,6551185.222481728,"(416.108, 18340.0]"
2017-08-13,46,BEVERAGES,7096.0,8064.3345,-968.33447265625,968.33447265625,937671.6509344578,"(416.108, 18340.0]"
2017-08-14,46,BEVERAGES,4817.0,5160.661,-343.6611328125,343.6611328125,118102.97420597076,"(416.108, 18340.0]"
2017-07-20,46,CLEANING,2311.0,1702.2627,608.7373046875,608.7373046875,370561.1061182022,"(416.108, 18340.0]"
2017-07-22,46,CLEANING,3483.0,3145.9236,337.076416015625,337.076416015625,113620.5102339387,"(416.108, 18340.0]"
2017-07-23,46,CLEANING,4127.0,3794.7695,332.23046875,332.23046875,110377.08436584473,"(416.108, 18340.0]"
2017-07-28,46,CLEANING,2531.0,2118.7725,412.2275390625,412.2275390625,169931.54396152496,"(416.108, 18340.0]"
2017-07-29,46,CLEANING,3904.0,3405.4043,498.595703125,498.595703125,248597.67517471316,"(416.108, 18340.0]"
2017-07-30,46,CLEANING,5087.0,4190.588,896.412109375,896.412109375,803554.669834137,"(416.108, 18340.0]"
2017-08-03,46,CLEANING,1988.0,2366.7383,-378.73828125,378.73828125,143442.6856842041,"(416.108, 18340.0]"
2017-08-04,46,CLEANING,1883.0,2347.101,-464.10107421875,464.10107421875,215389.8070909977,"(416.108, 18340.0]"
2017-08-05,46,CLEANING,3204.0,3581.2485,-377.24853515625,377.24853515625,142316.4572775364,"(416.108, 18340.0]"
2017-08-06,46,CLEANING,3153.0,4444.3203,-1291.3203125,1291.3203125,1667508.1494750977,"(416.108, 18340.0]"
2017-08-11,46,CLEANING,2411.0,1720.1759,690.8240966796875,690.8240966796875,477237.9325533062,"(416.108, 18340.0]"
2017-08-12,46,CLEANING,2209.0,3018.2559,-809.255859375,809.255859375,654895.0459327698,"(416.108, 18340.0]"
2017-08-13,46,CLEANING,2430.0,2769.057,-339.056884765625,339.056884765625,114959.57110697032,"(416.108, 18340.0]"
2017-07-24,46,DAIRY,2788.0,1620.7632,1167.23681640625,1167.23681640625,1362441.7855741978,"(416.108, 18340.0]"
2017-08-07,46,DAIRY,1422.0,1747.1346,-325.1346435546875,325.1346435546875,105712.5364394337,"(416.108, 18340.0]"
2017-08-11,46,DAIRY,1605.0,1280.9248,324.0751953125,324.0751953125,105024.73221683502,"(416.108, 18340.0]"
2017-08-12,46,DAIRY,1497.0,2059.2432,-562.2431640625,562.2431640625,316117.3755350113,"(416.108, 18340.0]"
2017-08-13,46,DAIRY,1837.0,2214.9146,-377.91455078125,377.91455078125,142819.40769219398,"(416.108, 18340.0]"
2017-07-20,46,GROCERY I,8007.0,7043.83,963.169921875,963.169921875,927696.2984046936,"(416.108, 18340.0]"
2017-07-21,46,GROCERY I,8228.0,8582.648,-354.6484375,354.6484375,125775.5142211914,"(416.108, 18340.0]"
2017-07-22,46,GROCERY I,12313.0,13018.411,-705.4111328125,705.4111328125,497604.8662958145,"(416.108, 18340.0]"
2017-07-24,46,GROCERY I,9023.0,8694.912,328.087890625,328.087890625,107641.66397476196,"(416.108, 18340.0]"
2017-07-27,46,GROCERY I,7063.0,6455.7524,607.24755859375,607.24755859375,368749.5974180698,"(416.108, 18340.0]"
2017-07-28,46,GROCERY I,9776.0,8854.146,921.853515625,921.853515625,849813.9042701721,"(416.108, 18340.0]"
2017-07-29,46,GROCERY I,14358.0,13719.433,638.5673828125,638.5673828125,407768.3023920059,"(416.108, 18340.0]"
2017-07-30,46,GROCERY I,16077.0,15044.072,1032.927734375,1032.927734375,1066939.7044410706,"(416.108, 18340.0]"
2017-07-31,46,GROCERY I,11039.0,10183.493,855.5068359375,855.5068359375,731891.9463357925,"(416.108, 18340.0]"
2017-08-01,46,GROCERY I,11574.0,11227.382,346.6181640625,346.6181640625,120144.15165805817,"(416.108, 18340.0]"
2017-08-02,46,GROCERY I,10701.0,10401.411,299.5888671875,299.5888671875,89753.48934268951,"(416.108, 18340.0]"
2017-08-03,46,GROCERY I,8086.0,9539.42,-1453.419921875,1453.419921875,2112429.469303131,"(416.108, 18340.0]"
2017-08-04,46,GROCERY I,8728.0,10341.439,-1613.439453125,1613.439453125,2603186.868900299,"(416.108, 18340.0]"
2017-08-05,46,GROCERY I,13244.0,15164.203,-1920.203125,1920.203125,3687180.0412597656,"(416.108, 18340.0]"
2017-08-06,46,GROCERY I,14233.0,16661.03,-2428.029296875,2428.029296875,5895326.266483307,"(416.108, 18340.0]"
2017-08-07,46,GROCERY I,9189.0,9791.923,-602.9228515625,602.9228515625,363515.9649362564,"(416.108, 18340.0]"
2017-08-08,46,GROCERY I,6828.0,7819.37,-991.3701171875,991.3701171875,982814.7092523576,"(416.108, 18340.0]"
2017-08-09,46,GROCERY I,6995.0,7660.086,-665.0859375,665.0859375,442339.3042602539,"(416.108, 18340.0]"
2017-08-10,46,GROCERY I,6352.0,6762.123,-410.123046875,410.123046875,168200.91357803345,"(416.108, 18340.0]"
2017-08-11,46,GROCERY I,9934.0,8741.103,1192.8974609375,1192.8974609375,1423004.3523111343,"(416.108, 18340.0]"
2017-08-12,46,GROCERY I,9218.0,12725.682,-3507.681640625,3507.681640625,12303830.491977692,"(416.108, 18340.0]"
2017-08-13,46,GROCERY I,10557.0,13991.904,-3434.904296875,3434.904296875,11798567.528690338,"(416.108, 18340.0]"
2017-08-14,46,GROCERY I,7570.0,10194.72,-2624.7197265625,2624.7197265625,6889153.643006325,"(416.108, 18340.0]"
2017-08-15,46,GROCERY I,7222.0,6704.849,517.15087890625,517.15087890625,267445.03155350685,"(416.108, 18340.0]"
2017-08-06,46,HOME CARE,931.0,1229.8751,-298.8751220703125,298.8751220703125,89326.3385925442,"(416.108, 18340.0]"
2017-08-12,46,PERSONAL CARE,774.0,1073.1819,-299.181884765625,299.181884765625,89509.80017191172,"(416.108, 18340.0]"
2017-08-01,46,PRODUCE,2734.955,2406.7278,328.2272167968749,328.2272167968749,107733.10584622274,"(416.108, 18340.0]"
2017-08-06,46,PRODUCE,4388.965,4781.7793,-392.8142968749999,392.8142968749999,154303.07182940052,"(416.108, 18340.0]"
2017-08-09,46,PRODUCE,2940.584,3312.0544,-371.4704433593752,371.4704433593752,137990.29028961074,"(416.108, 18340.0]"
2017-08-11,46,PRODUCE,3204.442,2353.8457,850.596296875,850.596296875,723514.0602574631,"(416.108, 18340.0]"
2017-08-12,46,PRODUCE,3006.773,3817.6206,-810.8476054687499,810.8476054687499,657473.8392944054,"(416.108, 18340.0]"
2017-08-13,46,PRODUCE,3519.123,4287.832,-768.70903125,768.70903125,590913.5747253135,"(416.108, 18340.0]"
2017-07-29,46,SCHOOL AND OFFICE SUPPLIES,523.0,160.16524,362.8347625732422,362.8347625732422,131649.06493158103,"(416.108, 18340.0]"
2017-07-30,46,SCHOOL AND OFFICE SUPPLIES,738.0,243.7775,494.2225036621094,494.2225036621094,244255.8831260437,"(416.108, 18340.0]"
2017-07-19,47,BEVERAGES,7526.0,7055.3257,470.67431640625,470.67431640625,221534.31212449077,"(416.108, 18340.0]"
2017-07-20,47,BEVERAGES,7622.0,6656.753,965.2470703125,965.2470703125,931701.9067468644,"(416.108, 18340.0]"
2017-07-21,47,BEVERAGES,9357.0,8896.026,460.9736328125,460.9736328125,212496.6901483536,"(416.108, 18340.0]"
2017-07-22,47,BEVERAGES,13007.0,12033.165,973.8349609375,973.8349609375,948354.5311441422,"(416.108, 18340.0]"
2017-07-23,47,BEVERAGES,14933.0,14083.896,849.103515625,849.103515625,720976.7802467346,"(416.108, 18340.0]"
2017-07-28,47,BEVERAGES,8922.0,7905.7637,1016.236328125,1016.236328125,1032736.2746009828,"(416.108, 18340.0]"
2017-07-29,47,BEVERAGES,12405.0,11721.418,683.58203125,683.58203125,467284.393447876,"(416.108, 18340.0]"
2017-07-30,47,BEVERAGES,15874.0,13767.457,2106.54296875,2106.54296875,4437523.279190064,"(416.108, 18340.0]"
2017-07-31,47,BEVERAGES,9051.0,8574.64,476.3603515625,476.3603515625,226919.1845407486,"(416.108, 18340.0]"
2017-08-01,47,BEVERAGES,8636.0,9829.295,-1193.294921875,1193.294921875,1423952.7705726624,"(416.108, 18340.0]"
2017-08-03,47,BEVERAGES,6537.0,7552.7773,-1015.77734375,1015.77734375,1031803.6120758055,"(416.108, 18340.0]"
2017-08-04,47,BEVERAGES,8525.0,8859.238,-334.23828125,334.23828125,111715.2286529541,"(416.108, 18340.0]"
2017-08-05,47,BEVERAGES,14469.0,12300.675,2168.3251953125,2168.3251953125,4701634.152626991,"(416.108, 18340.0]"
2017-08-06,47,BEVERAGES,12295.0,14180.541,-1885.541015625,1885.541015625,3555264.9216041565,"(416.108, 18340.0]"
2017-08-08,47,BEVERAGES,6583.0,7269.486,-686.48583984375,686.48583984375,471262.8083059788,"(416.108, 18340.0]"
2017-08-09,47,BEVERAGES,6389.0,7577.279,-1188.27880859375,1188.27880859375,1412006.526952982,"(416.108, 18340.0]"
2017-08-12,47,BEVERAGES,7833.0,11139.021,-3306.021484375,3306.021484375,10929778.055149078,"(416.108, 18340.0]"
2017-08-13,47,BEVERAGES,10279.0,9671.902,607.09765625,607.09765625,368567.5642242432,"(416.108, 18340.0]"
2017-07-24,47,CLEANING,3694.0,2234.4963,1459.503662109375,1459.503662109375,2130150.9397106767,"(416.108, 18340.0]"
2017-07-25,47,CLEANING,1853.0,2312.9863,-459.986328125,459.986328125,211587.42206192017,"(416.108, 18340.0]"
2017-07-29,47,CLEANING,3368.0,3083.1858,284.814208984375,284.814208984375,81119.13363939524,"(416.108, 18340.0]"
2017-07-31,47,CLEANING,2308.0,2690.8838,-382.8837890625,382.8837890625,146599.995926857,"(416.108, 18340.0]"
2017-08-03,47,CLEANING,2136.0,2554.1714,-418.17138671875,418.17138671875,174867.30867028236,"(416.108, 18340.0]"
2017-08-04,47,CLEANING,2252.0,2541.3713,-289.371337890625,289.371337890625,83735.77119261026,"(416.108, 18340.0]"
2017-08-05,47,CLEANING,3000.0,3446.0232,-446.023193359375,446.023193359375,198936.6890144944,"(416.108, 18340.0]"
2017-08-06,47,CLEANING,3041.0,3718.6877,-677.687744140625,677.687744140625,459260.6785584092,"(416.108, 18340.0]"
2017-08-07,47,CLEANING,2089.0,2428.522,-339.52197265625,339.52197265625,115275.16991639136,"(416.108, 18340.0]"
2017-08-11,47,CLEANING,2287.0,1992.3964,294.6036376953125,294.6036376953125,86791.30334331095,"(416.108, 18340.0]"
2017-08-12,47,CLEANING,2081.0,2849.6353,-768.63525390625,768.63525390625,590800.1535475254,"(416.108, 18340.0]"
2017-08-13,47,CLEANING,2372.0,2746.1208,-374.120849609375,374.120849609375,139966.4101124406,"(416.108, 18340.0]"
2017-07-30,47,DAIRY,2937.0,3246.3088,-309.308837890625,309.308837890625,95671.95719724894,"(416.108, 18340.0]"
2017-08-11,47,DAIRY,2148.0,1841.9603,306.0396728515625,306.0396728515625,93660.2813590914,"(416.108, 18340.0]"
2017-08-12,47,DAIRY,2069.0,2587.2942,-518.294189453125,518.294189453125,268628.86682087183,"(416.108, 18340.0]"
2017-08-13,47,DAIRY,2244.0,2693.688,-449.68798828125,449.68798828125,202219.28680443764,"(416.108, 18340.0]"
2017-07-19,47,GROCERY I,9060.0,8505.473,554.52734375,554.52734375,307500.57496643066,"(416.108, 18340.0]"
2017-07-20,47,GROCERY I,9547.0,7427.1055,2119.89453125,2119.89453125,4493952.823623657,"(416.108, 18340.0]"
2017-07-22,47,GROCERY I,11765.0,12504.76,-739.759765625,739.759765625,547244.5108375549,"(416.108, 18340.0]"
2017-07-23,47,GROCERY I,13957.0,14267.236,-310.236328125,310.236328125,96246.57928848268,"(416.108, 18340.0]"
2017-07-26,47,GROCERY I,8963.0,8546.496,416.50390625,416.50390625,173475.5039215088,"(416.108, 18340.0]"
2017-07-27,47,GROCERY I,7489.0,6954.6855,534.314453125,534.314453125,285491.9348182678,"(416.108, 18340.0]"
2017-07-28,47,GROCERY I,10003.0,9306.096,696.904296875,696.904296875,485675.5990028381,"(416.108, 18340.0]"
2017-07-29,47,GROCERY I,13578.0,12881.146,696.853515625,696.853515625,485604.8222389221,"(416.108, 18340.0]"
2017-07-31,47,GROCERY I,12238.0,10451.327,1786.6728515625,1786.6728515625,3192199.878510475,"(416.108, 18340.0]"
2017-08-01,47,GROCERY I,12456.0,11897.064,558.935546875,558.935546875,312408.9455604553,"(416.108, 18340.0]"
2017-08-02,47,GROCERY I,12263.0,11694.388,568.6123046875,568.6123046875,323319.95304203033,"(416.108, 18340.0]"
2017-08-04,47,GROCERY I,10026.0,11553.983,-1527.9833984375,1527.9833984375,2334733.265900612,"(416.108, 18340.0]"
2017-08-05,47,GROCERY I,12937.0,14511.89,-1574.8896484375,1574.8896484375,2480277.4047555923,"(416.108, 18340.0]"
2017-08-06,47,GROCERY I,13166.0,15985.982,-2819.982421875,2819.982421875,7952300.8596839905,"(416.108, 18340.0]"
2017-08-07,47,GROCERY I,8845.0,9916.006,-1071.005859375,1071.005859375,1147053.5508155825,"(416.108, 18340.0]"
2017-08-08,47,GROCERY I,7973.0,8401.307,-428.306640625,428.306640625,183446.5784034729,"(416.108, 18340.0]"
2017-08-10,47,GROCERY I,8029.0,7327.1987,701.80126953125,701.80126953125,492525.0219156742,"(416.108, 18340.0]"
2017-08-11,47,GROCERY I,10297.0,9083.46,1213.5400390625,1213.5400390625,1472679.426407814,"(416.108, 18340.0]"
2017-08-12,47,GROCERY I,9258.0,12221.6875,-2963.6875,2963.6875,8783443.59765625,"(416.108, 18340.0]"
2017-08-13,47,GROCERY I,10110.0,13708.671,-3598.6708984375,3598.6708984375,12950432.235260963,"(416.108, 18340.0]"
2017-08-14,47,GROCERY I,8946.0,9466.222,-520.2216796875,520.2216796875,270630.59601688385,"(416.108, 18340.0]"
2017-08-15,47,GROCERY I,9389.0,8404.612,984.3876953125,984.3876953125,969019.1346826552,"(416.108, 18340.0]"
2017-08-11,47,MEATS,1355.95,1822.2803,-466.3302734375,466.3302734375,217463.9239242935,"(416.108, 18340.0]"
2017-08-13,47,PERSONAL CARE,832.0,1142.7358,-310.73583984375,310.73583984375,96556.76216340064,"(416.108, 18340.0]"
2017-08-13,47,POULTRY,1117.365,1525.5236,-408.1585595703125,408.1585595703125,166593.40975051234,"(416.108, 18340.0]"
2017-07-20,47,PRODUCE,4969.703,4176.562,793.1409882812504,793.1409882812504,629072.6272917587,"(416.108, 18340.0]"
2017-07-25,47,PRODUCE,3955.433,4404.655,-449.22178515625,449.22178515625,201800.21225896804,"(416.108, 18340.0]"
2017-07-27,47,PRODUCE,4427.868,4002.9377,424.9302558593754,424.9302558593754,180565.72234471425,"(416.108, 18340.0]"
2017-07-28,47,PRODUCE,5113.898,5416.056,-302.15815234374986,302.15815234374986,91299.54902778874,"(416.108, 18340.0]"
2017-07-30,47,PRODUCE,7812.475,8230.288,-417.8130859374997,417.8130859374997,174567.77478061646,"(416.108, 18340.0]"
2017-07-31,47,PRODUCE,5642.944,6006.691,-363.7469179687496,363.7469179687496,132311.82033176423,"(416.108, 18340.0]"
2017-08-01,47,PRODUCE,5693.949,5387.9126,306.0364023437496,306.0364023437496,93658.2795595054,"(416.108, 18340.0]"
2017-08-02,47,PRODUCE,7494.183,7869.0405,-374.85752734375,374.85752734375,140518.1658062703,"(416.108, 18340.0]"
2017-08-03,47,PRODUCE,4632.04,4984.3525,-352.31253906250004,352.31253906250004,124124.1251806656,"(416.108, 18340.0]"
2017-08-04,47,PRODUCE,5192.685,5692.7563,-500.0713476562496,500.0713476562496,250071.35274673768,"(416.108, 18340.0]"
2017-08-05,47,PRODUCE,6437.607,6803.412,-365.805109375,365.805109375,133813.37804485572,"(416.108, 18340.0]"
2017-08-06,47,PRODUCE,8054.336,8364.784,-310.44817968749976,310.44817968749976,96378.07227128214,"(416.108, 18340.0]"
2017-08-07,47,PRODUCE,5100.563,5468.809,-368.2460820312499,368.2460820312499,135605.17693136603,"(416.108, 18340.0]"
2017-08-09,47,PRODUCE,6733.922,7115.2188,-381.2967500000004,381.2967500000004,145387.21156056284,"(416.108, 18340.0]"
2017-08-10,47,PRODUCE,3705.037,4107.884,-402.8467890625002,402.8467890625002,162285.53545796653,"(416.108, 18340.0]"
2017-08-11,47,PRODUCE,5680.758,5017.915,662.8429609374998,662.8429609374998,439360.7908643919,"(416.108, 18340.0]"
2017-08-12,47,PRODUCE,5581.772,6492.992,-911.2201875,911.2201875,830322.2301075353,"(416.108, 18340.0]"
2017-08-13,47,PRODUCE,6404.38,7129.1997,-724.8197070312499,724.8197070312499,525363.6077008669,"(416.108, 18340.0]"
2017-08-14,47,PRODUCE,5660.061,5270.7515,389.3095351562497,389.3095351562497,151561.91416357522,"(416.108, 18340.0]"
2017-08-15,47,PRODUCE,5146.252,4652.783,493.4687968750004,493.4687968750004,243511.4534892604,"(416.108, 18340.0]"
2017-08-01,47,SCHOOL AND OFFICE SUPPLIES,626.0,186.5243,439.4756927490234,439.4756927490234,193138.88451723405,"(416.108, 18340.0]"
2017-08-06,47,SCHOOL AND OFFICE SUPPLIES,1332.0,813.33887,518.6611328125,518.6611328125,269009.37069034576,"(416.108, 18340.0]"
2017-07-19,48,BEVERAGES,3818.0,4144.652,-326.65185546875,326.65185546875,106701.43468117714,"(416.108, 18340.0]"
2017-07-20,48,BEVERAGES,4124.0,5231.272,-1107.27197265625,1107.27197265625,1226051.2214300632,"(416.108, 18340.0]"
2017-07-21,48,BEVERAGES,5113.0,4488.107,624.89306640625,624.89306640625,390491.344442606,"(416.108, 18340.0]"
2017-07-22,48,BEVERAGES,6698.0,7466.868,-768.8681640625,768.8681640625,591158.2537088394,"(416.108, 18340.0]"
2017-07-26,48,BEVERAGES,4055.0,3511.7725,543.2275390625,543.2275390625,295096.1591959,"(416.108, 18340.0]"
2017-07-27,48,BEVERAGES,3890.0,3421.3599,468.64013671875,468.64013671875,219623.5777437687,"(416.108, 18340.0]"
2017-07-29,48,BEVERAGES,7577.0,8046.2646,-469.2646484375,469.2646484375,220209.31027317047,"(416.108, 18340.0]"
2017-07-30,48,BEVERAGES,10721.0,9027.89,1693.1103515625,1693.1103515625,2866622.6625680923,"(416.108, 18340.0]"
2017-08-01,48,BEVERAGES,6008.0,5640.042,367.9580078125,367.9580078125,135393.0955133438,"(416.108, 18340.0]"
2017-08-03,48,BEVERAGES,4010.0,4927.607,-917.60693359375,917.60693359375,842002.4845793247,"(416.108, 18340.0]"
2017-08-04,48,BEVERAGES,4531.0,5215.2036,-684.20361328125,684.20361328125,468134.5844271183,"(416.108, 18340.0]"
2017-08-05,48,BEVERAGES,6805.0,7455.7905,-650.79052734375,650.79052734375,423528.3104803562,"(416.108, 18340.0]"
2017-08-09,48,BEVERAGES,3214.0,3988.7937,-774.793701171875,774.793701171875,600305.2793756127,"(416.108, 18340.0]"
2017-08-11,48,BEVERAGES,4907.0,4233.6514,673.3486328125,673.3486328125,453398.38131046295,"(416.108, 18340.0]"
2017-08-12,48,BEVERAGES,4702.0,6488.8657,-1786.86572265625,1786.86572265625,3192889.1108038425,"(416.108, 18340.0]"
2017-08-13,48,BEVERAGES,5967.0,7443.631,-1476.630859375,1476.630859375,2180438.694858551,"(416.108, 18340.0]"
2017-08-14,48,BEVERAGES,3798.0,4432.5264,-634.5263671875,634.5263671875,402623.7106561661,"(416.108, 18340.0]"
2017-07-20,48,CLEANING,1884.0,1591.7537,292.246337890625,292.246337890625,85407.92201048136,"(416.108, 18340.0]"
2017-07-23,48,CLEANING,3878.0,3471.8967,406.103271484375,406.103271484375,164919.867110312,"(416.108, 18340.0]"
2017-07-29,48,CLEANING,3201.0,2906.197,294.802978515625,294.802978515625,86908.79614168406,"(416.108, 18340.0]"
2017-07-30,48,CLEANING,4110.0,3830.7153,279.28466796875,279.28466796875,77999.92576241493,"(416.108, 18340.0]"
2017-07-31,48,CLEANING,2911.0,2467.7388,443.26123046875,443.26123046875,196480.5184366703,"(416.108, 18340.0]"
2017-08-02,48,CLEANING,2900.0,2596.743,303.257080078125,303.257080078125,91964.85661751032,"(416.108, 18340.0]"
2017-08-03,48,CLEANING,1875.0,2263.231,-388.23095703125,388.23095703125,150723.27599740028,"(416.108, 18340.0]"
2017-08-06,48,CLEANING,3266.0,4108.58,-842.580078125,842.580078125,709941.1880531311,"(416.108, 18340.0]"
2017-08-07,48,CLEANING,1940.0,2265.0674,-325.0673828125,325.0673828125,105668.80336856842,"(416.108, 18340.0]"
2017-08-09,48,CLEANING,1385.0,1668.0089,-283.0089111328125,283.0089111328125,80094.04378058016,"(416.108, 18340.0]"
2017-08-11,48,CLEANING,1997.0,1664.6356,332.3643798828125,332.3643798828125,110466.0810148865,"(416.108, 18340.0]"
2017-08-12,48,CLEANING,1998.0,2645.7026,-647.70263671875,647.70263671875,419518.705612421,"(416.108, 18340.0]"
2017-08-13,48,CLEANING,2305.0,2805.0564,-500.056396484375,500.056396484375,250056.39966493845,"(416.108, 18340.0]"
2017-07-19,48,GROCERY I,6208.0,5750.2314,457.7685546875,457.7685546875,209552.04966068268,"(416.108, 18340.0]"
2017-07-20,48,GROCERY I,6068.0,5594.6226,473.37744140625,473.37744140625,224086.20203232765,"(416.108, 18340.0]"
2017-07-21,48,GROCERY I,7583.0,6973.7505,609.24951171875,609.24951171875,371184.9675295353,"(416.108, 18340.0]"
2017-07-22,48,GROCERY I,9989.0,10391.032,-402.0322265625,402.0322265625,161629.91119480133,"(416.108, 18340.0]"
2017-07-23,48,GROCERY I,13469.0,12700.947,768.052734375,768.052734375,589905.0027809143,"(416.108, 18340.0]"
2017-07-24,48,GROCERY I,7808.0,7304.082,503.91796875,503.91796875,253933.319229126,"(416.108, 18340.0]"
2017-07-26,48,GROCERY I,6359.0,5741.8516,617.1484375,617.1484375,380872.1939086914,"(416.108, 18340.0]"
2017-07-27,48,GROCERY I,6437.0,5447.8335,989.16650390625,989.16650390625,978450.3724501132,"(416.108, 18340.0]"
2017-07-28,48,GROCERY I,7452.0,7865.33,-413.330078125,413.330078125,170841.7534828186,"(416.108, 18340.0]"
2017-07-31,48,GROCERY I,10120.0,8733.249,1386.7509765625,1386.7509765625,1923078.2709970477,"(416.108, 18340.0]"
2017-08-01,48,GROCERY I,11274.0,10013.477,1260.5234375,1260.5234375,1588919.3364868164,"(416.108, 18340.0]"
2017-08-05,48,GROCERY I,11786.0,12393.73,-607.73046875,607.73046875,369336.3226470947,"(416.108, 18340.0]"
2017-08-06,48,GROCERY I,14062.0,15694.785,-1632.78515625,1632.78515625,2665987.366470337,"(416.108, 18340.0]"
2017-08-08,48,GROCERY I,6443.0,6035.531,407.46923828125,407.46923828125,166031.1801455021,"(416.108, 18340.0]"
2017-08-09,48,GROCERY I,5635.0,6903.8735,-1268.87353515625,1268.87353515625,1610040.0482199192,"(416.108, 18340.0]"
2017-08-11,48,GROCERY I,8547.0,7017.738,1529.26220703125,1529.26220703125,2338642.8978540897,"(416.108, 18340.0]"
2017-08-12,48,GROCERY I,8306.0,11550.494,-3244.494140625,3244.494140625,10526742.228549955,"(416.108, 18340.0]"
2017-08-13,48,GROCERY I,9423.0,11156.447,-1733.447265625,1733.447265625,3004839.4227027893,"(416.108, 18340.0]"
2017-08-14,48,GROCERY I,6712.0,6205.687,506.31298828125,506.31298828125,256352.8421022892,"(416.108, 18340.0]"
2017-07-22,48,HOME AND KITCHEN II,442.0,36.411037,405.5889625549317,405.5889625549317,164502.40654638573,"(416.108, 18340.0]"
2017-07-30,48,HOME AND KITCHEN II,526.0,46.601345,479.39865493774414,479.39865493774414,229823.07035611823,"(416.108, 18340.0]"
2017-08-07,48,HOME AND KITCHEN II,360.0,29.673052,330.32694816589355,330.32694816589355,109115.89268459292,"(83.0, 416.108]"
2017-07-21,48,MEATS,2103.019,1488.2762,614.7427548828123,614.7427548828123,377908.6546809094,"(416.108, 18340.0]"
2017-08-04,48,MEATS,1299.142,1595.4972,-296.35519238281245,296.35519238281245,87826.40005225378,"(416.108, 18340.0]"
2017-07-21,48,PERSONAL CARE,1227.0,658.68634,568.3136596679688,568.3136596679688,322980.4157651998,"(416.108, 18340.0]"
2017-08-02,48,PERSONAL CARE,1687.0,895.9146,791.0853881835938,791.0853881835938,625816.0913975872,"(416.108, 18340.0]"
2017-08-03,48,PERSONAL CARE,649.0,927.9043,-278.904296875,278.904296875,77787.60681533813,"(416.108, 18340.0]"
2017-08-09,48,PERSONAL CARE,501.0,779.83136,-278.83135986328125,278.83135986328125,77746.92724320665,"(416.108, 18340.0]"
2017-08-01,48,POULTRY,1101.088,800.0727,301.0153071289062,301.0153071289062,90610.21512590972,"(416.108, 18340.0]"
2017-08-13,48,POULTRY,979.221,1264.9496,-285.7285849609375,285.7285849609375,81640.82426377968,"(416.108, 18340.0]"
2017-07-31,48,PRODUCE,2304.27,1905.7523,398.5176806640625,398.5176806640625,158816.3418018637,"(416.108, 18340.0]"
2017-08-02,48,PRODUCE,3002.257,2587.434,414.82291796875006,414.82291796875006,172078.05327210834,"(416.108, 18340.0]"
2017-08-09,48,PRODUCE,1985.897,2370.3303,-384.43332226562507,384.43332226562507,147788.97926818594,"(416.108, 18340.0]"
2017-08-11,48,PRODUCE,2218.712,1585.5493,633.16268359375,633.16268359375,400894.9838956392,"(416.108, 18340.0]"
2017-08-12,48,PRODUCE,2185.398,2598.0608,-412.66279101562486,412.66279101562486,170290.57908880527,"(416.108, 18340.0]"
2017-08-04,48,SCHOOL AND OFFICE SUPPLIES,487.0,204.37021,282.6297912597656,282.6297912597656,79879.59890753869,"(416.108, 18340.0]"
2017-08-06,48,SCHOOL AND OFFICE SUPPLIES,720.0,404.98138,315.01861572265625,315.01861572265625,99236.72825181855,"(416.108, 18340.0]"
2017-07-19,49,BEVERAGES,6452.0,6046.4966,405.50341796875,405.50341796875,164433.02198433876,"(416.108, 18340.0]"
2017-07-20,49,BEVERAGES,5815.0,6100.9814,-285.9814453125,285.9814453125,81785.38706302643,"(416.108, 18340.0]"
2017-07-21,49,BEVERAGES,6651.0,7144.8765,-493.87646484375,493.87646484375,243913.96252655983,"(416.108, 18340.0]"
2017-07-22,49,BEVERAGES,7987.0,8418.668,-431.66796875,431.66796875,186337.23524475095,"(416.108, 18340.0]"
2017-07-23,49,BEVERAGES,9427.0,8813.832,613.16796875,613.16796875,375974.957901001,"(416.108, 18340.0]"
2017-07-24,49,BEVERAGES,7493.0,6732.58,760.419921875,760.419921875,578238.4575843811,"(416.108, 18340.0]"
2017-07-27,49,BEVERAGES,4927.0,5245.7803,-318.7802734375,318.7802734375,101620.86273288728,"(416.108, 18340.0]"
2017-07-28,49,BEVERAGES,7536.0,6754.236,781.76416015625,781.76416015625,611155.2021048069,"(416.108, 18340.0]"
2017-07-29,49,BEVERAGES,8684.0,8282.85,401.150390625,401.150390625,160921.6358985901,"(416.108, 18340.0]"
2017-07-31,49,BEVERAGES,6792.0,7604.9775,-812.9775390625,812.9775390625,660932.4790201187,"(416.108, 18340.0]"
2017-08-01,49,BEVERAGES,7151.0,7608.1704,-457.17041015625,457.17041015625,209004.78392243385,"(416.108, 18340.0]"
2017-08-02,49,BEVERAGES,7150.0,7662.377,-512.376953125,512.376953125,262530.14209365845,"(416.108, 18340.0]"
2017-08-03,49,BEVERAGES,4943.0,6487.794,-1544.7939453125,1544.7939453125,2386388.3334741592,"(416.108, 18340.0]"
2017-08-05,49,BEVERAGES,7494.0,8657.593,-1163.5927734375,1163.5927734375,1353948.1423959732,"(416.108, 18340.0]"
2017-08-06,49,BEVERAGES,8989.0,8620.661,368.3388671875,368.3388671875,135673.52108097076,"(416.108, 18340.0]"
2017-08-08,49,BEVERAGES,5470.0,5760.518,-290.51806640625,290.51806640625,84400.74690842628,"(416.108, 18340.0]"
2017-08-10,49,BEVERAGES,5531.0,4878.71,652.2900390625,652.2900390625,425482.2950601578,"(416.108, 18340.0]"
2017-08-11,49,BEVERAGES,6696.0,7229.93,-533.93017578125,533.93017578125,285081.4326097965,"(416.108, 18340.0]"
2017-08-12,49,BEVERAGES,6667.0,8139.6753,-1472.67529296875,1472.67529296875,2168772.5185205936,"(416.108, 18340.0]"
2017-08-13,49,BEVERAGES,7178.0,8770.697,-1592.697265625,1592.697265625,2536684.579929352,"(416.108, 18340.0]"
2017-08-14,49,BEVERAGES,6154.0,6750.7974,-596.79736328125,596.79736328125,356167.0928194523,"(416.108, 18340.0]"
2017-08-15,49,BEVERAGES,5820.0,5403.77,416.22998046875,416.22998046875,173247.396641016,"(416.108, 18340.0]"
2017-07-29,49,BREAD/BAKERY,1022.683,1328.2765,-305.5934892578125,305.5934892578125,93387.38067676476,"(416.108, 18340.0]"
2017-07-22,49,CLEANING,1821.0,2228.0974,-407.097412109375,407.097412109375,165728.3029461503,"(416.108, 18340.0]"
2017-08-05,49,CLEANING,1929.0,2347.115,-418.114990234375,418.114990234375,174820.1450586915,"(416.108, 18340.0]"
2017-07-22,49,DAIRY,2266.0,2623.8743,-357.874267578125,357.874267578125,128073.9913945794,"(416.108, 18340.0]"
2017-07-23,49,DAIRY,2512.0,2965.814,-453.81396484375,453.81396484375,205947.1146872044,"(416.108, 18340.0]"
2017-07-29,49,DAIRY,2275.0,2661.5586,-386.55859375,386.55859375,149427.54640197754,"(416.108, 18340.0]"
2017-08-03,49,DAIRY,1541.0,2002.1841,-461.18408203125,461.18408203125,212690.75751900676,"(416.108, 18340.0]"
2017-08-05,49,DAIRY,2214.0,2704.141,-490.14111328125,490.14111328125,240238.31092858317,"(416.108, 18340.0]"
2017-08-12,49,DAIRY,2005.0,2354.5088,-349.5087890625,349.5087890625,122156.39363193512,"(416.108, 18340.0]"
2017-08-13,49,DAIRY,2257.0,2585.3286,-328.32861328125,328.32861328125,107799.6782991886,"(416.108, 18340.0]"
2017-07-19,49,GROCERY I,7949.0,7440.595,508.40478515625,508.40478515625,258475.42556977272,"(416.108, 18340.0]"
2017-07-20,49,GROCERY I,6710.0,6206.082,503.91796875,503.91796875,253933.319229126,"(416.108, 18340.0]"
2017-07-21,49,GROCERY I,7499.0,8069.2754,-570.275390625,570.275390625,325214.02115249634,"(416.108, 18340.0]"
2017-07-22,49,GROCERY I,7792.0,8856.845,-1064.8447265625,1064.8447265625,1133894.2916879654,"(416.108, 18340.0]"
2017-07-24,49,GROCERY I,7767.0,8171.9297,-404.9296875,404.9296875,163968.05181884766,"(416.108, 18340.0]"
2017-07-25,49,GROCERY I,6534.0,6840.247,-306.2470703125,306.2470703125,93787.26807498932,"(416.108, 18340.0]"
2017-07-29,49,GROCERY I,7929.0,8743.677,-814.6767578125,814.6767578125,663698.2197198868,"(416.108, 18340.0]"
2017-07-30,49,GROCERY I,9009.0,9819.595,-810.5947265625,810.5947265625,657063.8107309341,"(416.108, 18340.0]"
2017-08-01,49,GROCERY I,9366.0,10027.623,-661.623046875,661.623046875,437745.0561561585,"(416.108, 18340.0]"
2017-08-03,49,GROCERY I,6277.0,7682.55,-1405.5498046875,1405.5498046875,1975570.2534570692,"(416.108, 18340.0]"
2017-08-04,49,GROCERY I,8144.0,8458.26,-314.259765625,314.259765625,98759.20029067992,"(416.108, 18340.0]"
2017-08-05,49,GROCERY I,8410.0,9604.648,-1194.6484375,1194.6484375,1427184.8892211914,"(416.108, 18340.0]"
2017-08-06,49,GROCERY I,9866.0,10896.268,-1030.267578125,1030.267578125,1061451.282535553,"(416.108, 18340.0]"
2017-08-07,49,GROCERY I,8129.0,7841.1177,287.88232421875,287.88232421875,82876.2325975895,"(416.108, 18340.0]"
2017-08-08,49,GROCERY I,6386.0,7169.9023,-783.90234375,783.90234375,614502.8845367432,"(416.108, 18340.0]"
2017-08-11,49,GROCERY I,7680.0,7203.9424,476.0576171875,476.0576171875,226630.8548822403,"(416.108, 18340.0]"
2017-08-12,49,GROCERY I,7030.0,7972.7954,-942.79541015625,942.79541015625,888863.1854116917,"(416.108, 18340.0]"
2017-08-13,49,GROCERY I,7655.0,8376.341,-721.3408203125,721.3408203125,520332.5790491104,"(416.108, 18340.0]"
2017-08-14,49,GROCERY I,7366.0,6941.806,424.19384765625,424.19384765625,179940.42038941383,"(416.108, 18340.0]"
2017-08-15,49,GROCERY I,7001.0,6531.343,469.6572265625,469.6572265625,220577.91046237943,"(416.108, 18340.0]"
2017-08-07,49,PERSONAL CARE,859.0,535.15314,323.84686279296875,323.84686279296875,104876.79054084791,"(416.108, 18340.0]"
2017-07-19,49,PRODUCE,10229.091,9760.641,468.4503750000004,468.4503750000004,219445.75383764092,"(416.108, 18340.0]"
2017-07-21,49,PRODUCE,7527.591,7119.031,408.5602382812504,408.5602382812504,166921.46830443206,"(416.108, 18340.0]"
2017-07-22,49,PRODUCE,7409.496,8126.4927,-716.9966757812499,716.9966757812499,514084.2330813628,"(416.108, 18340.0]"
2017-07-23,49,PRODUCE,8688.754,9065.498,-376.7440468749992,376.7440468749992,141936.07685575157,"(416.108, 18340.0]"
2017-07-24,49,PRODUCE,7814.31,7506.927,307.3832421875004,307.3832421875004,94484.45757769952,"(416.108, 18340.0]"
2017-07-25,49,PRODUCE,5380.885,6196.6157,-815.7307226562498,815.7307226562498,665416.6118852874,"(416.108, 18340.0]"
2017-07-26,49,PRODUCE,10148.009,9502.948,645.0607578125,645.0607578125,416103.3812696368,"(416.108, 18340.0]"
2017-07-28,49,PRODUCE,6647.662,7408.0586,-760.3965937499997,760.3965937499997,578202.9797866022,"(416.108, 18340.0]"
2017-07-30,49,PRODUCE,8746.156,8377.698,368.45775781250086,368.45775781250086,135761.11929221553,"(416.108, 18340.0]"
2017-07-31,49,PRODUCE,8505.368,7863.619,641.7488593750004,641.7488593750004,411841.598509114,"(416.108, 18340.0]"
2017-08-02,49,PRODUCE,10732.584,10122.327,610.2568515625007,610.2568515625007,372413.4248789761,"(416.108, 18340.0]"
2017-08-03,49,PRODUCE,5354.495,6475.6357,-1121.1407421875,1121.1407421875,1256956.5637927386,"(416.108, 18340.0]"
2017-08-04,49,PRODUCE,7120.316,7501.948,-381.6322421875002,381.6322421875002,145643.1682770588,"(416.108, 18340.0]"
2017-08-05,49,PRODUCE,6922.8022,8192.881,-1270.078659375,1270.078659375,1613099.800999797,"(416.108, 18340.0]"
2017-08-06,49,PRODUCE,9181.79,8670.734,511.0556250000009,511.0556250000009,261177.85184414152,"(416.108, 18340.0]"
2017-08-10,49,PRODUCE,5753.989,5470.3643,283.6247421874996,283.6247421874996,80442.99438092561,"(416.108, 18340.0]"
2017-08-12,49,PRODUCE,7059.721,7485.3667,-425.6456992187505,425.6456992187505,181174.26126341897,"(416.108, 18340.0]"
2017-08-13,49,PRODUCE,7489.186,8426.64,-937.4536484375004,937.4536484375004,878819.3429687804,"(416.108, 18340.0]"
2017-08-14,49,PRODUCE,7483.304,6948.5547,534.7493125000001,534.7493125000001,285956.8272192228,"(416.108, 18340.0]"
2017-07-20,50,BEVERAGES,4083.0,3488.9111,594.0888671875,594.0888671875,352941.582116127,"(416.108, 18340.0]"
2017-07-23,50,BEVERAGES,7350.0,6690.2397,659.76025390625,659.76025390625,435283.59263443947,"(416.108, 18340.0]"
2017-07-25,50,BEVERAGES,4079.0,3708.4187,370.581298828125,370.581298828125,137330.49904114008,"(416.108, 18340.0]"
2017-07-27,50,BEVERAGES,3931.0,3354.8342,576.165771484375,576.165771484375,331966.99623018503,"(416.108, 18340.0]"
2017-07-28,50,BEVERAGES,5287.0,4644.4395,642.560546875,642.560546875,412884.0564002991,"(416.108, 18340.0]"
2017-07-29,50,BEVERAGES,7307.0,6576.4917,730.50830078125,730.50830078125,533642.3775103092,"(416.108, 18340.0]"
2017-07-30,50,BEVERAGES,7726.0,7252.43,473.56982421875,473.56982421875,224268.37841057777,"(416.108, 18340.0]"
2017-07-31,50,BEVERAGES,4483.0,5412.202,-929.2021484375,929.2021484375,863416.6326608658,"(416.108, 18340.0]"
2017-08-03,50,BEVERAGES,3777.0,4143.8887,-366.888671875,366.888671875,134607.29755020142,"(416.108, 18340.0]"
2017-08-04,50,BEVERAGES,3698.0,4957.029,-1259.02880859375,1259.02880859375,1585153.5408689976,"(416.108, 18340.0]"
2017-08-05,50,BEVERAGES,6153.0,6677.037,-524.037109375,524.037109375,274614.8920021057,"(416.108, 18340.0]"
2017-08-06,50,BEVERAGES,5546.0,6947.8647,-1401.86474609375,1401.86474609375,1965224.7663404944,"(416.108, 18340.0]"
2017-08-07,50,BEVERAGES,4011.0,4421.03,-410.02978515625,410.02978515625,168124.42471528053,"(416.108, 18340.0]"
2017-08-10,50,BEVERAGES,3863.0,3298.0747,564.92529296875,564.92529296875,319140.586635828,"(416.108, 18340.0]"
2017-08-12,50,BEVERAGES,4295.0,5759.4907,-1464.49072265625,1464.49072265625,2144733.0767462254,"(416.108, 18340.0]"
2017-08-13,50,BEVERAGES,4600.0,5330.813,-730.81298828125,730.81298828125,534087.6238405704,"(416.108, 18340.0]"
2017-07-20,50,CLEANING,1843.0,1345.7578,497.2421875,497.2421875,247249.7930297852,"(416.108, 18340.0]"
2017-07-22,50,CLEANING,2605.0,2292.8823,312.11767578125,312.11767578125,97417.4435350895,"(416.108, 18340.0]"
2017-07-24,50,CLEANING,2083.0,1786.866,296.134033203125,296.134033203125,87695.36562114954,"(416.108, 18340.0]"
2017-07-28,50,CLEANING,2028.0,1744.3704,283.629638671875,283.629638671875,80445.77193313837,"(416.108, 18340.0]"
2017-08-03,50,CLEANING,1469.0,1848.077,-379.0770263671875,379.0770263671875,143699.39191938937,"(416.108, 18340.0]"
2017-08-04,50,CLEANING,1362.0,1884.4242,-522.4241943359375,522.4241943359375,272927.0388275534,"(416.108, 18340.0]"
2017-08-05,50,CLEANING,2240.0,2602.293,-362.29296875,362.29296875,131256.19520568848,"(416.108, 18340.0]"
2017-08-06,50,CLEANING,2146.0,2603.2139,-457.2138671875,457.2138671875,209044.5203485489,"(416.108, 18340.0]"
2017-08-08,50,CLEANING,1245.0,1579.2029,-334.202880859375,334.202880859375,111691.5655747056,"(416.108, 18340.0]"
2017-08-12,50,CLEANING,1541.0,2083.7534,-542.75341796875,542.75341796875,294581.27271676064,"(416.108, 18340.0]"
2017-07-30,50,DAIRY,1381.0,1689.558,-308.5579833984375,308.5579833984375,95208.02911891045,"(416.108, 18340.0]"
2017-08-12,50,DAIRY,1087.0,1414.6172,-327.6171875,327.6171875,107333.02154541016,"(416.108, 18340.0]"
2017-07-19,50,GROCERY I,6045.0,5612.502,432.498046875,432.498046875,187054.5605506897,"(416.108, 18340.0]"
2017-07-20,50,GROCERY I,6009.0,5264.645,744.35498046875,744.35498046875,554064.3369486332,"(416.108, 18340.0]"
2017-07-22,50,GROCERY I,8404.0,7621.2217,782.7783203125,782.7783203125,612741.8987512589,"(416.108, 18340.0]"
2017-07-23,50,GROCERY I,9340.0,8259.453,1080.546875,1080.546875,1167581.5490722656,"(416.108, 18340.0]"
2017-07-25,50,GROCERY I,6585.0,5776.8623,808.1376953125,808.1376953125,653086.5345849991,"(416.108, 18340.0]"
2017-07-27,50,GROCERY I,5792.0,5127.201,664.798828125,664.798828125,441957.4818763733,"(416.108, 18340.0]"
2017-07-28,50,GROCERY I,7084.0,6294.5684,789.431640625,789.431640625,623202.3152198792,"(416.108, 18340.0]"
2017-07-29,50,GROCERY I,9622.0,8780.414,841.5859375,841.5859375,708266.8901977539,"(416.108, 18340.0]"
2017-07-30,50,GROCERY I,9210.0,9676.937,-466.9365234375,466.9365234375,218029.716919899,"(416.108, 18340.0]"
2017-07-31,50,GROCERY I,7462.0,7829.1997,-367.19970703125,367.19970703125,134835.62484383583,"(416.108, 18340.0]"
2017-08-01,50,GROCERY I,7720.0,8303.421,-583.4208984375,583.4208984375,340379.9447336197,"(416.108, 18340.0]"
2017-08-02,50,GROCERY I,7970.0,7322.6323,647.36767578125,647.36767578125,419084.9076464176,"(416.108, 18340.0]"
2017-08-04,50,GROCERY I,6040.0,6781.8955,-741.8955078125,741.8955078125,550408.9445123672,"(416.108, 18340.0]"
2017-08-06,50,GROCERY I,8360.0,9575.024,-1215.0244140625,1215.0244140625,1476284.3267679214,"(416.108, 18340.0]"
2017-08-08,50,GROCERY I,5666.0,6263.6196,-597.61962890625,597.61962890625,357149.220854044,"(416.108, 18340.0]"
2017-08-10,50,GROCERY I,5727.0,5321.687,405.31298828125,405.31298828125,164278.6184694767,"(416.108, 18340.0]"
2017-08-11,50,GROCERY I,6808.0,6156.007,651.9931640625,651.9931640625,425095.0859842301,"(416.108, 18340.0]"
2017-08-12,50,GROCERY I,6202.0,7951.0137,-1749.013671875,1749.013671875,3059048.82440567,"(416.108, 18340.0]"
2017-08-13,50,GROCERY I,7178.0,7986.4727,-808.47265625,808.47265625,653628.0359039307,"(416.108, 18340.0]"
2017-08-14,50,GROCERY I,6041.0,6533.254,-492.25390625,492.25390625,242313.9082183838,"(416.108, 18340.0]"
2017-08-15,50,GROCERY I,5647.0,5350.272,296.72802734375,296.72802734375,88047.52221131325,"(416.108, 18340.0]"
2017-07-23,50,HOME CARE,988.0,708.8105,279.18951416015625,279.18951416015625,77946.78481698409,"(416.108, 18340.0]"
2017-07-31,50,PRODUCE,2090.13,2384.4548,-294.3248339843749,294.3248339843749,86627.10789992985,"(416.108, 18340.0]"
2017-08-05,50,PRODUCE,2479.75,2777.3,-297.550048828125,297.550048828125,88536.03155761957,"(416.108, 18340.0]"
2017-08-09,50,PRODUCE,2254.508,2685.7512,-431.2432207031252,431.2432207031252,185970.71540240437,"(416.108, 18340.0]"
2017-08-10,50,PRODUCE,1865.766,1575.8055,289.9604580078126,289.9604580078126,84077.06720810044,"(416.108, 18340.0]"
2017-08-11,50,PRODUCE,2428.399,2025.1437,403.2553232421874,403.2553232421874,162614.85572316105,"(416.108, 18340.0]"
2017-08-12,50,PRODUCE,2184.949,2589.567,-404.61789453124993,404.61789453124993,163715.64057490168,"(416.108, 18340.0]"
2017-08-13,50,PRODUCE,2186.118,2528.8345,-342.71647265625006,342.71647265625006,117454.5806299422,"(416.108, 18340.0]"
2017-08-01,50,SCHOOL AND OFFICE SUPPLIES,324.0,928.46344,-604.4634399414062,604.4634399414062,365376.0502257981,"(83.0, 416.108]"
2017-08-07,50,SCHOOL AND OFFICE SUPPLIES,339.0,631.75476,-292.7547607421875,292.7547607421875,85705.34993721545,"(83.0, 416.108]"
2017-07-22,51,BEVERAGES,5446.0,5771.1836,-325.18359375,325.18359375,105744.36964416504,"(416.108, 18340.0]"
2017-07-23,51,BEVERAGES,5141.0,6247.21,-1106.2099609375,1106.2099609375,1223700.4776773453,"(416.108, 18340.0]"
2017-07-24,51,BEVERAGES,5260.0,4317.466,942.5341796875,942.5341796875,888370.6798791885,"(416.108, 18340.0]"
2017-07-25,51,BEVERAGES,4597.0,3985.0798,611.920166015625,611.920166015625,374446.28957659006,"(416.108, 18340.0]"
2017-07-28,51,BEVERAGES,4795.0,4489.1133,305.88671875,305.88671875,93566.6847076416,"(416.108, 18340.0]"
2017-07-30,51,BEVERAGES,7150.0,6481.985,668.01513671875,668.01513671875,446244.2228853703,"(416.108, 18340.0]"
2017-07-31,51,BEVERAGES,4661.0,5219.4023,-558.40234375,558.40234375,311813.1775054932,"(416.108, 18340.0]"
2017-08-03,51,BEVERAGES,3425.0,3886.613,-461.613037109375,461.613037109375,213086.5960293412,"(416.108, 18340.0]"
2017-08-05,51,BEVERAGES,6134.0,5588.093,545.9072265625,545.9072265625,298014.7000131607,"(416.108, 18340.0]"
2017-08-07,51,BEVERAGES,3779.0,4486.504,-707.50390625,707.50390625,500561.7773590088,"(416.108, 18340.0]"
2017-08-08,51,BEVERAGES,3269.0,3862.229,-593.22900390625,593.22900390625,351920.6510756016,"(416.108, 18340.0]"
2017-08-11,51,BEVERAGES,5356.0,4371.2773,984.72265625,984.72265625,969678.7097320555,"(416.108, 18340.0]"
2017-08-12,51,BEVERAGES,4137.0,5573.0635,-1436.0634765625,1436.0634765625,2062278.308716774,"(416.108, 18340.0]"
2017-08-15,51,BEVERAGES,3860.0,3533.6301,326.369873046875,326.369873046875,106517.2940326333,"(416.108, 18340.0]"
2017-07-23,51,BREAD/BAKERY,845.394,1211.4297,-366.0356875,366.0356875,133982.12452359765,"(416.108, 18340.0]"
2017-08-12,51,BREAD/BAKERY,760.013,1039.7784,-279.76544238281247,279.76544238281247,78268.70275165077,"(416.108, 18340.0]"
2017-07-23,51,CLEANING,1583.0,1892.302,-309.302001953125,309.302001953125,95667.72841221094,"(416.108, 18340.0]"
2017-07-24,51,CLEANING,1729.0,1346.136,382.864013671875,382.864013671875,146584.8529649377,"(416.108, 18340.0]"
2017-08-01,51,CLEANING,1469.0,1765.5746,-296.5745849609375,296.5745849609375,87956.48444475234,"(416.108, 18340.0]"
2017-08-12,51,CLEANING,1221.0,1616.8503,-395.850341796875,395.850341796875,156697.49310070276,"(416.108, 18340.0]"
2017-07-19,51,DAIRY,1823.0,1513.1189,309.881103515625,309.881103515625,96026.2983160615,"(416.108, 18340.0]"
2017-07-22,51,DAIRY,1596.0,1933.8065,-337.8065185546875,337.8065185546875,114113.24397803844,"(416.108, 18340.0]"
2017-07-23,51,DAIRY,1657.0,2078.8694,-421.869384765625,421.869384765625,177973.77780252695,"(416.108, 18340.0]"
2017-07-24,51,DAIRY,1849.0,1431.6737,417.3262939453125,417.3262939453125,174161.23561812937,"(416.108, 18340.0]"
2017-08-12,51,DAIRY,1488.0,1864.2804,-376.2803955078125,376.2803955078125,141586.9360435158,"(416.108, 18340.0]"
2017-07-19,51,GROCERY I,5862.0,5328.8643,533.1357421875,533.1357421875,284233.71959781647,"(416.108, 18340.0]"
2017-07-22,51,GROCERY I,5542.0,5890.944,-348.94384765625,348.94384765625,121761.8088171482,"(416.108, 18340.0]"
2017-07-23,51,GROCERY I,5705.0,6580.683,-875.68310546875,875.68310546875,766820.9012033939,"(416.108, 18340.0]"
2017-07-24,51,GROCERY I,6409.0,5019.2583,1389.74169921875,1389.74169921875,1931381.9905474184,"(416.108, 18340.0]"
2017-07-25,51,GROCERY I,4936.0,4509.658,426.341796875,426.341796875,181767.32776260376,"(416.108, 18340.0]"
2017-07-26,51,GROCERY I,5717.0,5172.0474,544.95263671875,544.95263671875,296973.3762667179,"(416.108, 18340.0]"
2017-07-27,51,GROCERY I,3956.0,4880.8364,-924.83642578125,924.83642578125,855322.4144518375,"(416.108, 18340.0]"
2017-07-29,51,GROCERY I,5691.0,6287.8247,-596.82470703125,596.82470703125,356199.7309229374,"(416.108, 18340.0]"
2017-07-30,51,GROCERY I,7897.0,6870.9194,1026.08056640625,1026.08056640625,1052841.3287565708,"(416.108, 18340.0]"
2017-07-31,51,GROCERY I,5501.0,6397.937,-896.93701171875,896.93701171875,804496.0029909611,"(416.108, 18340.0]"
2017-08-01,51,GROCERY I,6067.0,5588.2183,478.78173828125,478.78173828125,229231.95291161537,"(416.108, 18340.0]"
2017-08-03,51,GROCERY I,4091.0,4450.192,-359.19189453125,359.19189453125,129018.81709694862,"(416.108, 18340.0]"
2017-08-04,51,GROCERY I,4886.0,5341.6216,-455.62158203125,455.62158203125,207591.02601265907,"(416.108, 18340.0]"
2017-08-06,51,GROCERY I,6858.0,6552.6245,305.37548828125,305.37548828125,93254.18884301186,"(416.108, 18340.0]"
2017-08-08,51,GROCERY I,3922.0,4710.4976,-788.49755859375,788.49755859375,621728.3999083042,"(416.108, 18340.0]"
2017-08-10,51,GROCERY I,3340.0,4012.451,-672.450927734375,672.450927734375,452190.2502108216,"(416.108, 18340.0]"
2017-08-11,51,GROCERY I,5483.0,4714.6465,768.353515625,768.353515625,590367.1249732971,"(416.108, 18340.0]"
2017-08-12,51,GROCERY I,4249.0,5700.388,-1451.38818359375,1451.38818359375,2106527.659475565,"(416.108, 18340.0]"
2017-08-14,51,GROCERY I,4227.0,5147.02,-920.02001953125,920.02001953125,846436.8363382816,"(416.108, 18340.0]"
2017-08-15,51,GROCERY I,4756.0,4137.949,618.05078125,618.05078125,381986.76820373535,"(416.108, 18340.0]"
2017-07-28,51,POULTRY,3317.921,3754.855,-436.9339804687502,436.9339804687502,190911.30328826612,"(416.108, 18340.0]"
2017-08-04,51,POULTRY,3535.233,4045.9624,-510.7294023437498,510.7294023437498,260844.52241840388,"(416.108, 18340.0]"
2017-08-11,51,POULTRY,1081.482,4006.7275,-2925.2455390625,2925.2455390625,8557061.463805057,"(416.108, 18340.0]"
2017-07-21,51,PRODUCE,4924.608,5425.881,-501.2728593749998,501.2728593749998,251274.47954598835,"(416.108, 18340.0]"
2017-07-23,51,PRODUCE,4617.282,6383.325,-1766.0431953124998,1766.0431953124998,3118908.5677095843,"(416.108, 18340.0]"
2017-07-24,51,PRODUCE,5232.413,4710.6606,521.7523554687496,521.7523554687496,272225.5204371884,"(416.108, 18340.0]"
2017-07-25,51,PRODUCE,5081.281,4298.6787,782.6022890625,782.6022890625,612466.3428458647,"(416.108, 18340.0]"
2017-07-26,51,PRODUCE,7904.551,8260.429,-355.8777109374996,355.8777109374996,126648.94514211452,"(416.108, 18340.0]"
2017-07-29,51,PRODUCE,5550.849,5880.8813,-330.03234765624984,330.03234765624984,108921.35049949576,"(416.108, 18340.0]"
2017-07-30,51,PRODUCE,6757.23,5645.815,1111.4150585937496,1111.4150585937496,1235243.4324689475,"(416.108, 18340.0]"
2017-08-02,51,PRODUCE,9553.308,8252.914,1300.393937500001,1300.393937500001,1691024.3926867563,"(416.108, 18340.0]"
2017-08-04,51,PRODUCE,5612.906,5309.034,303.87182031249995,303.87182031249995,92338.08318003226,"(416.108, 18340.0]"
2017-08-05,51,PRODUCE,6269.454,5819.5405,449.9134726562497,449.9134726562497,202422.132877606,"(416.108, 18340.0]"
2017-08-06,51,PRODUCE,6752.078,6350.0957,401.9822968750004,401.9822968750004,161589.767000901,"(416.108, 18340.0]"
2017-08-08,51,PRODUCE,4277.165,4668.632,-391.4668359375,391.4668359375,153246.28363891758,"(416.108, 18340.0]"
2017-08-10,51,PRODUCE,3632.796,3955.9653,-323.1693320312502,323.1693320312502,104438.41716552444,"(416.108, 18340.0]"
2017-08-11,51,PRODUCE,5941.01,5213.3604,727.6496484375002,727.6496484375002,529474.0108712177,"(416.108, 18340.0]"
2017-08-12,51,PRODUCE,4384.728,5911.607,-1526.87893359375,1526.87893359375,2331359.277852387,"(416.108, 18340.0]"
2017-08-14,51,PRODUCE,4516.358,5176.8916,-660.5336015624998,660.5336015624998,436304.63879312726,"(416.108, 18340.0]"
2017-08-15,51,PRODUCE,5031.19,4208.876,822.3140234374996,822.3140234374996,676200.3531419686,"(416.108, 18340.0]"
2017-07-20,52,BEVERAGES,4114.0,3381.6616,732.33837890625,732.33837890625,536319.5012190342,"(416.108, 18340.0]"
2017-07-21,52,BEVERAGES,4398.0,4693.5063,-295.50634765625,295.50634765625,87324.00150513649,"(416.108, 18340.0]"
2017-07-23,52,BEVERAGES,6604.0,6225.5117,378.48828125,378.48828125,143253.3790435791,"(416.108, 18340.0]"
2017-07-27,52,BEVERAGES,3784.0,3433.8943,350.105712890625,350.105712890625,122574.01019865274,"(416.108, 18340.0]"
2017-07-28,52,BEVERAGES,5304.0,4551.219,752.78076171875,752.78076171875,566678.8752138615,"(416.108, 18340.0]"
2017-07-29,52,BEVERAGES,7592.0,5633.758,1958.2421875,1958.2421875,3834712.464904785,"(416.108, 18340.0]"
2017-07-30,52,BEVERAGES,5867.0,6394.063,-527.06298828125,527.06298828125,277795.3936159611,"(416.108, 18340.0]"
2017-07-31,52,BEVERAGES,4349.0,4836.0186,-487.0185546875,487.0185546875,237187.07260990143,"(416.108, 18340.0]"
2017-08-01,52,BEVERAGES,5390.0,4480.7134,909.28662109375,909.28662109375,826802.1593000889,"(416.108, 18340.0]"
2017-08-03,52,BEVERAGES,3492.0,4149.246,-657.24609375,657.24609375,431972.4277496338,"(416.108, 18340.0]"
2017-08-05,52,BEVERAGES,5313.0,5880.4053,-567.4052734375,567.4052734375,321948.74432468414,"(416.108, 18340.0]"
2017-08-06,52,BEVERAGES,5351.0,6340.6157,-989.61572265625,989.61572265625,979339.278528452,"(416.108, 18340.0]"
2017-08-08,52,BEVERAGES,3308.0,3734.2952,-426.295166015625,426.295166015625,181727.56856828928,"(416.108, 18340.0]"
2017-08-10,52,BEVERAGES,3776.0,3317.8367,458.163330078125,458.163330078125,209913.6370282769,"(416.108, 18340.0]"
2017-08-11,52,BEVERAGES,5644.0,4490.428,1153.57177734375,1153.57177734375,1330727.8454840183,"(416.108, 18340.0]"
2017-08-12,52,BEVERAGES,4388.0,5732.7812,-1344.78125,1344.78125,1808436.6103515625,"(416.108, 18340.0]"
2017-08-13,52,BEVERAGES,4916.0,5334.7173,-418.71728515625,418.71728515625,175324.16488862038,"(416.108, 18340.0]"
2017-07-29,52,BREAD/BAKERY,1263.075,932.9842,330.0908081054688,330.0908081054688,108959.94159572142,"(416.108, 18340.0]"
2017-08-11,52,BREAD/BAKERY,1213.521,917.6307,295.8903237304687,295.8903237304687,87551.08367732157,"(416.108, 18340.0]"
2017-07-19,52,CLEANING,1885.0,1420.078,464.9219970703125,464.9219970703125,216152.4633598477,"(416.108, 18340.0]"
2017-07-26,52,CLEANING,1760.0,1435.9287,324.0712890625,324.0712890625,105022.20039463045,"(416.108, 18340.0]"
2017-07-28,52,CLEANING,1909.0,1580.6442,328.3558349609375,328.3558349609375,107817.55435289444,"(416.108, 18340.0]"
2017-07-30,52,CLEANING,2047.0,2412.7808,-365.78076171875,365.78076171875,133795.56564354897,"(416.108, 18340.0]"
2017-08-05,52,CLEANING,1880.0,2180.7837,-300.78369140625,300.78369140625,90470.82901597024,"(416.108, 18340.0]"
2017-08-11,52,CLEANING,1940.0,1583.0345,356.9654541015625,356.9654541015625,127424.33542193472,"(416.108, 18340.0]"
2017-08-12,52,CLEANING,1392.0,2012.7719,-620.7718505859375,620.7718505859375,385357.6904798895,"(416.108, 18340.0]"
2017-07-28,52,DAIRY,1373.0,1012.26825,360.7317504882813,360.7317504882813,130127.3958103396,"(416.108, 18340.0]"
2017-07-29,52,DAIRY,1749.0,1338.08,410.9200439453125,410.9200439453125,168855.28251601756,"(416.108, 18340.0]"
2017-07-30,52,DAIRY,1319.0,1625.9594,-306.9593505859375,306.9593505859375,94224.04291214047,"(416.108, 18340.0]"
2017-08-11,52,DAIRY,1517.0,1181.056,335.9439697265625,335.9439697265625,112858.35079564154,"(416.108, 18340.0]"
2017-08-11,52,FROZEN FOODS,837.665,452.0116,385.65340332031246,385.65340332031246,148728.5474925396,"(416.108, 18340.0]"
2017-07-19,52,GROCERY I,5763.0,5033.184,729.81591796875,729.81591796875,532631.2741205692,"(416.108, 18340.0]"
2017-07-20,52,GROCERY I,4902.0,4495.0894,406.91064453125,406.91064453125,165576.2726328373,"(416.108, 18340.0]"
2017-07-22,52,GROCERY I,7321.0,6686.5273,634.47265625,634.47265625,402555.55152893066,"(416.108, 18340.0]"
2017-07-23,52,GROCERY I,8568.0,7133.9253,1434.07470703125,1434.07470703125,2056570.2653467653,"(416.108, 18340.0]"
2017-07-24,52,GROCERY I,5737.0,5156.0195,580.98046875,580.98046875,337538.3050689697,"(416.108, 18340.0]"
2017-07-25,52,GROCERY I,5265.0,4427.1636,837.83642578125,837.83642578125,701969.8763659,"(416.108, 18340.0]"
2017-07-26,52,GROCERY I,5964.0,5258.085,705.9150390625,705.9150390625,498316.0423746109,"(416.108, 18340.0]"
2017-07-28,52,GROCERY I,6782.0,5645.7827,1136.21728515625,1136.21728515625,1290989.7190878391,"(416.108, 18340.0]"
2017-07-29,52,GROCERY I,9604.0,6993.3647,2610.63525390625,2610.63525390625,6815416.42893815,"(416.108, 18340.0]"
2017-07-30,52,GROCERY I,7884.0,9361.488,-1477.48828125,1477.48828125,2182971.621231079,"(416.108, 18340.0]"
2017-07-31,52,GROCERY I,6030.0,6962.129,-932.12890625,932.12890625,868864.2978668213,"(416.108, 18340.0]"
2017-08-01,52,GROCERY I,6064.0,6495.8247,-431.82470703125,431.82470703125,186472.5776026249,"(416.108, 18340.0]"
2017-08-02,52,GROCERY I,7195.0,6207.3887,987.611328125,987.611328125,975376.1354408264,"(416.108, 18340.0]"
2017-08-03,52,GROCERY I,5327.0,5966.176,-639.17578125,639.17578125,408545.6793365479,"(416.108, 18340.0]"
2017-08-04,52,GROCERY I,6638.0,5970.6343,667.36572265625,667.36572265625,445377.0077764988,"(416.108, 18340.0]"
2017-08-05,52,GROCERY I,7189.0,7838.149,-649.14892578125,649.14892578125,421394.3278429508,"(416.108, 18340.0]"
2017-08-06,52,GROCERY I,7774.0,7321.49,452.509765625,452.509765625,204765.08798599243,"(416.108, 18340.0]"
2017-08-08,52,GROCERY I,4656.0,4984.979,-328.97900390625,328.97900390625,108227.18501114844,"(416.108, 18340.0]"
2017-08-09,52,GROCERY I,5783.0,5466.7305,316.26953125,316.26953125,100026.41639709473,"(416.108, 18340.0]"
2017-08-10,52,GROCERY I,5377.0,4722.311,654.68896484375,654.68896484375,428617.6406881809,"(416.108, 18340.0]"
2017-08-11,52,GROCERY I,8464.0,6196.373,2267.626953125,2267.626953125,5142131.998538971,"(416.108, 18340.0]"
2017-08-14,52,GROCERY I,5088.0,5618.779,-530.77880859375,530.77880859375,281726.1436522007,"(416.108, 18340.0]"
2017-08-15,52,GROCERY I,5141.0,4689.3354,451.66455078125,451.66455078125,204000.8664324284,"(416.108, 18340.0]"
2017-08-11,52,"LIQUOR,WINE,BEER",719.0,320.56683,398.4331665039063,398.4331665039063,158748.98817032948,"(416.108, 18340.0]"
2017-07-20,52,PRODUCE,3895.747,3477.3662,418.38078906249984,418.38078906249984,175042.48465656,"(416.108, 18340.0]"
2017-07-25,52,PRODUCE,3210.367,3540.011,-329.6439863281248,329.6439863281248,108665.15772229694,"(416.108, 18340.0]"
2017-07-26,52,PRODUCE,7317.868,6932.6045,385.2635078125004,385.2635078125004,148427.97045199256,"(416.108, 18340.0]"
2017-07-27,52,PRODUCE,3898.694,3362.9255,535.768462890625,535.768462890625,287047.845828183,"(416.108, 18340.0]"
2017-07-28,52,PRODUCE,6258.242,4513.184,1745.0579179687502,1745.0579179687502,3045227.137065429,"(416.108, 18340.0]"
2017-07-29,52,PRODUCE,6185.649,5391.9907,793.6582773437503,793.6582773437503,629893.4611962494,"(416.108, 18340.0]"
2017-07-30,52,PRODUCE,4699.616,5546.1294,-846.51339453125,846.51339453125,716584.9271208197,"(416.108, 18340.0]"
2017-08-01,52,PRODUCE,4362.535,4074.5251,288.00985351562485,288.00985351562485,82949.67572209169,"(416.108, 18340.0]"
2017-08-02,52,PRODUCE,8154.466,7588.365,566.1007656250003,566.1007656250003,320470.0768412116,"(416.108, 18340.0]"
2017-08-04,52,PRODUCE,4885.768,5207.9004,-322.132390625,322.132390625,103769.27708977756,"(416.108, 18340.0]"
2017-08-05,52,PRODUCE,5340.453,5814.3916,-473.9386015624996,473.9386015624996,224617.7980510177,"(416.108, 18340.0]"
2017-08-06,52,PRODUCE,4943.119,5819.483,-876.3639101562503,876.3639101562503,768013.7030243523,"(416.108, 18340.0]"
2017-08-08,52,PRODUCE,3329.195,3627.736,-298.54108398437484,298.54108398437484,89126.77882656555,"(416.108, 18340.0]"
2017-08-09,52,PRODUCE,7873.919,7204.983,668.9360898437499,668.9360898437499,447475.4922954454,"(416.108, 18340.0]"
2017-08-10,52,PRODUCE,4129.067,3655.0508,474.01621875,474.01621875,224691.37563804784,"(416.108, 18340.0]"
2017-08-11,52,PRODUCE,6163.229,4782.61,1380.6191367187505,1380.6191367187505,1906109.2006740272,"(416.108, 18340.0]"
2017-08-12,52,PRODUCE,4250.356,5763.3315,-1512.9755429687502,1512.9755429687502,2289094.9936215845,"(416.108, 18340.0]"
2017-08-13,52,PRODUCE,4573.067,5080.561,-507.49403515625,507.49403515625,257550.1957191731,"(416.108, 18340.0]"
2017-08-14,52,PRODUCE,4090.845,4477.7256,-386.8805859375002,386.8805859375002,149676.58777534348,"(416.108, 18340.0]"
2017-07-21,53,BEVERAGES,3006.0,2199.9453,806.0546875,806.0546875,649724.1592407227,"(416.108, 18340.0]"
2017-07-26,53,BEVERAGES,2535.0,2179.043,355.95703125,355.95703125,126705.40809631348,"(416.108, 18340.0]"
2017-07-27,53,BEVERAGES,1622.0,1913.1216,-291.12158203125,291.12158203125,84751.77552437782,"(416.108, 18340.0]"
2017-08-03,53,BEVERAGES,1535.0,1975.0522,-440.05224609375,440.05224609375,193645.9792921543,"(416.108, 18340.0]"
2017-08-05,53,BEVERAGES,2533.0,3070.476,-537.47607421875,537.47607421875,288880.53035759926,"(416.108, 18340.0]"
2017-08-06,53,BEVERAGES,3844.0,3261.5078,582.4921875,582.4921875,339297.1484985352,"(416.108, 18340.0]"
2017-08-08,53,BEVERAGES,1533.0,1840.0901,-307.090087890625,307.090087890625,94304.3220806718,"(416.108, 18340.0]"
2017-08-12,53,BEVERAGES,2105.0,2697.9927,-592.99267578125,592.99267578125,351640.3135302067,"(416.108, 18340.0]"
2017-08-13,53,BEVERAGES,2651.0,3149.6997,-498.69970703125,498.69970703125,248701.39779305455,"(416.108, 18340.0]"
2017-08-14,53,BEVERAGES,1624.0,2042.0546,-418.0545654296875,418.0545654296875,174769.61967660487,"(416.108, 18340.0]"
2017-08-03,53,CLEANING,676.0,1016.5797,-340.5797119140625,340.5797119140625,115994.5401674658,"(416.108, 18340.0]"
2017-08-13,53,CLEANING,1025.0,1307.1002,-282.1002197265625,282.1002197265625,79580.53396977484,"(416.108, 18340.0]"
2017-07-21,53,GROCERY I,3721.0,3064.9138,656.086181640625,656.086181640625,430449.0777397752,"(416.108, 18340.0]"
2017-07-24,53,GROCERY I,3549.0,3167.5515,381.448486328125,381.448486328125,145502.94772201777,"(416.108, 18340.0]"
2017-07-25,53,GROCERY I,2283.0,2852.16,-569.159912109375,569.159912109375,323943.0055523515,"(416.108, 18340.0]"
2017-07-26,53,GROCERY I,3151.0,2864.6477,286.352294921875,286.352294921875,81997.63680702448,"(416.108, 18340.0]"
2017-07-27,53,GROCERY I,2200.0,2505.04,-305.0400390625,305.0400390625,93049.42543125153,"(416.108, 18340.0]"
2017-07-31,53,GROCERY I,3300.0,3873.3613,-573.361328125,573.361328125,328743.2125892639,"(416.108, 18340.0]"
2017-08-03,53,GROCERY I,2589.0,2975.8994,-386.8994140625,386.8994140625,149691.15660190582,"(416.108, 18340.0]"
2017-08-05,53,GROCERY I,3662.0,4095.634,-433.634033203125,433.634033203125,188038.4747520089,"(416.108, 18340.0]"
2017-08-08,53,GROCERY I,2394.0,2741.2783,-347.2783203125,347.2783203125,120602.23175907136,"(416.108, 18340.0]"
2017-08-11,53,GROCERY I,3250.0,2901.736,348.263916015625,348.263916015625,121287.7551985383,"(416.108, 18340.0]"
2017-08-13,53,GROCERY I,3627.0,4420.845,-793.84521484375,793.84521484375,630190.2251303196,"(416.108, 18340.0]"
2017-08-14,53,GROCERY I,2522.0,3082.1533,-560.1533203125,560.1533203125,313771.7422571182,"(416.108, 18340.0]"
2017-07-25,53,PRODUCE,1206.881,1496.3856,-289.5046201171874,289.5046201171874,83812.925069197,"(416.108, 18340.0]"
2017-07-26,53,PRODUCE,3077.188,2717.966,359.2219355468751,359.2219355468751,129040.39897804327,"(416.108, 18340.0]"
2017-07-30,53,PRODUCE,3066.659,2671.933,394.7258945312501,394.7258945312501,155808.5318134956,"(416.108, 18340.0]"
2017-08-09,53,PRODUCE,2684.282,3065.4211,-381.1391425781249,381.1391425781249,145267.04600518817,"(416.108, 18340.0]"
2017-08-11,53,PRODUCE,2308.84,1895.4851,413.3548925781252,413.3548925781252,170862.26721827337,"(416.108, 18340.0]"
2017-08-13,53,PRODUCE,2217.132,2516.701,-299.56892773437494,299.56892773437494,89741.54246392315,"(416.108, 18340.0]"
2017-07-19,54,BEVERAGES,2779.0,2203.7407,575.25927734375,575.25927734375,330923.2361700535,"(416.108, 18340.0]"
2017-07-21,54,BEVERAGES,5262.0,3335.333,1926.6669921875,1926.6669921875,3712045.698784828,"(416.108, 18340.0]"
2017-07-22,54,BEVERAGES,3065.0,4039.3835,-974.383544921875,974.383544921875,949423.2926145196,"(416.108, 18340.0]"
2017-07-23,54,BEVERAGES,8113.0,7306.3306,806.66943359375,806.66943359375,650715.5750944614,"(416.108, 18340.0]"
2017-07-24,54,BEVERAGES,3868.0,3263.4407,604.559326171875,604.559326171875,365491.97886139154,"(416.108, 18340.0]"
2017-07-25,54,BEVERAGES,2535.0,3275.8594,-740.859375,740.859375,548872.6135253906,"(416.108, 18340.0]"
2017-07-26,54,BEVERAGES,1657.0,2629.565,-972.56494140625,972.56494140625,945882.5652525424,"(416.108, 18340.0]"
2017-07-27,54,BEVERAGES,1543.0,2522.611,-979.611083984375,979.611083984375,959637.8758650422,"(416.108, 18340.0]"
2017-07-28,54,BEVERAGES,3249.0,2924.3833,324.61669921875,324.61669921875,105376.0014116764,"(416.108, 18340.0]"
2017-07-29,54,BEVERAGES,2622.0,4013.7417,-1391.74169921875,1391.74169921875,1936944.9573442936,"(416.108, 18340.0]"
2017-07-30,54,BEVERAGES,4394.0,7197.9766,-2803.9765625,2803.9765625,7862284.563049316,"(416.108, 18340.0]"
2017-07-31,54,BEVERAGES,3537.0,3254.801,282.198974609375,282.198974609375,79636.26127058268,"(416.108, 18340.0]"
2017-08-02,54,BEVERAGES,3080.0,2735.014,344.986083984375,344.986083984375,119015.39814287424,"(416.108, 18340.0]"
2017-08-03,54,BEVERAGES,2844.0,2416.9395,427.060546875,427.060546875,182380.71069717407,"(416.108, 18340.0]"
2017-08-04,54,BEVERAGES,2979.0,3913.2722,-934.272216796875,934.272216796875,872864.575078547,"(416.108, 18340.0]"
2017-08-05,54,BEVERAGES,2708.0,3913.4062,-1205.40625,1205.40625,1453004.2275390625,"(416.108, 18340.0]"
2017-08-06,54,BEVERAGES,8552.0,5043.177,3508.8232421875,3508.8232421875,12311840.5449152,"(416.108, 18340.0]"
2017-08-08,54,BEVERAGES,5644.0,2891.2583,2752.74169921875,2752.74169921875,7577586.862617731,"(416.108, 18340.0]"
2017-08-09,54,BEVERAGES,1918.0,3042.6155,-1124.615478515625,1124.615478515625,1264759.9745169282,"(416.108, 18340.0]"
2017-08-10,54,BEVERAGES,4686.0,2199.3345,2486.66552734375,2486.66552734375,6183505.44487977,"(416.108, 18340.0]"
2017-08-11,54,BEVERAGES,3223.0,4215.6274,-992.62744140625,992.62744140625,985309.2374327184,"(416.108, 18340.0]"
2017-08-12,54,BEVERAGES,1827.0,4522.2534,-2695.25341796875,2695.25341796875,7264390.987072229,"(416.108, 18340.0]"
2017-08-13,54,BEVERAGES,4824.0,7621.9824,-2797.982421875,2797.982421875,7828705.63312149,"(416.108, 18340.0]"
2017-08-14,54,BEVERAGES,5403.0,3670.544,1732.4560546875,1732.4560546875,3001403.981423378,"(416.108, 18340.0]"
2017-08-15,54,BEVERAGES,4332.0,3103.5237,1228.476318359375,1228.476318359375,1509154.0647698045,"(416.108, 18340.0]"
2017-07-28,54,CLEANING,1727.0,728.5452,998.4547729492188,998.4547729492188,996911.933625076,"(416.108, 18340.0]"
2017-07-29,54,CLEANING,2351.0,1284.7401,1066.2598876953125,1066.2598876953125,1136910.1481080204,"(416.108, 18340.0]"
2017-07-30,54,CLEANING,2831.0,1623.8693,1207.1307373046875,1207.1307373046875,1457164.6169457585,"(416.108, 18340.0]"
2017-07-31,54,CLEANING,2346.0,1383.9354,962.0645751953124,962.0645751953124,925568.2468457372,"(416.108, 18340.0]"
2017-08-04,54,CLEANING,964.0,1536.0316,-572.0316162109375,572.0316162109375,327220.1699448973,"(416.108, 18340.0]"
2017-08-05,54,CLEANING,1059.0,1671.7953,-612.7952880859375,612.7952880859375,375518.06510032713,"(416.108, 18340.0]"
2017-08-10,54,CLEANING,720.0,1001.4378,-281.43780517578125,281.43780517578125,79207.238182161,"(416.108, 18340.0]"
2017-08-11,54,CLEANING,644.0,1129.0841,-485.0841064453125,485.0841064453125,235306.59032584727,"(416.108, 18340.0]"
2017-08-12,54,CLEANING,942.0,1286.795,-344.7950439453125,344.7950439453125,118883.62232924998,"(416.108, 18340.0]"
2017-08-15,54,CLEANING,1415.0,985.3723,429.627685546875,429.627685546875,184579.9481883645,"(416.108, 18340.0]"
2017-07-21,54,GROCERY I,2844.0,2463.475,380.52490234375,380.52490234375,144799.20130372047,"(416.108, 18340.0]"
2017-07-24,54,GROCERY I,2999.0,3412.5083,-413.50830078125,413.50830078125,170989.11481499672,"(416.108, 18340.0]"
2017-07-27,54,GROCERY I,2949.0,2223.3271,725.6728515625,725.6728515625,526601.0874948502,"(416.108, 18340.0]"
2017-07-30,54,GROCERY I,5226.0,4184.8535,1041.146484375,1041.146484375,1083986.001926422,"(416.108, 18340.0]"
2017-07-31,54,GROCERY I,4536.0,3770.9624,765.03759765625,765.03759765625,585282.5258276463,"(416.108, 18340.0]"
2017-08-02,54,GROCERY I,2445.0,3652.431,-1207.430908203125,1207.430908203125,1457889.3980842233,"(416.108, 18340.0]"
2017-08-03,54,GROCERY I,2876.0,2476.7998,399.2001953125,399.2001953125,159360.79593753815,"(416.108, 18340.0]"
2017-08-08,54,GROCERY I,3454.0,2716.1577,737.84228515625,737.84228515625,544411.2377645969,"(416.108, 18340.0]"
2017-08-09,54,GROCERY I,3526.0,2905.3994,620.6005859375,620.6005859375,385145.0872659683,"(416.108, 18340.0]"
2017-08-12,54,GROCERY I,4161.0,3793.2676,367.732421875,367.732421875,135227.13409805298,"(416.108, 18340.0]"
2017-08-13,54,GROCERY I,4739.0,5048.41,-309.41015625,309.41015625,95734.6447906494,"(416.108, 18340.0]"
2017-08-14,54,GROCERY I,3274.0,3742.083,-468.0830078125,468.0830078125,219101.7022027969,"(416.108, 18340.0]"
2017-08-15,54,GROCERY I,4235.0,3298.7798,936.22021484375,936.22021484375,876508.2906820774,"(416.108, 18340.0]"
