family,store_nbr,observations,MAE,RMSE,mean_error,max_error
BEVERAGES,54,28,1262.4563860212054,1571.880785692625,4.363926478794643,3508.8232421875
BEVERAGES,44,28,1184.7821393694196,1577.614628294321,-115.56935337611607,3894.203125
BEVERAGES,40,28,1165.2489972795759,1501.3026437908904,321.9459141322545,3752.357421875
GROCERY I,46,28,1034.6788330078125,1392.9949376920315,-462.2208949497768,3507.681640625
GROCERY I,28,28,998.2602546735491,1459.6148877382186,424.53499560546874,4268.625050781249
GROCERY I,47,28,979.8518938337054,1335.456620381882,-136.6771240234375,3598.6708984375
GROCERY I,45,28,957.3680071149554,1185.6035248186652,-38.454537527901785,3197.7421875
GROCERY I,44,28,906.4180908203125,1386.9166799604754,-636.2120710100446,3854.4052734375
CLEANING,40,28,898.2467476981027,1283.6133358535037,235.68739536830358,3192.23876953125
BEVERAGES,3,28,874.0254255022321,1048.8898161697605,-244.05859375,2491.1298828125
GROCERY I,40,28,850.2317853655134,1245.939165251666,284.9490705217634,3886.51953125
BEVERAGES,38,28,839.5657261439732,1214.7189288642967,-43.723414829799104,3290.948974609375
BEVERAGES,45,28,814.3727329799107,1077.6364222905704,-173.37660435267858,2633.4365234375
CLEANING,39,28,804.6902836390904,1305.4805171598814,205.07167053222656,4777.9290771484375
BEVERAGES,47,28,788.3426339285714,1094.8087182835627,65.08217075892857,3306.021484375
BEVERAGES,43,28,781.5088588169643,1020.1809918661544,-37.67714146205357,2983.69384765625
BEVERAGES,39,28,738.6595807756696,886.7008562049216,-157.02413504464286,1959.246337890625
GROCERY I,52,28,732.5196881975446,942.7272683162963,360.71144321986606,2610.63525390625
GROCERY I,20,28,706.6048271484375,930.5631604028031,115.74809640066965,2431.9269453125
GROCERY I,48,28,703.6927839006696,998.9563030587057,-13.238438197544642,3244.494140625
GROCERY I,11,28,697.671769391741,845.5719951510706,169.67387011718753,1742.4442226562496
CLEANING,14,28,697.5670253208706,1175.5454548068772,85.33156912667411,3272.3507690429688
BEVERAGES,46,28,685.2263532366071,927.9368197663489,-462.21725027901783,2575.59375
BEVERAGES,42,28,685.0087236676898,870.0296672510079,-66.19349452427456,2557.447265625
GROCERY I,39,28,684.158829450335,889.5898631349268,51.685191894531194,1908.535650390625
BEVERAGES,31,28,673.6483590262277,889.7611686089235,63.349513462611604,2265.419921875
CLEANING,20,28,667.6226632254464,1117.7611764809233,270.2299499511719,3922.474853515625
PRODUCE,44,28,658.2404686104911,900.5119721060153,-486.88229059709835,2543.5022656250003
BEVERAGES,41,28,645.75779070173,853.7221168917482,-21.823028564453125,2021.852783203125
BEVERAGES,33,28,637.1403241838727,1078.2477209453016,144.9927498953683,3852.4853515625
GROCERY I,30,28,611.9759390694754,962.926701399905,115.94603184291294,3629.253662109375
GROCERY I,41,28,574.2848249162946,781.7949461641537,-20.264508928571427,2784.598388671875
BEVERAGES,49,28,568.140607561384,700.6053370773218,-238.08735002790178,1592.697265625
GROCERY I,50,28,567.279523577009,685.8775168665779,36.406895228794646,1749.013671875
BEVERAGES,48,28,562.287370954241,730.883946456123,-185.29148646763392,1786.86572265625
BEVERAGES,11,28,551.405744280134,707.2645664161176,3.6793736049107144,1686.587890625
GROCERY I,51,28,549.6232997349331,668.0208598604696,-88.29154750279018,1451.38818359375
BEVERAGES,28,28,533.2312534877232,708.5317218339289,82.52179827008929,1841.26806640625
BEVERAGES,37,28,533.0232325962612,642.3456691472995,-97.59484427315849,1310.58203125
BEVERAGES,29,28,524.7577471051898,658.8619561491079,96.9394051688058,1552.24462890625
BEVERAGES,21,28,524.3812735421317,627.0188969576656,104.3716299874442,1438.904052734375
GROCERY I,49,28,515.6501813616071,637.9865737065169,-303.52723911830356,1405.5498046875
BEVERAGES,36,28,513.316632952009,652.9128972915619,362.75076729910717,1551.833984375
PRODUCE,52,28,508.2550615234376,661.4865283049098,54.83034054129465,1745.0579179687502
GROCERY I,3,28,505.82284109933033,692.7917607149793,-228.47630092075892,2151.349609375
CLEANING,21,28,492.70496041434154,966.1526696447852,119.04472133091518,4109.273010253906
PRODUCE,3,28,487.0878782366071,594.517741200358,-75.99115753348231,1476.0553281249995
PRODUCE,51,28,486.51208865792415,663.8065530272279,10.478369070870501,1766.0431953124998
BEVERAGES,52,28,480.56222098214283,660.6975501911486,42.1343994140625,1958.2421875
BEVERAGES,50,28,479.39072963169644,618.8768339756092,-127.25055803571429,1464.49072265625
GROCERY I,29,28,478.08579638671876,663.3091500358871,154.74012325613845,1698.6720507812497
GROCERY I,21,28,477.7898918805804,557.3517977767083,158.65356766183044,1416.4605625000004
GROCERY I,27,28,476.6680123465402,662.3620402260374,16.681998116629465,2113.37841796875
GROCERY I,9,28,472.7561978236607,559.4425607898091,23.857616350446403,1136.6207929687498
GROCERY I,43,28,472.2822146344866,611.5517741393467,-1.1903990652902416,1765.4222382812504
BEVERAGES,25,28,467.23465837751115,924.9161177801614,220.7269069126674,4021.911376953125
CLEANING,12,28,464.09696524483815,693.7616381641695,109.3429194859096,1994.87744140625
PRODUCE,49,28,462.9585265904019,557.5119973738468,-100.50321888950874,1270.078659375
BEVERAGES,20,28,454.6975882393973,592.884133795347,182.34222412109375,1808.936279296875
GROCERY I,31,28,451.9940727539062,564.2402111831749,174.26802197265624,1433.3313046875
BEVERAGES,30,28,447.4629211425781,786.2681367802749,147.3562491280692,2745.460205078125
GROCERY I,14,28,432.2964128766741,557.8543053647645,75.11062186104911,1370.124755859375
CLEANING,32,28,426.7405101231166,578.9106783688028,52.914673941476,1565.1109619140625
GROCERY I,36,28,423.4441087472099,553.5393088849844,223.1587262137278,1321.7800917968752
BEVERAGES,9,28,415.1594935825893,491.2176548172669,18.614589146205358,974.50390625
PRODUCE,45,28,414.1165231305804,560.1564619818497,-137.84330666852682,1202.9171210937502
GROCERY I,37,28,393.65032958984375,514.3774533928432,-176.44683837890625,1120.216552734375
GROCERY I,6,28,386.27003696986606,483.2282662746789,-87.18831961495536,1375.31201171875
BEVERAGES,27,28,384.0796334402902,529.7818872375829,-17.381827218191965,1716.400390625
GROCERY I,17,28,381.8678240094866,499.46150053386486,-14.008222307477679,1489.33056640625
BEVERAGES,51,28,381.739004952567,536.6241962156811,-18.888785226004465,1436.0634765625
CLEANING,31,28,379.6742379324777,629.8438246987201,34.34189278738838,2633.776428222656
GROCERY I,38,28,379.5261928013393,494.3239527790285,-117.27150181361607,1211.8798828125
CLEANING,41,28,377.48236301967074,534.8693620627753,14.511302403041295,1610.7208251953125
PRODUCE,47,28,374.9223685128348,427.8597191559088,-137.4618298688616,911.2201875
GROCERY I,24,28,372.4308297293527,475.61252587088234,-143.07904052734375,1090.2958984375
CLEANING,16,28,372.4305310930525,595.2291353421405,24.89292471749442,2073.9664306640625
CLEANING,38,28,363.8728506905692,724.6794349709052,46.149549211774534,2593.196655273437
GROCERY I,8,28,363.0868879045759,474.59115875513953,-185.2130388532366,1255.50927734375
GROCERY I,22,28,354.83595493861606,454.9092900897463,38.64308384486607,1059.4375
GROCERY I,54,28,353.3253696986607,487.0971271462779,162.28662109375,1207.430908203125
PRODUCE,25,28,352.0150895438058,596.9988467001455,176.76862211914067,2625.8008603515627
CLEANING,46,28,349.71923828125,450.84013287612316,-36.78759765625,1291.3203125
BEVERAGES,2,28,339.4733450753348,399.3811669696218,-149.0007062639509,837.277099609375
GROCERY I,42,28,339.2643083844866,456.1304032292766,-235.21000453404017,1195.59814453125
GROCERY I,25,28,336.99346923828125,572.610540926378,115.63138253348214,2439.0562744140625
BEVERAGES,7,28,336.4898420061384,415.1121332647276,-173.94462367466517,771.9794921875
PRODUCE,7,28,335.4154848632812,411.2013223476899,-221.17068184988838,819.5619140624999
CLEANING,54,28,332.124991280692,472.81854899335167,36.686553955078125,1207.1307373046875
BEVERAGES,24,28,327.29718017578125,409.1847079128076,-33.19987269810268,905.0595703125
BEVERAGES,19,28,327.27608380998885,445.5429201740211,70.95201328822544,1081.979248046875
GROCERY I,13,28,323.7564915248326,438.2330575721808,59.66540963309152,1509.033935546875
GROCERY I,4,28,322.3054722377232,424.39957976805795,-72.23521205357143,948.95703125
GROCERY I,34,28,320.93804506138395,467.0258321522486,169.39936174665175,1229.221935546875
GROCERY I,2,28,307.98062569754467,400.1892831556985,-159.02561732700892,983.4609375
PRODUCE,28,28,305.2140766078404,364.8895860891472,-22.684545601981046,691.7305361328124
GROCERY I,19,28,304.23203822544644,404.28615438629924,42.882411411830354,953.40234375
PRODUCE,24,28,301.4569245396205,370.3654188155048,-55.452425041852635,850.5553105468748
CLEANING,44,28,301.2692565917969,371.4106712453464,-105.54358346121651,813.781982421875
BEVERAGES,8,28,299.5662144252232,436.4614707367885,-31.702654157366073,1427.818359375
GROCERY I,7,28,291.1912841796875,365.5104966569456,-180.61197335379464,846.24755859375
CLEANING,47,28,289.0632019042969,410.8563251847612,-76.35590035574776,1459.503662109375
BEVERAGES,14,28,288.811776297433,422.6961934517816,79.83403669084821,1223.65234375
CLEANING,30,28,288.54665810721264,512.094099439703,46.009810311453684,1875.3526611328125
CLEANING,10,28,286.73145294189453,534.9242238421991,85.97466496058873,1748.0982360839844
GROCERY I,26,28,286.5572705950056,403.18572349944407,-42.62504141671317,1205.100830078125
PRODUCE,8,28,283.9985667271206,385.5575799447234,-67.44946075613841,1133.749328125
GROCERY I,16,28,281.3450186593192,371.83184389127416,20.74735369001116,1157.2587890625
BEVERAGES,22,28,280.75032697405135,353.4982153757067,81.03128051757812,934.62109375
CLEANING,13,28,280.65209524972096,477.4621347905102,54.53912353515625,1872.4512939453125
GROCERY I,53,28,276.4385201590402,340.9255719739207,-112.89154052734375,793.84521484375
BEVERAGES,4,28,276.2443150111607,358.6660129350511,-109.2528076171875,1185.82470703125
GROCERY I,32,28,275.57676914760043,356.2246887343298,93.38477870396206,1095.212646484375
GROCERY I,35,28,275.01749529157365,371.0321046905037,12.065870012555804,1171.47998046875
BEVERAGES,34,28,272.0047869001116,331.81075693650695,76.37490408761161,641.20751953125
PRODUCE,37,28,270.40073186383927,323.29446248347904,-125.56022133091518,760.89932421875
BEVERAGES,16,28,268.5745152064732,353.8819556104307,-15.872148786272321,854.09033203125
BEVERAGES,13,28,262.5328369140625,325.8289792678945,9.672773088727679,689.38232421875
CLEANING,28,28,260.4585178920201,314.13388994783696,-40.72145298549107,615.509765625
CLEANING,48,28,257.76331002371654,319.57883074067024,-29.98307146344866,842.580078125
BEVERAGES,17,28,256.822274344308,328.15587415878593,-56.18951416015625,903.1591796875
PRODUCE,27,28,255.63466439732142,352.35748700948204,0.7011370535714254,856.5066738281248
CLEANING,9,28,254.4886736188616,482.6826580806167,51.22760009765625,2075.951416015625
BEVERAGES,32,28,251.30101013183594,396.2045820396206,54.98705400739397,1171.2625122070312
GROCERY I,15,28,250.87273297991072,293.174054643748,-50.390677315848215,548.244384765625
PERSONAL CARE,41,28,250.7847442626953,338.811714047934,-2.1307591029575876,989.14111328125
BEVERAGES,53,28,248.72522844587053,321.15668267189716,-32.633126395089285,806.0546875
BEVERAGES,5,28,247.12309047154017,332.2045346545853,-5.500985281808036,934.849365234375
PRODUCE,42,28,245.50966563197542,319.60302719927995,-129.726209437779,767.2817578125
GROCERY I,33,28,241.3017839704241,308.5199278920919,17.61383056640625,772.92919921875
GROCERY I,12,28,239.8990740094866,302.50829122888246,-25.17620849609375,660.454833984375
CLEANING,50,28,239.474360874721,280.99236500426025,-64.41898454938617,542.75341796875
GROCERY I,1,28,238.420166015625,378.16535292559115,-135.56751360212053,1325.961669921875
GROCERY I,5,28,238.2447509765625,317.73953655163723,-49.858555385044646,784.848876953125
BEVERAGES,26,28,229.97272600446428,279.93225329924286,-46.31752232142857,689.1256103515625
GROCERY I,10,28,228.30253383091517,284.57839141163737,75.09128243582589,644.31103515625
CLEANING,45,28,227.76971871512276,291.5305522730668,-28.036799839564733,593.245361328125
CLEANING,3,28,227.6870596749442,278.1865332449317,-88.5364249093192,684.951416015625
PRODUCE,46,28,227.11143537248884,322.2112144854034,-26.30873950195314,850.596296875
GROCERY I,23,28,222.93931797572546,289.74245290110593,-75.4907967703683,607.171630859375
BEVERAGES,1,28,220.68768310546875,327.70668604653093,-86.90042114257812,1334.032470703125
BEVERAGES,6,28,218.042236328125,331.71134486037056,-89.51302664620536,1313.568359375
CLEANING,52,28,212.66746303013392,251.62292546403256,9.725010463169642,620.7718505859375
PRODUCE,43,28,212.618320476423,273.1218252608718,29.732932641601565,647.2359560546874
PRODUCE,1,28,210.66607991768973,325.5239257111985,-9.071858558872785,1259.28855859375
BEVERAGES,35,28,208.9488481794085,289.3389683685576,37.34844534737723,1009.084228515625
PRODUCE,18,28,207.5822095424107,254.45205148010515,-109.89954045758928,531.8782539062499
CLEANING,22,28,204.49057987758093,286.1408239557304,51.69371795654297,749.6429443359375
POULTRY,51,28,203.7322937186105,574.0449948637813,-168.57395338657923,2925.2455390625
GROCERY I,18,28,198.69559716796877,266.21610179624696,-37.866837123325915,621.9384082031247
CLEANING,11,28,198.53559221540178,257.28170559238356,16.725803920200892,760.6064453125
BEVERAGES,18,28,198.4816632952009,250.418932880896,-115.60265241350446,530.78466796875
MEATS,23,28,195.79064466029575,243.23777316994986,36.87463983328683,703.0359318847657
CLEANING,17,28,195.09444318498885,268.6083127163717,63.822073800223215,826.15673828125
BEVERAGES,12,28,193.79149518694197,246.5227261576661,-25.144444056919642,599.19189453125
PRODUCE,38,28,190.64483091517855,236.1240354448051,-2.182241489955333,656.30290625
PRODUCE,36,28,189.9846776611328,313.20851282833314,39.032495783342654,1351.5252529296877
PRODUCE,50,28,189.15015622907367,220.88608987245044,-41.113950941685275,431.2432207031252
CLEANING,6,28,186.27112688337053,282.45892312286514,-6.736044747488839,1125.11279296875
PRODUCE,48,28,185.583537109375,238.153553739437,18.716816755022325,633.16268359375
DAIRY,28,28,184.57737949916296,239.2672505232601,-27.944732666015625,589.248291015625
PRODUCE,39,28,183.66400835658482,225.81451516279182,-113.72550228794641,516.3053320312499
PRODUCE,53,28,181.98165984235493,214.61074529109254,1.4088471051897262,413.3548925781252
BEVERAGES,10,28,181.49987574986048,225.27649144644784,25.499766758510045,483.1563720703125
PRODUCE,41,28,176.39764268275673,217.93342925091727,-26.922053955078095,551.7404687500002
CLEANING,29,28,176.30906241280692,204.02562086168967,-31.76849147251674,423.6768798828125
BEVERAGES,15,28,174.70962960379464,210.1129108366401,-13.199689592633929,384.518310546875
DAIRY,46,28,174.44820731026786,292.31985091322866,-27.23193359375,1167.23681640625
PERSONAL CARE,48,28,171.46430206298828,235.45285145485536,39.90369633265904,791.0853881835938
DAIRY,49,28,165.47685023716517,227.2790269439246,-86.69035993303571,490.14111328125
DAIRY,45,28,162.91441563197546,204.41870145359056,-54.90570504324777,450.345458984375
DAIRY,51,28,160.623530796596,200.64818988948466,-3.622772216796875,421.869384765625
BEVERAGES,23,28,160.29740251813615,222.64333141905462,-44.35780988420759,675.0625
PRODUCE,4,28,158.3061840192522,192.22929091779264,-29.747307861328117,424.1812890624999
PRODUCE,21,28,157.84162371582033,193.93360198659397,-9.067221553431924,415.111849609375
DAIRY,44,28,157.6331307547433,207.5974396821318,-79.58248029436383,617.9853515625
PRODUCE,11,28,157.59046964285716,199.4481133194077,-43.17554549386159,429.9235576171875
PRODUCE,6,28,157.08964613560264,190.41196874666937,-3.4244072963169936,389.6519492187499
CLEANING,34,28,154.74112374441964,216.4366104259788,22.439976283482142,615.578369140625
HOME CARE,40,28,151.07844434465682,221.7544156151393,25.184628077915736,648.1726684570312
CLEANING,15,28,149.0664520263672,196.72150726342812,14.503202165876115,577.6287841796875
DAIRY,47,28,148.55092075892858,193.8308518561452,-99.47845458984375,518.294189453125
CLEANING,37,28,148.4394073486328,181.62712237083173,-96.53090340750558,405.591064453125
PRODUCE,2,28,147.7130552873884,200.14680429593255,-81.08796955915182,505.75290234375007
EGGS,11,28,147.12381526402064,215.86312690760712,26.92522757393973,855.8937835693359
CLEANING,51,28,147.05228533063615,180.53068497330617,-29.300183977399552,395.850341796875
CLEANING,24,28,146.93309674944197,180.10455460185196,-38.940050397600444,439.362060546875
PRODUCE,29,28,145.94284242466517,177.2888322750888,-61.43138623046876,393.7224999999999
CLEANING,19,28,145.33941214425224,217.79045333131643,10.985216413225446,790.9058837890625
PRODUCE,22,28,143.54656493268695,203.94819614490086,-8.957676417759487,605.1953608398437
BREAD/BAKERY,11,28,138.93936593191964,301.6075478719635,12.661006382533483,1474.5654907226562
CLEANING,5,28,138.0361088344029,174.3422900882911,-56.19560241699219,402.67041015625
"LIQUOR,WINE,BEER",25,28,137.11976841517858,212.76359218628363,54.97416523524693,870.2406005859375
CLEANING,33,28,135.57788739885603,188.3325295693943,-3.0561109270368303,687.291015625
DAIRY,52,28,132.14798191615515,174.36064818892012,41.75800650460379,410.9200439453125
MEATS,48,28,132.08267021833146,179.38294407302595,8.519661778041293,614.7427548828123
EGGS,39,28,130.59971618652344,203.99574903918997,-2.263028826032366,607.211669921875
CLEANING,49,28,130.48243059430803,165.85982429968666,-81.62982177734375,418.114990234375
BREAD/BAKERY,29,28,129.14648655482702,184.7061677402583,49.34894888741629,535.5277099609375
PERSONAL CARE,38,28,126.39612470354352,228.21372361855347,27.631583077566965,946.7635803222656
CLEANING,27,28,125.22352382114956,160.3471981320796,-34.44458443777902,352.2862548828125
DAIRY,24,28,124.5834721156529,164.66849568810483,-25.05955069405692,400.7625732421875
CLEANING,36,28,123.47904096330915,164.6571880608403,11.159521920340401,419.6971435546875
HOME CARE,44,28,122.82600729806083,168.5161994941577,-50.94665200369699,474.453369140625
PRODUCE,17,28,121.94211614118306,162.91838536695604,-19.79333855329239,401.9759653320312
DAIRY,25,28,121.73303658621651,231.81145319432886,78.84429713657924,1037.3499145507812
DAIRY,29,28,121.39309256417411,169.66140117854795,-20.156093052455358,461.6114501953125
DAIRY,27,28,121.22389875139508,180.42672821630168,3.473262241908484,496.9025268554688
CLEANING,7,28,120.48089381626674,144.35973173402684,-75.48162187848773,279.339111328125
CLEANING,4,28,119.55579921177456,147.140917569981,-60.161080496651785,324.2281494140625
SCHOOL AND OFFICE SUPPLIES,45,28,119.40935420138496,163.8826834102781,86.2648703626224,514.0005645751953
PRODUCE,9,28,118.08429216657365,140.81756335875744,-41.2280368652344,286.7815322265626
PRODUCE,5,28,117.82352825753347,138.28764341674912,3.555792794363834,350.0524121093749
POULTRY,47,28,117.61681582728797,144.40960266673952,-31.79887536969866,408.1585595703125
PRODUCE,23,28,117.50813959612164,139.223869157905,-54.236672276088164,273.5766162109376
MEATS,45,28,117.33607716517857,165.57951487923003,37.18571209960936,471.97668652343737
CLEANING,8,28,116.93180847167969,147.09173966971528,-56.49125235421317,332.46337890625
PRODUCE,31,28,116.69175495605467,147.55998729423132,-65.54024860839843,368.68492578125006
PRODUCE,40,28,116.45201004464285,142.74286523037188,-19.70129157366073,303.3295117187499
CLEANING,2,28,115.6504887172154,133.3962089349065,-85.842287336077,254.17864990234372
HOME CARE,48,28,111.681154523577,125.71811018661104,-11.950360979352679,255.72711181640625
DAIRY,3,28,110.29225376674107,147.81984458572484,-52.85017613002232,374.110595703125
DAIRY,7,28,110.269284929548,133.4003530401735,-27.099227905273438,312.081298828125
MEATS,11,28,108.69335487200055,128.65805125653537,16.041891494489388,235.06946630859372
CLEANING,43,28,108.33490644182477,149.91674483446877,34.47979954310826,456.59423828125
BREAD/BAKERY,44,28,107.57320026506702,133.81281268491398,-26.952614536830342,361.0168310546876
POULTRY,49,28,106.7149320375279,128.32256900913578,-61.83959389439173,257.87261625
PRODUCE,20,28,106.53670764090404,135.23313751332486,-19.443059782366078,352.3328095703125
MEATS,2,28,105.70696206961495,166.56020415569105,12.264029507533474,536.0108269042969
CLEANING,25,28,104.02695029122489,166.18601226945515,43.53270285470145,615.3482360839844
DAIRY,48,28,103.91429574148995,137.972656178691,-2.6467437744140625,271.3975830078125
CLEANING,53,28,103.24266488211495,138.9886180110325,-32.7978275844029,340.5797119140625
PRODUCE,26,28,103.12214560407367,127.98516548050908,-22.8570633265904,277.32985888671874
BREAD/BAKERY,49,28,103.03932655133929,124.68593488407319,-16.498104376395084,305.5934892578125
POULTRY,48,28,102.09310678641184,135.929421494495,2.0268353843471028,301.0153071289062
HOME CARE,50,28,101.57335553850446,124.87271857132599,-31.713389805385045,279.18951416015625
POULTRY,3,28,100.2428589390346,124.26761916545347,-33.345343941824765,276.5077836914063
PRODUCE,33,28,99.0517100341797,131.8379426887137,-34.8426383265904,317.59703320312497
SCHOOL AND OFFICE SUPPLIES,47,28,97.73003276969705,162.15064276140055,25.145861355321752,518.6611328125
DAIRY,50,28,97.68224007742745,131.80812415836968,-49.60519191196987,327.6171875
PRODUCE,30,28,97.32665830705915,117.62852510008321,-32.886391130022325,281.15985544921875
PRODUCE,15,28,97.08242975725446,117.7259252426499,-34.33947112165178,244.7895458984375
POULTRY,44,28,96.48072534179688,117.47319631564413,-38.3323603515625,258.9316240234375
BREAD/BAKERY,51,28,96.06587031668528,126.98929923940297,-10.460608493303555,366.0356875
DAIRY,18,28,95.54212515694755,137.80580426932832,-43.44475228445871,536.0994873046875
HOME CARE,47,28,95.47011130196708,122.53974777579673,-31.042769295828684,256.9156494140625
PERSONAL CARE,44,28,94.84579903738839,128.51849479401432,-9.167890276227679,312.9926147460937
DAIRY,8,28,93.21251569475446,121.97817551550982,-34.3092041015625,363.2977294921875
HOME CARE,30,28,93.05314608982631,130.56338101958534,11.990600858415872,353.6762084960937
DELI,20,28,92.9197176426479,107.2569134161051,-35.1568292149135,212.00920703125
BREAD/BAKERY,39,28,92.83236476353237,119.99584250000498,-67.66099112374442,294.4930419921875
PERSONAL CARE,28,28,92.64731543404716,118.69039275743609,-0.7187810625348793,299.34783935546875
CLEANING,35,28,92.43527221679688,108.83576565279016,-33.05167933872768,227.3511962890625
BREAD/BAKERY,52,28,91.55868494628908,126.67928880770235,46.72915641671318,330.0908081054688
PERSONAL CARE,45,28,90.53875405447823,112.15352890365055,20.347108023507253,236.53863525390625
MEATS,46,28,90.38675700265067,113.114480833425,10.940101199079246,235.87890820312495
DAIRY,42,28,90.34575544084821,118.40752544207575,-55.38173130580357,302.54705810546875
MEATS,4,28,89.85776532784598,134.25458075628168,13.726272616489956,404.7756015625
DAIRY,38,28,89.845217023577,111.71417973460484,-9.421484810965401,279.1575927734375
BREAD/BAKERY,47,28,89.46189510672431,103.1021222003468,15.157239903041301,251.14986523437503
EGGS,21,28,89.21984154837472,116.37102626744483,-8.439749036516462,334.409423828125
MEATS,47,28,88.95687755998884,129.31411132817752,-22.79722162388394,466.3302734375
DAIRY,37,28,88.39188929966518,114.41883056961106,-53.75038364955357,251.1173095703125
SCHOOL AND OFFICE SUPPLIES,50,28,86.61860147823712,156.9425760097787,-9.040646858114219,604.4634399414062
"LIQUOR,WINE,BEER",41,28,86.47153350285122,141.45308973218226,21.791613578796387,461.8971710205078
CLEANING,42,28,86.20113917759487,117.98045514336968,-69.78485761369977,255.6925048828125
HOME CARE,46,28,86.03075844900948,110.09816445495939,-15.735786437988281,298.8751220703125
POULTRY,45,28,85.64239444754462,108.05983202471758,-12.091633768136164,274.6195742187499
BREAD/BAKERY,36,28,85.52234976632255,131.08086356904624,43.65453665597098,553.728515625
BREAD/BAKERY,28,28,85.04462214878627,120.2064609902865,-23.449062892368865,349.0411376953125
CLEANING,26,28,84.53441946847099,106.84276243950639,-49.26135035923549,221.6212158203125
EGGS,33,28,84.04648808070591,147.55952553932684,25.1910275050572,629.6518249511719
BREAD/BAKERY,25,28,83.35036434064594,130.29759685787138,56.49560824584961,512.3416015625
BREAD/BAKERY,34,28,83.05547114780971,102.00914698667219,21.792069571358816,202.515869140625
BREAD/BAKERY,27,28,82.84825682791573,104.41188503786191,6.491983493652349,269.19862890624995
DAIRY,39,28,81.27212742396763,97.56597307171197,-59.56851414271763,200.71246337890625
DAIRY,6,28,80.88668605259487,102.50064978846265,-45.18478611537388,216.660888671875
SCHOOL AND OFFICE SUPPLIES,44,28,79.78931793996266,129.25040915867055,46.62868313278471,401.8930969238281
CLEANING,18,28,79.45358058384487,100.41375747934129,-18.45821053641183,239.37823486328125
SCHOOL AND OFFICE SUPPLIES,46,28,79.36731404066086,138.86009205671198,26.156430857522146,494.2225036621094
POULTRY,46,28,79.27210838099889,102.49027364794046,-12.230462803431923,248.51419726562492
BREAD/BAKERY,46,28,79.01188441685268,111.16615780001656,-26.306073869977677,257.7440185546875
BREAD/BAKERY,3,28,78.21258930315288,102.22059565615527,-9.38055453055245,241.8134052734374
MEATS,44,28,77.06218749023438,93.56004473636769,-19.000478226841505,184.8283666992188
BREAD/BAKERY,24,28,77.01935074288504,95.98823512691736,3.230835362025669,262.2741943359375
HOME AND KITCHEN II,48,28,76.85392924717495,141.2455202884329,10.60800702231271,479.39865493774414
CLEANING,1,28,76.65545218331474,111.16935103916649,-29.865103585379465,357.19970703125
PRODUCE,34,28,76.22579612513951,105.12280359195118,-53.26172828892298,302.4274326171875
DAIRY,17,28,75.62621634347099,101.22287743553518,-13.093715122767858,285.257568359375
DAIRY,21,28,74.99095371791294,96.81239863669303,-16.914302280970983,212.73876953125
DAIRY,9,28,74.86060660226005,91.21689147586541,-29.87733895438058,229.296875
DAIRY,43,28,74.24730028424945,95.60211537475028,19.402996608189174,215.7169189453125
BREAD/BAKERY,45,28,74.05837292480469,87.0286850649644,0.7311931675502105,167.57302734375003
PERSONAL CARE,47,28,73.7573710850307,108.51060716637674,8.532678876604352,310.73583984375
DAIRY,34,28,73.51439230782645,98.86036221495253,-43.999850681849885,248.4437255859375
POULTRY,11,28,73.0296170701381,93.42156459209,6.178822079206187,320.42757397460934
HOME CARE,6,28,72.67599868774414,92.74785492441035,-29.231187547956193,228.85260009765625
MEATS,50,28,72.4434170009068,92.93440161963628,-5.7799503609793605,194.69947558593756
PRODUCE,19,28,72.3652691999163,87.87970071875674,-5.346162057059156,186.41839477539065
DELI,28,28,71.95894545200892,91.60609169058849,-23.20008424595424,190.9256450195313
HOME CARE,11,28,70.95232718331474,81.41662421122011,11.362045288085938,155.31265258789062
DELI,46,28,70.9085734688895,94.06554692399746,-15.800258353097096,256.77123046875
MEATS,49,28,70.64529645507814,87.5360942866396,-16.214513251953125,194.30297558593747
FROZEN FOODS,52,28,69.91123148890904,103.07623672164371,25.99155361502511,385.65340332031246
DAIRY,2,28,68.06748744419643,88.9848518980551,-52.24863542829241,247.63427734375
DAIRY,20,28,67.8004869733538,85.18484359688443,-23.624056134905135,191.33575439453125
DELI,17,28,67.75657762799945,88.47393264181386,-26.980003356933594,222.30560302734372
HOME CARE,45,28,67.72758047921317,91.13190627659449,-31.122364589146205,238.21685791015625
POULTRY,24,28,67.498652109375,82.01881662634027,-18.015205452008935,189.42722802734372
"LIQUOR,WINE,BEER",22,28,67.28847367422921,113.41241623392719,21.535846982683456,420.5821990966797
BREAD/BAKERY,37,28,66.59089062430245,79.50769440273838,-29.517167532087058,176.15584521484374
DELI,47,28,66.50647356305804,97.28829827583391,-31.748853829520097,254.22330126953125
MEATS,20,28,66.45464081351145,77.99624646002013,-10.427211230643135,165.54938598632813
BREAD/BAKERY,43,28,66.09059797014508,81.28144638634504,6.656415666852681,199.81396484375
DAIRY,40,28,66.04678235735211,83.79497898422996,-3.2746985299246645,183.7105712890625
DAIRY,4,28,65.69710867745536,84.62875416526852,-38.30169677734375,229.7171630859375
HOME CARE,39,28,65.40900530133929,84.47369067205226,-15.645516531808033,208.7115173339844
BREAD/BAKERY,48,28,65.09156799316406,86.73173461505895,18.95664542061942,233.091796875
MEATS,1,28,64.40016783203124,88.73189260325125,-2.4266928267996657,186.45861671875
PRODUCE,35,28,64.17777328857422,79.93575108931432,-32.11272011823382,223.33688916015623
SCHOOL AND OFFICE SUPPLIES,48,28,64.01465722492763,111.21588883881037,25.44395308835166,315.01861572265625
BREAD/BAKERY,42,28,63.855792768205916,82.13111218243132,-41.41675735037667,223.4037729492188
PRODUCE,14,28,63.786279549734935,77.46145351115109,-21.124766767229353,176.24705224609374
PERSONAL CARE,42,28,63.589522225516184,84.83400199472163,-4.209365844726563,227.841064453125
EGGS,43,28,63.58323778424944,76.69355546809399,5.150093078613282,133.16879272460938
PERSONAL CARE,50,28,63.29296221051897,80.58291055147862,2.237823486328125,210.99725341796875
POULTRY,33,28,63.083403852015905,79.03818025862766,1.1568277240862186,161.47744787109374
PERSONAL CARE,29,28,62.97991452898298,101.40958843575142,-4.2839491707938055,320.4351501464844
EGGS,32,28,62.902804783412385,92.80106987099646,11.872869219098773,292.9561767578125
"LIQUOR,WINE,BEER",44,28,62.70625632149832,74.46931006971985,-0.08192552839006798,135.67367553710938
MEATS,14,28,62.094564851248606,74.1201052086882,-12.896164494105749,174.9107783203125
SCHOOL AND OFFICE SUPPLIES,49,28,61.53495356507067,82.90712020721088,17.48732845764607,239.19387817382807
HOME CARE,3,28,61.5171149117606,77.73918021000428,-17.08798108782087,202.71954345703125
BREAD/BAKERY,50,28,61.37419524274554,80.72063370412437,-19.169186959402904,238.10585400390624
POULTRY,23,28,61.352082488664905,78.6301852284052,8.601853624965123,222.86212376953125
DAIRY,1,28,61.29537745884487,102.09672135549076,-30.139441353934153,373.978759765625
EGGS,28,28,61.21174948556082,69.65040537740613,-29.27711159842355,133.53799438476562
POULTRY,8,28,60.99081061593191,74.83468036563401,-25.321359409179685,152.9953422851562
EGGS,16,28,60.56468227931431,86.91413673584225,9.825683866228376,290.0018310546875
POULTRY,22,28,60.32720705071149,75.18660927470614,2.1190893628627223,186.34653784179687
PERSONAL CARE,46,28,60.29387446812221,91.26832588823301,16.96656254359654,299.181884765625
BREAD/BAKERY,7,28,59.76365652901786,72.965280562125,-26.21899009486607,157.36080224609373
HOME CARE,49,28,59.62125723702567,69.57629387018947,-17.36309596470424,161.32122802734375
PERSONAL CARE,52,28,59.045924595424104,78.76881450129225,10.605091639927453,232.0604553222656
EGGS,31,28,59.02265548706055,73.769945107627,13.732581547328405,153.89456176757812
"LIQUOR,WINE,BEER",52,28,58.96998596191406,98.03625866493911,27.57326180594308,398.4331665039063
MEATS,3,28,58.52599071428572,76.21655652741248,-21.5571019921875,168.37537158203122
HOME CARE,28,28,58.37347085135324,70.11634102705167,-18.492747715541295,143.68731689453125
POULTRY,7,28,58.245485980050226,74.48627548831459,-16.85856267508371,214.42638839843755
MEATS,8,28,58.223084115862164,82.77672630701032,-14.287197309919089,281.88875488281246
POULTRY,9,28,57.99298882254465,70.33731103323488,-4.253027428850443,139.72706689453128
HOME CARE,33,28,57.896070207868306,97.31979988490355,-0.3689084734235486,417.4194641113281
MEATS,51,28,57.86678384800503,72.69964972044545,7.798536202915746,179.27186132812494
CLEANING,23,28,57.61300005231585,71.81849131845824,-21.014774867466517,139.71807861328125
POULTRY,20,28,57.25367166067941,74.3756433812102,-8.661730935930523,161.48087866210938
HOME CARE,51,28,57.0323235648019,71.41956375965331,-17.029260907854354,171.48843383789062
PRODUCE,54,28,56.899996852329785,75.30472397661802,-14.06768259102958,236.75330322265623
DELI,48,28,56.675001055036276,73.70490308798819,-19.984529357910166,206.6949028320313
DELI,14,28,56.57380131312779,66.96738827122016,-5.584741864885603,140.62258911132812
BREAD/BAKERY,20,28,56.47637612479074,95.42160999741394,-13.50960758754185,366.5427856445313
DAIRY,53,28,56.25494820731027,69.79528216446221,-22.23492431640625,138.314208984375
DELI,44,28,56.07089765206474,82.83977514952673,-45.30218191894532,261.4452666015625
MEATS,7,28,55.98260328090123,82.49488985774298,-21.045541548897877,320.1285380859375
POULTRY,52,28,55.955517980957026,68.26896428150643,2.9628656916155114,143.9918642578125
"LIQUOR,WINE,BEER",27,28,55.73171942574637,87.20432909030559,9.786314283098493,313.6755676269531
MEATS,25,28,55.5865560219029,76.258875551725,18.317244158412393,230.7597963867188
PERSONAL CARE,49,28,55.343949454171316,84.47817000875186,11.021585736955915,323.84686279296875
GROCERY II,50,28,55.23441777910505,72.17609490297058,-6.086076191493443,207.20703125
DAIRY,41,28,54.915065220424104,71.92183720892305,-20.842119489397323,186.87255859375
DAIRY,33,28,54.857843671526226,66.22611577732422,-17.517047337123326,151.83135986328125
BREAD/BAKERY,8,28,54.47058297293527,74.21710932574143,-21.461739048549106,180.30614941406247
DAIRY,36,28,54.37781197684152,71.81693976196861,-16.31260463169643,218.3935546875
PERSONAL CARE,40,28,53.60443932669504,85.98891268288844,2.4261621747698094,311.0111999511719
POULTRY,1,28,53.500535614013664,71.97915070923032,-26.943165986502514,229.98865893554688
HOME AND KITCHEN II,38,28,52.815550667899,71.88385733496965,2.032709394182478,225.95995330810547
MEATS,24,28,52.41329936070033,61.5024497316176,-7.985607274344316,116.9154028320313
POULTRY,50,28,51.99912028215681,63.83722309798095,-4.3397242860630545,134.01465380859375
FROZEN FOODS,44,28,51.938926130022324,71.37125845616936,-17.008271501813617,183.97401855468752
GROCERY II,45,28,51.90793146405901,58.90767499071542,-0.7213448115757534,129.4652862548828
HOME CARE,52,28,51.69038282121931,64.13624637608436,-1.1772668021065844,142.3604736328125
BREAD/BAKERY,9,28,51.5801762172154,66.79341644185838,-40.55061340332031,193.9222412109375
POULTRY,28,28,51.571113289271764,64.65040082700307,-12.32755751185826,136.55015856933596
BREAD/BAKERY,18,28,51.14651380266462,63.683042522898205,-33.41114044189453,139.90399169921875
MEATS,26,28,50.68881875174386,60.24368369418858,0.7180634765625017,137.34842358398436
HOME CARE,38,28,50.64474214826311,63.92210004783813,-0.04530606951032518,133.2056884765625
DELI,9,28,50.617297398158485,64.77842439376239,-19.662296822684144,172.8118740234375
HOME CARE,4,28,50.47660391671317,58.98563954523933,-19.66584232875279,111.21035766601562
DAIRY,5,28,50.295659746442524,62.99122848664309,-20.54104941231864,153.09649658203125
PERSONAL CARE,37,28,50.16667774745396,87.73084029022345,4.930264609200614,392.2283477783203
BREAD/BAKERY,31,28,49.82078007289341,68.76596127943571,8.376300266810826,152.010009765625
PERSONAL CARE,51,28,49.718755449567524,67.0843262337171,3.7772936139787947,177.6241455078125
DAIRY,12,28,49.70341600690569,63.61387499221419,-21.734273638044083,160.21133422851562
HOME CARE,9,28,49.32817513602121,60.782985672585106,-23.182041713169642,154.5841064453125
"LIQUOR,WINE,BEER",43,28,49.10979093824114,66.10495623457379,2.9036269869123177,182.05030822753903
BREAD/BAKERY,38,28,49.06733108014788,58.369885407227244,-8.370698687569755,113.05388305664064
DAIRY,31,28,49.06549072265625,61.50166813625411,-27.68280029296875,187.6688232421875
PRODUCE,16,28,48.55415856061664,66.2502559311756,-21.833192949567515,190.441078125
PERSONAL CARE,3,28,48.42099870954241,56.31706282068446,10.839078630719866,110.32098388671876
DELI,11,28,48.37352583530971,66.74301500408332,-14.398339730399002,153.3150009765625
EGGS,35,28,48.36943135942732,62.148548126793195,3.764899390084402,132.1318817138672
DAIRY,10,28,48.31500571114676,59.176780975800575,-1.6733420235770091,147.21884155273438
PERSONAL CARE,9,28,48.11179569789341,73.7527142681633,10.104425702776227,301.447509765625
DAIRY,26,28,48.02583694458008,59.82888922563262,-11.862883976527623,138.49932861328125
DELI,45,28,47.939079703194764,63.817530245847884,-17.33558340018136,172.9784819335938
PERSONAL CARE,14,28,47.85519354684012,57.03900851994518,-1.0839707510811942,115.5362548828125
DAIRY,14,28,47.41736493791853,60.34313840521917,-15.250298636300224,117.05072021484376
FROZEN FOODS,25,28,47.31319568482318,76.86060322164744,15.590073735412599,269.5531265258789
DAIRY,11,28,47.28886195591518,63.21663113093746,-15.026144845145089,202.75689697265625
MEATS,52,28,46.86451911342076,59.84080828938289,7.299766759207593,133.2165361328125
DELI,6,28,46.68804122924804,54.2150921810751,-9.891042118617465,107.3749846191406
DELI,10,28,46.60766928536551,61.429892718376486,1.5333382742745536,147.68885803222656
DELI,50,28,46.50399645996094,63.67451319170624,-28.212277640206462,172.4860478515625
HOME CARE,27,28,46.2863655090332,59.13454404862877,-16.91215569632394,183.667724609375
MEATS,9,28,45.95815944196429,63.67191522764882,-4.84684669782366,182.0217241210937
DELI,29,28,45.511120976039344,58.23290841782335,-3.289128448486327,126.48619799804686
"LIQUOR,WINE,BEER",29,28,45.40747519901821,56.0775386620045,-5.857134001595633,164.1036605834961
MEATS,33,28,45.300209550432484,61.26563976508204,-9.255862715192519,171.10566235351564
BREAD/BAKERY,22,28,45.24089404514858,61.943487260592626,-7.8791413988385886,203.7618865966797
PERSONAL CARE,39,28,45.1571900503976,62.45138009434884,-5.956184932163786,180.67872619628903
POULTRY,17,28,45.15317584228516,55.43801980932361,1.6166249738420666,138.34873266601562
HOME CARE,37,28,45.12921306065151,54.89751163387226,-15.169039590018135,95.71487426757812
EGGS,9,28,44.761040278843474,57.96944843995968,-10.97741971697126,136.60546875
MEATS,6,28,44.64960905133928,55.35444542084745,-7.016602231445319,140.73941796875
PERSONAL CARE,20,28,44.307373591831755,61.72681556545718,11.778670719691686,159.70794677734375
HOME CARE,21,28,44.09762954711914,55.672224250818935,2.199598584856306,136.1749267578125
PERSONAL CARE,11,28,43.93428475516183,62.964934161740224,15.995461600167408,206.22543334960935
HOME CARE,29,28,43.84269823346819,61.007189652403596,-17.34792000906808,207.67791748046875
MEATS,53,28,43.69661555768693,49.23624317519841,0.321780359933027,123.07804907226556
PERSONAL CARE,27,28,43.65352085658482,60.73042703564827,1.217136928013394,181.5941162109375
FROZEN FOODS,51,28,43.36803193010603,55.33171390820792,0.642167419433593,140.13358032226563
HOME CARE,8,28,43.22482408796038,54.8626526690794,-17.375999450683594,150.25497436523438
FROZEN FOODS,49,28,43.124685947963165,56.793752417572385,-24.12973800223215,184.45612109375003
HOME CARE,24,28,43.01292092459543,54.471968455648465,-6.66905975341797,126.3768310546875
DELI,49,28,42.66567583356585,52.28039870566196,-34.01261197335379,120.59575537109372
HOME CARE,53,28,42.54506574358259,47.936250157615305,-7.8694000244140625,83.82655334472656
PERSONAL CARE,36,28,42.49325452532087,56.1251357522219,5.818772452218192,124.06192016601562
FROZEN FOODS,46,28,42.0634404776437,59.1363508506565,7.782843780517582,172.4727596435547
EGGS,34,28,42.00469779968262,50.154469112141555,-2.7616906847272604,124.05900573730467
DAIRY,23,28,41.75116184779576,50.152891708566244,-4.555927821568081,124.1953125
PERSONAL CARE,43,28,41.69552721296038,55.165411434297056,3.9961744035993303,150.79159545898438
BREAD/BAKERY,6,28,41.52192068987164,53.34039062423738,-5.4814513978794706,146.45049121093746
DELI,15,28,41.29461397443499,48.82044338412067,-13.015782492501396,86.83697509765625
POULTRY,2,28,41.27824478515624,51.65312419059863,-21.177270334123882,145.91681225585938
PREPARED FOODS,43,28,41.26518505859375,49.998478513988175,7.148285199846541,116.13151953125
POULTRY,6,28,41.155121257672995,56.71803272154492,-23.65434588657924,150.943826171875
FROZEN FOODS,45,28,41.08413023594448,48.882086853021775,-2.2825418570382245,86.79985485839842
HOME CARE,41,28,40.518189021519255,51.57019130532386,-7.218859536307198,130.90512084960938
POULTRY,27,28,40.396863462262836,52.394402694351555,-2.6069517553710893,159.85425585937503
HOME CARE,5,28,40.244169507707866,52.56173274807956,-21.048145294189453,106.2445068359375
EGGS,29,28,39.93035561697824,47.694027085332664,-16.058040073939733,105.9002685546875
BREAD/BAKERY,21,28,39.8195811680385,50.863138743190156,-16.290936061314174,121.17706298828124
DELI,18,28,39.81774518694197,46.2441782923649,-24.49674290248326,91.0544775390625
PERSONAL CARE,5,28,39.78708921160017,53.43821503295311,-0.027598244803292284,141.48046875
PERSONAL CARE,21,28,39.77123423985073,47.8180384976884,-3.2413313729422435,124.70541381835938
PERSONAL CARE,26,28,39.55586051940918,55.17777280497978,-6.938269751412528,154.55377197265625
PERSONAL CARE,31,28,39.34813635689871,51.64289857825061,-7.415342603410993,125.30465698242188
DELI,3,28,39.04819160679409,48.684249201002565,-19.4380417742048,121.08332690429688
BREAD/BAKERY,40,28,38.88201904296875,50.49867736651129,21.765550885881698,136.89804077148438
MEATS,31,28,38.78318527657644,48.986578386750594,-4.275123719656816,119.743212890625
DAIRY,19,28,38.748457772391184,56.116425690832244,-5.708623613630023,169.21102905273438
BREAD/BAKERY,1,28,38.72537641252791,58.5992109519784,-9.41807216238839,217.17696606445315
DAIRY,16,28,38.63082231794085,54.65503412641531,-1.5826078142438615,191.4196014404297
EGGS,44,28,38.37003871372768,49.4399603887821,-19.658259800502233,121.93194580078124
BREAD/BAKERY,41,28,38.2812934134347,47.4150839562572,-1.6937027849469932,107.24063085937496
PERSONAL CARE,2,28,38.25235857282366,49.15101769690613,-7.121198381696429,139.9479217529297
DELI,52,28,38.173516819545206,46.85035783341574,-7.252865295410154,107.21544750976562
"LIQUOR,WINE,BEER",47,28,38.145896911621094,53.070451227848345,7.601446969168527,159.2847900390625
"LIQUOR,WINE,BEER",45,28,38.1147951398577,50.35547873185403,3.459031241280692,152.6123046875
PERSONAL CARE,7,28,38.09380068097796,58.256470121057916,-0.49862834385463184,198.22390747070312
HOME CARE,42,28,37.99501419067383,47.86927093829555,-19.710782187325613,125.30596923828124
DAIRY,30,28,37.76593617030552,47.279579310090384,-13.718302590506417,104.5987548828125
POULTRY,19,28,37.66680265288435,43.902581375263495,0.009870735613140067,91.25922192382814
"LIQUOR,WINE,BEER",35,28,37.44929640633719,50.28397332459454,5.2439983912876675,139.35755920410156
DELI,19,28,37.442499433244976,44.713223794459964,-9.461651393345424,94.339599609375
BREAD/BAKERY,2,28,37.417138898577,51.14723366807023,-10.986477870396206,157.39471435546875
MEATS,35,28,37.27506964808873,45.86091300733327,-3.823898933454238,110.51118981933594
DELI,21,28,37.05184127807617,46.42708403550482,-10.319892521449491,99.34089624023436
DELI,31,28,36.906253814697266,49.98236611388334,-8.641875632149835,184.5094506835937
"LIQUOR,WINE,BEER",51,28,36.85914012363979,55.699554931268096,11.426221030099052,182.02842712402344
PREPARED FOODS,3,28,36.60596777308872,44.01073649810556,-1.1035712712751142,91.21791162109376
EGGS,36,28,36.57192775181362,46.43170742278162,-4.685173579624721,107.13783264160156
DELI,40,28,36.40503093174526,44.70097131503337,-23.590193067278182,89.7637939453125
HOME CARE,2,28,36.36744362967355,44.01382495224629,-18.183866228376115,101.85150146484376
POULTRY,4,28,36.33557734165736,45.927138868544105,-13.495145141601563,106.49981689453124
EGGS,18,28,36.27802985055106,43.12143652231028,-7.991179874965122,97.06216430664062
MEATS,41,28,35.86772286516462,48.7648722304861,10.716787719377788,157.2091540527344
DAIRY,22,28,35.850023542131694,47.35035065006044,-10.290069580078125,124.08273315429688
DAIRY,15,28,35.82533591134207,42.243627000417696,-15.133811950683594,99.9444580078125
PRODUCE,13,28,35.819299225202286,41.28010273741052,-3.4742852823311927,87.04102294921876
DELI,39,28,35.651482687813896,48.897650806301755,-28.48166897583008,114.44800561523436
EGGS,51,28,35.4364253452846,44.31509301743913,1.019877842494419,95.96380615234376
HOME CARE,31,28,35.43052673339844,46.76206188667996,-10.40507071358817,108.59207153320312
EGGS,49,28,35.35159083775112,44.544390270105445,-19.24316188267299,102.8377685546875
BREAD/BAKERY,4,28,35.23560951450893,44.867095020229016,-16.096499877929684,100.61602807617186
HOME AND KITCHEN II,49,28,35.14049121311733,72.31728165948222,5.870014190673828,269.64213943481445
HOME CARE,54,28,34.95632335117885,49.2014036316095,-8.23334230695452,151.14492797851562
"LIQUOR,WINE,BEER",3,28,34.89960534232004,49.66252896481492,-2.088915688650949,154.7459259033203
PERSONAL CARE,6,28,34.63001959664481,51.69549467238145,14.245438167027064,189.9144592285156
DELI,51,28,34.61786348179408,44.76400236630168,-8.238559282575336,117.20349768066404
PRODUCE,12,28,34.569409807477676,47.1577678278703,-12.302165823800221,123.38534594726563
"LIQUOR,WINE,BEER",49,28,34.380193437848774,47.215564097346345,-3.7057669503348216,149.15682983398438
PERSONAL CARE,15,28,34.309243883405415,48.225699085296235,-1.1676030840192522,152.4601593017578
DAIRY,54,28,34.23244258335659,49.27608374112912,5.167192731584821,161.13943481445312
FROZEN FOODS,36,28,34.08962868927874,41.70268625235536,3.93870924696568,90.27950286865234
MEATS,38,28,34.08962400416783,55.329984551471476,3.155997455793106,163.43752392578125
DELI,27,28,34.04650306483677,42.833236324268654,0.2511411350795219,101.4987048339844
FROZEN FOODS,41,28,34.02559668186733,42.53817783792855,-1.3622253744942796,101.64903503417968
MEATS,5,28,34.00380988856724,41.959454139991756,3.747916734967908,89.21276220703123
DELI,43,28,33.827245099748886,43.83956757543794,5.843589172363281,88.74380334472659
DELI,4,28,33.628487845284596,48.285493704471904,-10.83337544468471,159.73037622070314
"LIQUOR,WINE,BEER",38,28,33.62023081098284,64.86470167157059,13.522505351475306,270.5972137451172
FROZEN FOODS,3,28,33.61122622244699,46.58788208239425,-11.365897295270653,138.62991210937503
MEATS,22,28,33.51843663647461,40.865609868788596,3.5768526584821445,92.5558956298828
HOME CARE,36,28,33.41271754673549,44.35469458998842,3.7278834751674097,110.83473205566406
EGGS,17,28,33.36770166669573,38.67599670449571,-6.7083557673863,70.48646545410156
PERSONAL CARE,24,28,33.35848181588309,44.560095046492044,1.0860067095075334,104.61441040039062
DAIRY,13,28,33.24974114554269,41.343733280730746,-5.534820011683872,94.853515625
FROZEN FOODS,48,28,33.2297514957101,46.94270474254315,1.1698131230817528,126.27996557617188
POULTRY,39,28,33.07049931553432,42.57475567138174,-9.378828164934431,104.18101294921874
POULTRY,26,28,32.96909616137695,43.11093813892232,-1.278215828194755,106.39275561523438
HOME CARE,20,28,32.901371002197266,42.12025413248791,-5.516458238874163,117.4051513671875
FROZEN FOODS,47,28,32.88171376185826,42.71936008467567,-10.994600577915737,102.92408837890628
EGGS,20,28,32.85830933707101,42.109789728194656,-14.48014749799456,122.3113250732422
EGGS,30,28,32.77647427150181,48.06839769047446,3.3439824240548277,152.50131225585938
POULTRY,43,28,32.74936972917829,47.11130367025107,3.2993011169433615,132.5527346191406
PERSONAL CARE,4,28,32.620121002197266,42.409137140219066,2.4827319553920204,102.16424560546876
BREAD/BAKERY,53,28,32.59284367919921,42.91447532708111,-4.495228691057476,118.73726318359375
PRODUCE,32,28,32.49899912336077,41.86375784450041,-11.09899566249302,126.399701171875
DELI,41,28,32.42582577113561,38.17068649170461,-19.84379298653739,72.40582983398437
PREPARED FOODS,47,28,32.41637718854632,39.71524919606859,7.657330252511161,88.58189990234376
PERSONAL CARE,1,28,32.38267190115793,44.99681061914737,5.965709686279297,115.239501953125
DELI,53,28,32.364187553362164,41.47833348326053,-21.54871405936105,89.78893823242188
MEATS,37,28,32.05186647112165,42.67850287162315,-2.2164425048828122,107.47219567871092
DELI,54,28,32.038552769252234,45.07501006155271,-8.427133858816962,145.93605151367188
MEATS,27,28,32.01860210710798,41.46650210185617,-3.519087179652619,134.0638215332031
HOME AND KITCHEN I,44,28,32.004589898245676,40.740381796327924,-0.221629823957171,100.32401275634766
BREAD/BAKERY,5,28,31.98028088378907,43.416224432919236,-4.497498256138391,123.64603198242187
FROZEN FOODS,7,28,31.931756042480465,40.70085721310386,-7.741852931431365,110.8197021484375
EGGS,40,28,31.87208584376744,43.013370192539625,5.525531496320452,120.58203125
MEATS,28,28,31.848337986537388,41.23796298283908,-4.833286812220981,99.2670771484375
EGGS,25,28,31.789242608206614,56.87524516960514,20.86579213823591,243.30731201171875
DAIRY,35,28,31.727007729666575,37.680616982125926,-9.49343490600586,76.73515319824219
BREAD/BAKERY,26,28,31.617439814976283,43.54837674023861,4.12723159790039,110.27932739257812
PERSONAL CARE,33,28,31.54505102975028,39.37184667479044,-0.5258620125906811,84.8450927734375
DELI,36,28,31.488652003696984,38.67454686573195,-11.617771458217074,109.34888781738285
POULTRY,40,28,31.385812683105467,40.31557202630711,-5.176684701102123,81.45250537109376
PRODUCE,10,28,31.332592900216238,39.45424927428058,-4.991044324253631,99.81843115234376
BREAD/BAKERY,23,28,31.196062246791293,38.2726671402858,0.7333638657924091,94.770798828125
PERSONAL CARE,8,28,30.94165093558175,42.64817874146445,-0.9843602861676898,153.6484375
POULTRY,25,28,30.92867684465681,42.767788586546764,17.107078813476566,137.68454467773438
GROCERY II,19,28,30.844699961798533,39.44145064320856,1.2035467624664302,106.61737823486328
PERSONAL CARE,34,28,30.844038827078684,36.192267005299385,3.282655988420759,89.05169677734375
PERSONAL CARE,53,28,30.84374782017299,37.02797961291062,-6.376940046037946,88.33731079101562
DELI,24,28,30.778205998011995,38.86922570153711,-5.262171146937779,97.29509228515624
PERSONAL CARE,17,28,30.617582048688615,37.5807144564501,0.7876303536551335,108.75762939453124
"LIQUOR,WINE,BEER",19,28,30.615930523191178,42.52666836015128,6.925693341663906,153.12123107910156
HOME CARE,14,28,30.51372310093471,36.91412402730035,-8.995200020926339,89.91744995117188
FROZEN FOODS,27,28,30.30998946824428,42.07716519964117,7.545534930716378,125.41932397460936
MEATS,36,28,30.170018449009486,42.50227874938466,7.976577278180805,111.10274462890624
PERSONAL CARE,13,28,30.061303274972097,39.48979486497524,5.11437007359096,125.12318420410156
GROCERY II,5,28,30.016111646379745,36.363697014981504,-8.630831037248884,98.66893768310548
DELI,25,28,29.910850049700056,40.41115816967783,12.391330243791854,117.1215559082031
EGGS,27,28,29.90286636352539,40.91882628909054,0.7505149841308592,139.65969848632812
SCHOOL AND OFFICE SUPPLIES,18,28,29.897203659638762,70.7977622498514,-19.30661779775151,323.2065734863281
HOME CARE,43,28,29.894830431256974,37.761494641434034,6.740711212158203,92.24945068359376
DELI,2,28,29.87402257864816,38.220227267170216,-7.749048344203404,82.76096435546876
BREAD/BAKERY,19,28,29.750545501708984,38.95257555039092,1.446172986711775,93.15142822265624
HOME AND KITCHEN II,6,28,29.600642953600204,52.391506101961944,7.2677483558654785,211.77536010742188
CELEBRATION,3,28,29.557058334350586,74.00104426670802,4.161222321646554,370.9682865142822
DELI,33,28,29.50886426653181,37.710465843042364,-4.5748748779296875,80.88951110839844
MEATS,12,28,29.440293181379047,36.88848199870259,2.4404792272426072,109.85256384277346
DAIRY,32,28,29.289249420166016,39.9456360416101,-15.14845221383231,127.30142211914062
EGGS,12,28,29.245409148080007,37.89747872811776,-1.3814919335501537,127.92473602294922
POULTRY,29,28,29.227165413643974,36.05064792657211,-4.510151498325894,98.51353588867188
HOME CARE,16,28,29.207028797694615,33.052995302629164,-11.999903270176478,64.28047180175781
HOME CARE,25,28,29.06926236833845,44.07607836679802,7.655773162841797,123.98033905029295
BREAD/BAKERY,54,28,28.97058323451451,34.67531006703127,-4.339789254324776,59.63160705566406
"LIQUOR,WINE,BEER",53,28,28.911720957074845,41.11027004131271,0.1871418271745944,138.48046112060547
FROZEN FOODS,50,28,28.840574208862304,36.145763634516975,0.39592169742257205,93.16354956054688
DELI,12,28,28.693076542445592,34.35416360584191,-18.454531533377512,74.754638671875
EGGS,3,28,28.69274684361049,37.961329720312165,-12.423023768833705,86.94122314453125
POULTRY,38,28,28.667374912981305,33.56483107769265,-2.695599243338449,73.8495443725586
MEATS,42,28,28.61904462140765,37.479717204539796,0.2897099569266227,83.73381909179687
POULTRY,37,28,28.4689921358817,35.62818813934156,-12.603854936174665,81.10424145507812
PERSONAL CARE,22,28,28.425413404192245,34.790625475251204,-0.8035251072474894,103.76554870605467
HOME CARE,15,28,28.375837598528182,34.08746375369934,-4.496759142194476,60.66856384277344
HOME CARE,18,28,28.227027893066406,33.4573489223834,-17.84640175955636,61.95118713378906
POULTRY,53,28,28.211289219098774,34.81677380432993,-9.526109252580918,74.69417614746095
PERSONAL CARE,19,28,28.130685806274414,35.11176808990639,-2.5719013214111324,77.70236206054688
POULTRY,18,28,27.99641836983817,34.68537169757323,-14.766107875279017,95.88009449218752
"LIQUOR,WINE,BEER",7,28,27.675059182303293,35.721660475380155,-5.598901476178851,107.37777709960938
FROZEN FOODS,53,28,27.641773921421596,35.675836111587095,-2.4580044991629473,88.99313317871093
BREAD/BAKERY,15,28,27.493004390171595,33.35034810438276,-7.777108873639788,60.1475830078125
DELI,8,28,27.346242536621098,35.37803140627716,-13.04028223563058,103.47439356445312
POULTRY,21,28,27.287309104527065,32.4850393660584,0.36955593802316045,77.58162158203123
PERSONAL CARE,18,28,27.23382350376674,34.68191763426564,-15.172530038016186,93.89617919921876
PREPARED FOODS,44,28,27.05406737444196,32.028538815289345,-2.6897708656529007,65.41054980468749
POULTRY,42,28,27.029607089843747,33.460456639893515,-10.902314635532923,80.05851538085938
DELI,22,28,27.027349744524276,31.866523728850378,-9.86308343069894,75.38188171386719
PREPARED FOODS,9,28,26.724271767735075,29.8446661186333,-0.9243359505615231,53.70050671386719
MEATS,43,28,26.696033115234375,32.942381217597806,8.915885027204242,63.056719726562505
EGGS,24,28,26.432892390659877,32.535740956470434,2.399927956717355,80.51419067382812
"LIQUOR,WINE,BEER",48,28,26.37190818786621,39.056627386517434,7.216890335083008,120.48223876953124
EGGS,7,28,26.370059422084264,34.01081455833264,-7.624855041503906,91.14141845703124
POULTRY,5,28,26.320664663783482,33.05040207005799,-2.277635428641184,68.8772052001953
MEATS,13,28,26.290259307163783,35.02818715017889,-1.8086647440011159,93.38564709472656
MEATS,17,28,26.20085574410575,32.604578521557485,-5.288912742222377,77.63707775878908
"LIQUOR,WINE,BEER",36,28,26.182244505201066,37.144380378052965,8.454007489340647,98.09051895141602
FROZEN FOODS,40,28,26.16078811100551,31.70382450047845,-0.3665634078979504,86.25188024902343
EGGS,10,28,26.15582820347377,31.0860209881757,4.6007859366280695,65.61724853515625
PREPARED FOODS,49,28,25.977510306570874,34.87461754944213,-12.437996599121094,76.50818554687501
PREPARED FOODS,52,28,25.865600706839423,32.0706062873334,7.98689318964495,72.38234344482422
PERSONAL CARE,12,28,25.834663118634904,32.57197052131878,2.4340490613664896,85.05496215820312
"LIQUOR,WINE,BEER",21,28,25.49510329110282,34.214899462528074,-0.1928798130580352,109.67463684082033
PERSONAL CARE,54,28,25.346844809395925,33.28373791356839,-6.184604644775391,91.06915283203124
"LIQUOR,WINE,BEER",32,28,25.21969985961914,34.8446381481881,-1.6879493168422148,120.05013656616212
HOME CARE,7,28,25.20413044520787,34.65762476111163,-11.71001924787249,100.25262451171876
BREAD/BAKERY,14,28,25.154618399483816,30.78575929103812,-0.3943328857421878,63.49906921386719
HOME CARE,19,28,25.128602164132253,32.36100106953997,-7.136092049734933,71.625732421875
DELI,38,28,25.114751706804547,31.47960744304711,-19.343793215070452,63.806641479492185
EGGS,47,28,25.102227347237722,31.9869644637519,-6.561425345284598,83.18328857421875
DELI,7,28,24.93185280936105,33.010355435017814,-12.786595807756697,90.6170850830078
MEATS,39,28,24.90211449860491,30.256088222930618,-6.130899314801897,83.85904690332032
BREAD/BAKERY,33,28,24.879662649972097,30.38878711701096,-16.484786987304688,69.42637634277344
DELI,13,28,24.848370688302175,32.61426494968254,0.18947655814034597,75.07644653320312
HOME CARE,1,28,24.84538677760533,32.55801145020791,-8.220052719116211,101.70759582519533
HOME CARE,10,28,24.712420327322825,30.599137778443932,-9.26688003540039,71.04864501953125
SCHOOL AND OFFICE SUPPLIES,9,28,24.70214728425656,38.9322186966516,16.389893855899572,135.62525939941406
HOME CARE,34,28,24.655238560267858,33.82801209826543,-11.860177176339286,107.78152465820312
MEATS,10,28,24.617872434430804,30.947392926548286,16.412439940011158,59.49941625976564
PERSONAL CARE,10,28,24.603233337402344,32.451718343413994,2.315709250313895,79.13368225097656
HOME CARE,26,28,24.53186593736921,41.74310996229251,-5.69692461831229,182.10192108154297
DELI,5,28,24.495476950509207,31.02816831843923,-7.386935062953403,80.71464221191405
"LIQUOR,WINE,BEER",40,28,24.452866281781876,29.577751186464805,-6.174258095877511,76.76904487609863
EGGS,15,28,24.421048300606863,28.18331678871372,4.951886313302176,54.78993225097656
HOME CARE,35,28,24.32214219229562,29.45593908761639,-9.19239343915667,74.77984619140625
DELI,42,28,24.295864033290314,30.2042467453915,-17.67965344892229,78.80648474121094
BREAD/BAKERY,17,28,24.228175027029856,32.300817605977066,-15.396484919956752,92.51498413085938
EGGS,52,28,24.113776070731028,32.41839055531455,11.927680969238281,63.56005859375
POULTRY,10,28,23.875272813929964,30.200350516749488,6.2394573288923,69.53571179199218
POULTRY,14,28,23.850577353925434,30.69005262252886,-0.7212774991019119,80.2161181640625
POULTRY,31,28,23.814569104561944,29.12328719407404,2.5606688903459807,70.94048120117188
DELI,16,28,23.738888876778738,28.641646615966156,-8.05692890712193,64.22119140625
EGGS,22,28,23.633158002580917,28.95058945575731,-2.6000434330531528,59.292423248291016
POULTRY,36,28,23.63094660648019,30.812534553142886,6.3308450852399565,60.5005487060547
EGGS,8,28,23.51277051653181,28.927299303079245,-5.927674429757254,59.70001220703125
GROCERY II,44,28,23.44750894818987,27.317813652734845,-0.45420592171805296,49.56065368652344
DELI,1,28,23.43262282671247,33.262129804193165,-11.965791898454938,126.62291149902345
FROZEN FOODS,24,28,23.34777256992885,28.33487550709866,2.295500013078965,51.953907104492174
DELI,34,28,23.287768602643695,29.939817540234774,-6.674201516287669,90.13840844726562
MEATS,21,28,23.283132470092774,28.86443081623287,0.16460473833356457,70.99329541015625
PERSONAL CARE,30,28,23.221519470214844,32.556058015376955,-3.085596357073103,99.07903289794922
FROZEN FOODS,6,28,23.17723110089983,30.519236874141214,0.5686899326869431,95.23179626464844
"LIQUOR,WINE,BEER",6,28,23.17508029937744,29.42977124300825,-1.8335599899291994,68.6178207397461
BREAD/BAKERY,13,28,23.09741973876953,30.518806416420276,-7.496604919433594,97.5438003540039
EGGS,13,28,23.085896355765207,32.86947834905021,-0.5019750595092771,128.31703567504883
FROZEN FOODS,31,28,23.07117637334333,29.505204498166375,0.17471142947823828,70.57318481445313
HOME CARE,22,28,23.021363939557755,29.63078171350109,-1.7645160130092077,75.61038208007812
DELI,35,28,22.990392003740585,27.066557445397294,-0.661162103925432,51.30455780029297
BREAD/BAKERY,12,28,22.966524396623885,28.935362286419405,-0.13100215366908483,75.23300170898438
BREAD/BAKERY,32,28,22.793026787894114,26.819711459048076,-4.690694264003208,57.04244995117188
POULTRY,12,28,22.77104544852121,30.07870215243354,-0.35272079380580124,85.61636828613283
PREPARED FOODS,45,28,22.733371615862165,30.654863221836337,2.0806644538225454,91.107076171875
"LIQUOR,WINE,BEER",4,28,22.709487233843124,27.165540149153998,-1.9248519624982556,67.82604217529297
BREAD/BAKERY,35,28,22.68389047895159,38.31428122564153,-0.45247186933244954,166.09608459472656
FROZEN FOODS,35,28,22.61003679598563,34.20547465319415,5.469241895908901,100.8697624206543
"LIQUOR,WINE,BEER",8,28,22.47963959830148,28.333653805377775,-2.411256790161133,73.34051513671875
BREAD/BAKERY,30,28,22.433068139212473,31.54564015300967,-1.1858561379568917,89.09342956542969
EGGS,54,28,22.3399532863072,30.80492948085674,-1.507000514439174,79.64949798583984
MEATS,18,28,22.251164686941966,30.416910104644376,-13.476390708844866,75.31597509765626
POULTRY,41,28,22.16345744873047,27.147768627106366,1.7731028888811389,68.06656274414061
HOME AND KITCHEN II,44,28,22.068491527012416,32.587489655898466,3.9560958317347934,126.62046813964844
HOME CARE,17,28,22.005401066371373,32.899975987712125,-18.032442910330637,106.10195922851562
"LIQUOR,WINE,BEER",37,28,21.909617287772043,26.2560438025353,-1.2643563406808034,63.61548614501953
MEATS,34,28,21.785427376534596,29.494556658769284,2.4286813692801323,90.60090979003908
HOME AND KITCHEN I,47,28,21.73371206011091,33.639025209108084,9.229117529732841,112.30395126342772
FROZEN FOODS,9,28,21.704783107212613,26.567350501382393,3.097213439941407,71.37712097167969
GROCERY II,52,28,21.651173046657018,25.565017466043596,-4.9815217426845,47.78327178955078
PREPARED FOODS,11,28,21.604006247889924,29.705817287752954,0.898697299996512,76.43220520019531
MEATS,19,28,21.532580875122072,27.640079616447988,5.035471531337194,72.03852502441407
FROZEN FOODS,37,28,21.311094761439733,25.83134411487643,-6.650734091622488,59.01454162597656
DELI,32,28,21.263649531773158,27.07808874766642,-8.61088616507394,61.52256774902344
"LIQUOR,WINE,BEER",50,28,21.249724524361746,27.80331747142228,0.7195148468017578,63.62987518310547
HOME AND KITCHEN I,45,28,21.08428396497454,28.303348991733728,-1.3736440113612578,62.60129165649414
"LIQUOR,WINE,BEER",30,28,21.076712472098215,27.152294851486392,-1.8544913700648717,76.45102310180664
BREAD/BAKERY,16,28,21.049124036516464,28.11998301559023,-3.3660757882254466,79.71653747558594
PERSONAL CARE,16,28,21.0193966456822,25.041997941169807,-4.379815782819476,51.28727722167969
PERSONAL CARE,25,28,21.004656655447825,35.49906030382017,7.522471836635044,156.92013549804688
HOME AND KITCHEN II,8,28,20.98252500806536,51.42724755529424,5.004121099199567,257.9953918457031
HOME AND KITCHEN I,49,28,20.87025329044887,24.16191321753031,-4.853890419006348,48.30033874511719
DELI,37,28,20.833729065952845,27.907267941663218,-12.580563529889789,67.98297109765625
HOME CARE,23,28,20.789217267717635,24.366614882017526,-2.63629640851702,53.97142028808594
POULTRY,13,28,20.762148980119978,25.198348061377267,-1.9610921107700874,62.57768078613282
PREPARED FOODS,8,28,20.723592811662943,23.982330183925516,2.783245275146487,39.651243774414056
FROZEN FOODS,38,28,20.621113052368166,25.426453010906314,3.775688347952707,50.54459381103516
FROZEN FOODS,20,28,20.415662183489115,27.14396269336621,0.6870981597900376,76.06359924316405
FROZEN FOODS,43,28,20.251759282714847,26.881006831286342,6.644185702654157,81.96829986572266
POULTRY,30,28,20.191187702061246,25.543187662378863,-0.47153389712960525,52.26134979248047
FROZEN FOODS,17,28,20.182066364833286,26.6464836204055,-1.3889940730503627,85.99014282226562
MEATS,15,28,20.13296735595703,24.811031481548575,-0.3899309819684709,58.20956011962892
PREPARED FOODS,28,28,20.100172473284037,26.865717043712596,3.4253053293805804,62.58980627441406
HOME AND KITCHEN I,50,28,20.07718004499163,25.683306262228953,3.605167661394392,66.11511611938477
POULTRY,15,28,20.040515559430805,24.813440174152657,5.687749078264509,51.88260290527344
HOME AND KITCHEN I,3,28,19.996566772460938,26.285904056579767,-0.44019780840192496,80.68137741088867
FROZEN FOODS,1,28,19.99187142996652,26.72437655891133,-1.2956122347586485,74.86083984375
FROZEN FOODS,28,28,19.97128993552072,23.311584610735295,-0.8290751113891607,50.01823425292969
PREPARED FOODS,46,28,19.938490306623184,26.596776567228936,-0.6020993516845711,68.60243322753905
FROZEN FOODS,42,28,19.87887313406808,30.169475017091496,-1.459670680454798,85.02926428222656
HOME AND KITCHEN I,52,28,19.716857501438685,23.527255789460842,1.8639683042253767,54.59776306152344
DELI,26,28,19.6824902016776,23.78883121559769,-9.46339300755092,47.89064721679688
PERSONAL CARE,35,28,19.62874916621617,26.674489771436846,-8.389634404863632,71.63941192626953
GROCERY II,41,28,19.585259710039413,31.506210461880233,0.6787778309413365,132.47534942626953
PERSONAL CARE,23,28,19.556251798357284,23.99303898474164,-2.433152607509068,46.09019470214844
FROZEN FOODS,29,28,19.411991193498885,26.983992350661584,0.2696631055559427,88.80437048339843
"LIQUOR,WINE,BEER",23,28,19.40959903172084,26.036016540248838,-1.0239208766392298,76.03357315063477
"LIQUOR,WINE,BEER",42,28,19.367014612470353,25.258824614935488,-4.958738463265555,57.22926330566406
FROZEN FOODS,2,28,19.347362326485772,23.378890703507658,-3.9291847011021206,44.27033996582031
MEATS,32,28,19.267722041538782,23.25100377829259,-0.5065090114048546,54.13042453222656
HOME AND KITCHEN I,36,28,19.17106682913644,38.417899273490576,4.074864932468959,164.36804962158203
"LIQUOR,WINE,BEER",18,28,19.139519827706472,24.550924258005992,-2.563159942626953,69.13631439208984
"LIQUOR,WINE,BEER",46,28,19.134537288120814,27.287582181666313,5.379396166120257,83.0291748046875
FROZEN FOODS,8,28,19.131421548374725,23.90572534857136,-3.8614202136230453,57.55849841308594
GROCERY II,51,28,18.98949704851423,21.73023632479568,4.625367709568569,62.0919189453125
EGGS,45,28,18.936707632882253,24.601404929047323,0.2006258283342634,68.3961181640625
EGGS,14,28,18.730428014482772,23.425420109292286,-1.6994130270821708,54.48908615112305
POULTRY,34,28,18.57464883321708,24.397634078821184,3.812589573765348,56.7374219970703
"LIQUOR,WINE,BEER",28,28,18.492991515568324,23.884385569776907,-1.010936668940953,72.77003479003906
FROZEN FOODS,21,28,18.38478970990862,22.076236142289314,-2.7273360640869138,44.47230529785156
PREPARED FOODS,7,28,18.347881013671874,23.19498885329404,-2.426755468017579,47.45277308105469
EGGS,46,28,18.22161865234375,23.879899500922594,-4.72496577671596,64.84683227539062
"LIQUOR,WINE,BEER",54,28,18.179703780582972,39.65548064283819,-1.6421419552394323,189.76194381713867
HOME AND KITCHEN II,2,28,17.892787047794886,30.238975547698647,2.3642877170017798,111.14184761047365
DELI,23,28,17.870640342790875,23.945701614322186,-10.922982771815708,63.74075170898438
HOME AND KITCHEN I,51,28,17.867873464311874,21.762755470799092,-5.1623028346470425,50.28159332275391
FROZEN FOODS,39,28,17.671956323896136,22.387526159230863,-6.063800926208494,55.0683206176758
FROZEN FOODS,33,28,17.554701305934362,23.804880063733574,-2.5340959614344998,73.5403060913086
"LIQUOR,WINE,BEER",39,28,17.541327476501465,22.103947953132053,-9.072188922337123,70.70712280273438
HOME AND KITCHEN II,47,28,17.39022023337228,25.2824024874797,-2.988671030317034,72.8555908203125
EGGS,41,28,17.353109904697963,20.491991870391512,-0.8257029397147041,37.94325256347656
SCHOOL AND OFFICE SUPPLIES,20,28,17.263251929360973,28.289903520069938,5.03581104645439,85.11284828186035
PREPARED FOODS,24,28,17.227414418666296,20.52754744370819,-0.9283316553083144,36.65277288818359
"LIQUOR,WINE,BEER",24,28,17.084001677376882,22.386346238524638,-7.047193118504116,62.97560119628906
PREPARED FOODS,54,28,16.94013868059431,23.80885098850169,6.1382342747279575,73.05194091796875
DELI,30,28,16.938954489571707,21.63796127458953,-5.817691802978516,58.889869689941406
EGGS,48,28,16.90280396597726,21.547086255538293,-6.4338948386056085,65.5758056640625
FROZEN FOODS,5,28,16.89895427594866,20.07432063325728,-3.0579069519042976,48.39668090820314
PREPARED FOODS,51,28,16.89481313316127,24.738488741957582,3.321765220563617,68.45172143554689
PREPARED FOODS,14,28,16.83511761256627,19.890743051236242,3.692740031651088,34.78483581542969
"LIQUOR,WINE,BEER",33,28,16.809363876070297,22.919119389194204,-0.4967306341443744,62.84596824645996
"LIQUOR,WINE,BEER",2,28,16.807205063956125,21.666312935963475,-5.377790587288993,61.24104309082031
HOME AND KITCHEN I,18,28,16.656490598406112,32.07978529489236,-1.8825849124363494,150.15611839294434
HOME AND KITCHEN I,37,28,16.609807763780868,21.59539399382435,0.504871300288609,73.56701278686523
SEAFOOD,45,28,16.484828741638186,19.93698997683208,-1.4797459714268282,43.35922369384767
HOME CARE,13,28,16.463394165039062,23.486009257724884,-4.9228651864188055,67.80894470214844
HOME CARE,12,28,16.449445996965682,20.138030279207623,-8.665021078927175,53.16337585449219
GROCERY II,49,28,16.440007754734584,23.22126409354707,3.3392869404384067,77.41810607910156
EGGS,37,28,16.300778525216238,22.82331438108085,-7.13771002633231,62.86058044433594
GROCERY II,37,28,16.297560964311874,22.11088215530305,1.196866307939802,68.08372116088867
HOME AND KITCHEN II,41,28,16.10702759878976,26.892135741279848,2.4369645799909323,99.16431999206544
GROCERY II,3,28,16.103630202157156,21.066594319159332,-1.048981121608189,49.22280883789063
PREPARED FOODS,21,28,16.01379032392229,22.045337664244013,6.864553302612302,60.37060046386719
"LIQUOR,WINE,BEER",1,28,15.84623922620501,22.129605525836006,0.40292290278843473,65.67219543457031
FROZEN FOODS,11,28,15.809804639892578,18.803852431746723,-3.246433144356865,48.02359008789063
PREPARED FOODS,48,28,15.787422516043526,22.04019144486489,2.312437892543248,66.40640753173827
FROZEN FOODS,23,28,15.669884175981794,18.930725184854417,-3.7884257540021626,34.832420349121094
PREPARED FOODS,6,28,15.654230336617605,18.651238267320267,3.9985759374825607,38.02257989501953
GROCERY II,24,28,15.515414851052421,19.098257614147872,1.0550901549203056,52.10526657104492
HOME AND KITCHEN I,46,28,15.490584100995745,26.85801800605135,3.685276303972517,125.10081481933594
"LIQUOR,WINE,BEER",16,28,15.470152650560651,18.31559178171975,-7.148535660334995,46.19770812988281
MEATS,29,28,15.38363967410714,19.32608997518664,-1.702315059953964,48.656104492187495
PREPARED FOODS,2,28,15.293784821899413,19.374517756711363,3.619942063563755,43.692353820800776
HOME AND KITCHEN II,52,28,15.248748098100934,21.76606686113916,0.9971630913870673,71.93916702270508
GROCERY II,11,28,15.195171560559954,18.898017361507442,0.7330297061375212,40.88644981384277
HOME AND KITCHEN II,51,28,15.146683761051722,24.483495787866843,2.1942512648446217,84.8596420288086
PREPARED FOODS,37,28,15.012940999128071,17.654682083028025,1.0849603363734661,36.48852502929688
GROCERY II,2,28,14.995515550885882,17.43250031110663,-4.751753807067871,39.26744079589844
HOME CARE,32,28,14.798352922712054,17.71054574082132,-8.034290313720703,38.5313720703125
HOME AND KITCHEN II,42,28,14.756558179855347,26.264026949554903,4.6026149817875455,89.26905727386475
EGGS,1,28,14.70359284537179,21.942623001760392,-4.59213502066476,71.40945434570312
"LIQUOR,WINE,BEER",17,28,14.628373282296318,17.073889164338997,-0.1025490079607281,41.107177734375
HOME AND KITCHEN I,7,28,14.5792601449149,17.366337698206767,-1.9057504108973913,42.25281524658203
BREAD/BAKERY,10,28,14.539083480834961,17.84725119653903,-5.157817568097796,40.52734375
PREPARED FOODS,50,28,14.503394264203752,18.10709443894553,7.488827286839078,40.30336758642578
HOME AND KITCHEN II,45,28,14.398768561226982,18.42193028845818,0.8113512311662945,47.14460754394531
HOME AND KITCHEN II,7,28,14.375871930803571,34.21908632718015,4.297730718340192,173.18926811218262
PREPARED FOODS,38,28,14.355899257271902,18.72527265571185,4.20625938949149,37.735951477050776
"LIQUOR,WINE,BEER",20,28,14.348549297877721,17.221386882654006,0.8346253803798132,44.81134033203125
FROZEN FOODS,18,28,14.344448648725237,17.136220201718274,-5.821361682346889,33.802730560302734
GROCERY II,48,28,14.333219255719866,16.83635827585851,-0.991095951625279,27.99502182006836
FROZEN FOODS,26,28,14.326379730808801,19.65229658293879,0.196743723772321,57.78675474548339
POULTRY,32,28,14.306544089939662,19.538362451869098,1.480364410147531,59.40546975708008
PREPARED FOODS,1,28,14.297659353158135,19.255383374759308,0.4474837337210526,57.98779703466797
POULTRY,35,28,14.289032508091518,19.87788834308176,3.071054631661551,64.98024478149414
EGGS,2,28,14.15757805960519,19.04777737801237,-7.472405024937221,49.62693786621094
PREPARED FOODS,31,28,14.058668185642787,17.269561760602787,2.053805632455008,47.1049487915039
EGGS,42,28,13.963154111589704,17.558515195403775,-8.604438509259905,44.67149353027344
HOME AND KITCHEN II,23,28,13.95888010093144,29.44392154590811,0.8045227697917393,141.50704860687256
PREPARED FOODS,41,28,13.839543052167619,18.68259974679559,7.239880539524623,50.05383047485351
EGGS,6,28,13.831104823521205,17.795106087218485,-3.8524137224469865,46.37017822265625
POULTRY,16,28,13.736678948111395,21.30735461075124,-2.5080114664742603,78.04216183471681
"LIQUOR,WINE,BEER",13,28,13.676839419773646,17.300263892387353,2.7106019428798134,48.00506591796875
PREPARED FOODS,53,28,13.671690101623536,19.125809244283673,3.6005742350987027,41.31805047607422
LAWN AND GARDEN,51,28,13.6048812185015,16.34618575244424,1.0480618476867674,30.44644927978516
FROZEN FOODS,34,28,13.603097803388323,18.12334317806945,1.3475653305053712,50.44252380371094
MEATS,40,28,13.469370057285856,17.537916065565568,2.249905616019113,40.95049084472657
MEATS,30,28,13.464845435668947,18.84435795471706,-0.7611328403320299,66.3115838623047
LADIESWEAR,50,28,13.300121239253453,18.54404111115396,-8.12332991191319,60.87480163574219
EGGS,38,28,13.236934116908483,16.598828496391864,-2.2857507978166853,50.23799896240234
EGGS,19,28,13.19974981035505,17.298324433233816,-4.679366520472935,36.17127227783203
PREPARED FOODS,4,28,13.19549091204834,16.077179918291908,5.55699377684675,42.17484866333008
PERSONAL CARE,32,28,13.039253234863281,15.925116195494027,-4.6740858895438055,36.20598602294922
FROZEN FOODS,22,28,13.03695769391741,20.78591692558258,0.9593478655133926,77.88585412597655
HOME AND KITCHEN I,42,28,12.968720061438423,19.373890119006553,3.088573898587908,56.22176170349121
HOME AND KITCHEN II,50,28,12.924394062587194,15.304885399852976,-4.081843784877232,37.375118255615234
HOME AND KITCHEN II,37,28,12.922446795872279,24.431810311022318,1.451871599469866,97.27702713012695
HOME AND KITCHEN I,54,28,12.873598575592041,21.40865602616666,0.7312466757638113,93.4996509552002
LAWN AND GARDEN,52,28,12.748564175197057,14.812345055594793,-1.159211158752441,25.12689208984375
"LIQUOR,WINE,BEER",5,28,12.665985243661064,16.00664007942735,-0.5969419479370115,40.06169891357422
POULTRY,54,28,12.641383631277902,14.94935732990736,-1.1102393530447825,35.33835992211914
FROZEN FOODS,4,28,12.640405832563129,15.115801061983555,-1.9655524128505155,33.904099731445314
FROZEN FOODS,12,28,12.546698261805943,17.210874282462697,-0.07153694588797473,50.98876190185547
LINGERIE,44,28,12.387692093849182,17.710984371638762,7.4533025707517355,52.091102600097656
HOME AND KITCHEN II,27,28,12.373178958892822,17.359227875267752,0.39443608692714116,50.92021560668945
"LIQUOR,WINE,BEER",14,28,12.325654753616877,15.42051929461907,-0.30537798574992614,43.166521310806274
HOME AND KITCHEN I,8,28,12.322259562356132,15.623011714913128,-3.1430619784763882,39.55833053588867
"LIQUOR,WINE,BEER",26,28,12.320238726479667,15.301244477825549,-4.412389959607806,36.406097412109375
LAWN AND GARDEN,27,28,12.069724559783936,14.312878855859537,1.4651222910199846,32.1830940246582
EGGS,50,28,12.002108710152763,15.770488760198516,-4.336337225777762,48.51036071777344
SCHOOL AND OFFICE SUPPLIES,15,28,11.96720941950168,53.1881059101534,-11.349060207073178,280.6845703125
"LIQUOR,WINE,BEER",34,28,11.750680310385567,14.890423207393573,-6.249757017408099,45.91802215576172
HOME AND KITCHEN II,24,28,11.689847946166992,16.067151379725527,-2.679707799639021,59.57772254943848
"LIQUOR,WINE,BEER",9,28,11.671102251325335,13.96439372132241,-1.5517989567347936,27.5633544921875
PREPARED FOODS,20,28,11.656810370309014,15.278123302659344,3.53048660546875,31.88151800537109
HOME AND KITCHEN I,38,28,11.636541707175118,18.961024749889543,5.519159657614572,80.23347854614258
HOME AND KITCHEN I,28,28,11.435462474822998,14.088303697153744,-5.026725973401751,33.727134704589844
HOME AND KITCHEN II,19,28,11.409895590373448,22.795576978033157,2.584594794682094,109.0856819152832
HOME AND KITCHEN I,21,28,11.403773784637451,12.524542438428425,-1.7984976768493652,20.363021850585938
SCHOOL AND OFFICE SUPPLIES,13,28,11.388742799737624,37.12104854288331,-11.19922114642603,183.2078094482422
PREPARED FOODS,18,28,11.309369315944126,14.37005296173283,-1.5911330141339974,37.251402770996094
GROCERY II,46,28,11.27130903516497,13.585112095210887,0.36180918557303304,31.744083404541016
HOME AND KITCHEN I,33,28,11.229317801339286,17.82235991215325,0.5519578116280693,76.31669044494629
HOME AND KITCHEN I,29,28,11.226419176374163,12.670821535968246,-4.36090932573591,26.630859375
SCHOOL AND OFFICE SUPPLIES,19,28,11.221212578139134,34.89074372142694,-10.56552815809846,169.3246307373047
MEATS,16,28,11.21819060181536,14.250088450650662,-0.11203324680001472,30.2626123046875
HOME AND KITCHEN I,48,28,11.206261362348284,13.162907905705344,-0.5840963636125835,25.720504760742188
HOME AND KITCHEN I,9,28,11.172196115766253,14.182798662262432,-1.1949396133422852,33.980316162109375
PREPARED FOODS,29,28,11.170267799377442,15.385415239949872,4.366202184404645,36.18979302978515
GROCERY II,8,28,11.14314944403512,14.24360288310061,3.8102085249764577,35.859596252441406
SCHOOL AND OFFICE SUPPLIES,12,28,11.051024506666831,34.57281849059615,-11.051024506666831,168.3246307373047
GROCERY II,47,28,11.044956479753766,14.825022769840809,-3.166765757969447,33.86081314086914
PREPARED FOODS,34,28,11.007699917929513,12.544278724008013,-2.0105934529985703,27.102840423583984
PREPARED FOODS,27,28,10.991953185878208,13.656726116765432,2.362374114833287,31.53035504150391
HOME AND KITCHEN II,53,28,10.861249991825648,16.265471635043912,-0.7229089055742535,62.0026969909668
PREPARED FOODS,40,28,10.837694440569196,15.93743205217822,1.4970528738839286,52.944122314453125
LAWN AND GARDEN,25,28,10.828592436654228,13.86802321934062,-1.4439386640276228,41.32268524169922
LAWN AND GARDEN,36,28,10.764869144984655,14.035042672211567,-1.1663182122366769,31.93741226196289
HOME AND KITCHEN I,53,28,10.754236766270228,13.484526135269805,-0.15012291499546615,36.833662033081055
GROCERY II,26,28,10.742187142372131,13.176501686715438,-2.2289952720914568,27.892932891845703
PREPARED FOODS,42,28,10.725583654715402,14.570201778715106,0.0019138658098489486,37.30738656616211
HOME AND KITCHEN II,3,28,10.716433797563825,13.613788596540212,-1.6473864146641322,32.91339111328125
GROCERY II,39,28,10.624225684574672,14.242535516520453,-4.066640104566302,42.3450927734375
SEAFOOD,44,28,10.604271132411412,14.834566147914174,-0.6300620323486333,49.064609558105474
"LIQUOR,WINE,BEER",12,28,10.519099576132637,13.216829146235794,-2.35710232598441,28.76632308959961
"LIQUOR,WINE,BEER",11,28,10.518792629241943,13.357637202469292,-3.416001796722412,34.31855010986328
PREPARED FOODS,25,28,10.503707141662598,14.090659886655496,5.737368030334473,43.38309963989258
SEAFOOD,3,28,10.432463855024066,13.355654746625685,-1.9175477525547566,27.719537475585938
EGGS,53,28,10.381811141967773,12.823703345239881,-0.6996996743338448,34.702293395996094
CELEBRATION,50,28,10.342880249023438,13.291809432841578,1.0301551818847656,41.5776424407959
LADIESWEAR,45,28,10.327042375292097,12.647695521055045,-4.968200479234968,27.25643920898437
LAWN AND GARDEN,47,28,10.326961381094796,12.560875836367618,-3.1669056756155824,30.689979553222656
FROZEN FOODS,15,28,10.224028344290597,13.442072965633434,1.5437612827845977,32.962432861328125
PREPARED FOODS,17,28,10.176711627415248,11.949591462811037,1.8861474990844724,25.048194885253903
FROZEN FOODS,54,28,10.117122165134974,12.054187276557652,-3.5289860534667974,25.980499267578125
SEAFOOD,49,28,10.102088627737862,15.005856464489266,2.6408804485386432,40.60447375488282
FROZEN FOODS,14,28,10.069890402191161,12.996542280225912,-1.3397979544808525,25.159408569335938
SEAFOOD,51,28,10.02081908543178,12.39520725735302,1.0733451594325476,27.66710687255859
LAWN AND GARDEN,45,28,9.929193905421666,12.081178845198165,-1.8125431878226144,31.748729705810547
LADIESWEAR,44,28,9.911796161106654,11.695137185333719,-4.171544075012207,26.115985870361328
LADIESWEAR,47,28,9.866053240639824,12.299235418435885,-4.074717044830323,28.55389404296875
FROZEN FOODS,16,28,9.854934672472272,12.952997045958277,-0.9794348414088656,36.93356323242188
LADIESWEAR,48,28,9.848286969321114,11.654224581403145,-4.244557585035052,25.398696899414062
HOME AND KITCHEN I,25,28,9.827097586223058,13.3749865543056,1.710794414792742,44.574514389038086
CELEBRATION,44,28,9.774697984967913,11.560617449988001,-1.4935143334524974,21.192893981933597
GROCERY II,38,28,9.756624289921351,13.406112394287549,1.4323571750095916,49.73368453979492
LAWN AND GARDEN,7,28,9.70792041506086,13.156139924344073,-0.5107445716857909,39.2783203125
HOME AND KITCHEN I,6,28,9.68685415812901,12.611303265365898,-5.346673488616943,36.266510009765625
LAWN AND GARDEN,24,28,9.686272689274379,12.092552413854845,-2.6866752760750905,26.400745391845703
HOME AND KITCHEN I,1,28,9.667734929493495,12.396459831403662,-0.6081513336726597,29.706298828125
GROCERY II,6,28,9.599062034061976,11.702198400095224,0.6882988384791783,26.68541717529297
MEATS,54,28,9.587487171212333,10.991290458368459,0.5558162083914628,20.881415039062503
PREPARED FOODS,5,28,9.586034488133022,12.88621281086533,3.6326884907313755,32.97588589477539
LINGERIE,8,28,9.48291962487357,11.255991038298403,-0.5768158095223564,23.24691772460937
LAWN AND GARDEN,3,28,9.426270076206752,11.865221289763527,-2.2368335723876953,23.404075622558597
EGGS,4,28,9.421361105782646,11.469704785429006,-1.5754132952008928,28.779312133789062
PREPARED FOODS,39,28,9.405577783272879,11.71552578163959,-0.34500041031319917,27.357103485107416
HOME AND KITCHEN I,27,28,9.359618595668248,10.978573759971848,-6.308543613978794,21.99325180053711
HOME AND KITCHEN I,34,28,9.179582936423165,11.237972581199154,-3.008762836456299,23.60462951660156
PREPARED FOODS,33,28,9.121374266488212,12.298904694327103,-1.7699052265712194,29.22009658813477
PLAYERS AND ELECTRONICS,44,28,9.11862053189959,10.68727927046337,0.8562990597316199,25.7668571472168
PREPARED FOODS,12,28,9.093339443206787,12.365281581612683,1.363811833517892,34.933868408203125
PREPARED FOODS,26,28,9.076416151864189,11.745270176397606,1.0032870428902763,33.68962478637695
EGGS,5,28,9.015771457127162,12.04004706174865,-0.47778279440743593,36.05831146240234
FROZEN FOODS,19,28,8.999469554395404,12.170479624675925,-0.7463030569501601,37.60118850708008
LADIESWEAR,3,28,8.95523909160069,11.687741392609057,0.5292483057294575,31.782001495361328
LADIESWEAR,46,28,8.922886780330114,11.566874395782255,-3.6340340886797224,31.046974182128903
SEAFOOD,46,28,8.874733632263183,10.563623552553663,1.2882467380458287,22.90502904785156
SEAFOOD,1,28,8.867532689006698,12.860733108970331,-0.1395812523611885,51.1632382965088
GROCERY II,25,28,8.832773412976946,13.929653508516392,2.5728015899658203,58.07806205749512
LADIESWEAR,41,28,8.831429174968175,11.13228274191303,0.4831747668130057,31.121713638305664
LAWN AND GARDEN,41,28,8.828392369406563,10.713376360652816,-0.9424945286342076,31.868258476257324
HOME AND KITCHEN II,25,28,8.815221582140241,13.470721897759585,-0.6844086647033691,43.06929111480713
LAWN AND GARDEN,49,28,8.794144085475377,10.737566968291192,-1.2790370668683733,27.934818267822266
HOME AND KITCHEN II,34,28,8.68630143574306,10.84819296582572,1.597226347242083,29.28379440307617
GROCERY II,27,28,8.648948533194405,11.68857579399712,1.4302379063197546,31.674684524536133
HOME AND KITCHEN I,39,28,8.613269874027797,10.127803587969296,-1.6585826192583357,19.087329864501957
LADIESWEAR,8,28,8.574846335819789,11.066164346312164,-1.0170787402561732,25.907546997070312
FROZEN FOODS,30,28,8.569415004730224,11.736732572996402,1.4711662668500627,26.283493041992188
SCHOOL AND OFFICE SUPPLIES,22,28,8.56518219996776,27.45330162174377,-8.43423427907484,134.491943359375
HOME AND KITCHEN I,41,28,8.56210436139788,11.98921840818961,-1.9395063945225306,41.81110191345215
PREPARED FOODS,36,28,8.533496419634139,10.49310695409151,0.7692734255109516,24.628923431396487
HOME AND KITCHEN I,11,28,8.530596051897321,11.04225937711481,-0.0069201333182198664,26.172935485839844
HOME AND KITCHEN II,9,28,8.52683755329677,11.423193910570541,1.068390369415283,29.45297241210937
PREPARED FOODS,22,28,8.482553686414446,11.211986736001085,-1.0887370109558103,33.93997383117676
HOME AND KITCHEN I,31,28,8.390605109078544,9.74351014065544,-3.021847724914551,19.68601417541504
"LIQUOR,WINE,BEER",15,28,8.29342268194471,10.49306429997027,-1.7679390396390642,29.9086856842041
HOME AND KITCHEN I,22,28,8.23948301587786,10.475492965511933,1.163651602608817,27.42987632751465
CELEBRATION,45,28,8.226572172982353,11.176721270436834,-0.5177221298217773,33.40177917480469
LAWN AND GARDEN,8,28,8.226266929081508,10.387941583379007,-0.9772260529654366,31.189218521118164
FROZEN FOODS,13,28,8.183363369532994,10.757685947453638,-0.16987582615443644,30.933557510375977
PLAYERS AND ELECTRONICS,46,28,8.146301405770439,9.470273021144362,1.8538006373814173,20.73440933227539
SEAFOOD,8,28,8.088639995029995,10.376838197667427,-0.3655282113211483,25.644832336425782
LAWN AND GARDEN,42,28,8.081507137843541,10.067032704140946,-1.6524899346487862,20.351821899414062
GROCERY II,7,28,8.062561580113002,10.627992201017225,-1.8486284528459822,29.15422248840332
GROCERY II,22,28,8.044170686176844,12.380864271055676,0.31788328715733144,44.2824068069458
GROCERY II,14,28,8.023251571825572,10.800880626007327,-0.8869092932769228,26.16865921020508
EGGS,26,28,7.974078791482108,9.847485483696014,-2.225803715842111,18.123485565185547
CELEBRATION,49,28,7.928312301635742,10.380220844143299,0.8359770093645368,34.10668182373047
LADIESWEAR,11,28,7.9133426291602,12.116996683421931,0.45489040442875467,42.101369857788086
LADIESWEAR,37,28,7.8600728171212335,9.602076152965381,-0.9402310507638114,22.74095916748047
PREPARED FOODS,23,28,7.8524926640450605,10.313660027225973,-0.4482920556553433,23.11924267578125
GROCERY II,42,28,7.850172247205462,9.834538477013965,0.7307121413094658,24.65286445617676
LAWN AND GARDEN,44,28,7.849695410047259,10.106874957205495,1.1702471460614887,31.160415649414062
GROCERY II,23,28,7.8034298079354425,10.37472026724839,-0.1846752847943986,23.049272537231445
HOME AND KITCHEN I,13,28,7.796347073146275,9.41851874250223,-0.6301514080592564,20.48240089416504
PREPARED FOODS,15,28,7.789362907409668,9.478297605192143,1.6357592173985072,19.656787872314453
HOME AND KITCHEN I,40,28,7.775204045431955,9.732824445479565,-4.0019161360604425,22.70835494995117
CELEBRATION,33,28,7.764449988092695,10.585053539115968,1.1664518458502633,37.12431597709656
PREPARED FOODS,10,28,7.752962044307163,9.593646164647904,1.4251636096409388,26.766660690307617
HOME AND KITCHEN II,14,28,7.737853458949497,10.588200336759527,0.37557738167898996,31.780181884765625
LAWN AND GARDEN,37,28,7.700075660433088,8.930469752446246,-2.913306406566075,18.661266326904297
GROCERY II,13,28,7.657509633472988,8.765760532529463,0.38223515238080713,17.881572723388672
HOME AND KITCHEN I,12,28,7.623671122959682,9.010713383113245,-2.9446206092834473,16.016508102416992
HOME AND KITCHEN I,5,28,7.593900203704834,9.186965750410586,-0.9350612504141671,22.09109115600586
HOME AND KITCHEN I,20,28,7.574939829962594,10.83064121207505,-1.7599272387368339,34.94900131225586
PET SUPPLIES,44,28,7.554256779806955,9.155984681923261,-0.21179410389491476,18.464710235595703
GROCERY II,4,28,7.514259474618094,9.723366218042957,1.5581343514578683,25.125301361083984
FROZEN FOODS,10,28,7.499402459825788,9.803576715790678,1.1171485404968264,30.100997924804688
HOME AND KITCHEN II,21,28,7.483778612954276,8.814280214858735,-0.8764407975333077,16.481895446777344
HOME AND KITCHEN I,4,28,7.4476499898093085,8.93324562718567,-1.0216237136295867,20.683292388916016
HOME AND KITCHEN I,15,28,7.438228947775705,10.561078485073796,-3.0981967789786204,41.75275039672852
CELEBRATION,5,28,7.381621326719012,9.222551526252275,3.0206267152513777,25.52416229248047
MAGAZINES,3,28,7.3756537437438965,10.03744950353071,2.753495148250035,31.677366256713867
SEAFOOD,47,28,7.338296390999931,8.803793060539459,0.4896468179670066,19.312268920898436
CELEBRATION,12,28,7.233351877757481,13.150263993583401,2.4599528312683105,54.090128898620605
"LIQUOR,WINE,BEER",31,28,7.211205584662301,10.817677464916978,-1.782829795564924,38.2829704284668
GROCERY II,28,28,7.195323671613421,8.388210072634543,1.1196412699563163,16.66468048095703
CELEBRATION,40,28,7.188547696386065,10.669629116416855,1.3471819332667754,36.22875595092773
CELEBRATION,28,28,7.175707953316825,9.707624555322226,0.599935735974993,29.22201442718506
PLAYERS AND ELECTRONICS,52,28,7.1740217208862305,8.849693487987789,0.5021018981933595,25.201269149780277
LAWN AND GARDEN,46,28,7.11840466090611,9.276291580878391,-2.42036805834089,30.307504653930664
"LIQUOR,WINE,BEER",10,28,7.104770106928689,9.069541432099339,1.2148003152438573,20.21871566772461
SCHOOL AND OFFICE SUPPLIES,10,28,7.086987490632704,31.482393343922105,-6.579619607222932,165.7617950439453
LADIESWEAR,4,28,7.041510650089809,8.984291786659412,0.525909764426095,24.41381454467773
HOME AND KITCHEN II,28,28,6.9697174344744,8.67592697960996,0.03350673403058736,21.82110595703125
CELEBRATION,23,28,6.927933948380606,13.178333775799254,0.8235876389912197,63.0060977935791
HOME AND KITCHEN I,19,28,6.844955171857562,8.89739703378931,-2.451878002711705,24.275798797607425
GROCERY II,54,28,6.841682297842843,12.180860510900215,2.5882909297943115,55.452078342437744
PREPARED FOODS,30,28,6.789942230497088,11.066418281852721,2.4620536054883684,48.09374809265137
GROCERY II,17,28,6.788992745535714,8.835586639334968,0.7097703388759069,22.1757755279541
CELEBRATION,27,28,6.788559096200125,8.392110600873805,0.17401988165719143,26.76979255676269
CELEBRATION,8,28,6.7646260261535645,8.189450790427083,-0.5083930832999094,18.145732879638672
PLAYERS AND ELECTRONICS,47,28,6.755552904946463,8.572030000952445,1.277303900037493,22.821741104125977
CELEBRATION,47,28,6.754166671207973,8.830886149395383,-0.7488359042576379,21.51212310791016
PREPARED FOODS,16,28,6.721301283155169,8.76113443233992,0.6471605982099261,25.590030670166016
PREPARED FOODS,35,28,6.675583873476301,8.342574958768557,1.2182447229112898,18.020097732543945
PET SUPPLIES,8,28,6.648830720356533,8.534885020658503,0.18834607941763734,21.465368270874023
LAWN AND GARDEN,2,28,6.644838537488665,8.003522056606288,0.6164880480085101,17.96842384338379
HOME AND KITCHEN II,1,28,6.578926086425781,7.600222831382746,-2.400680814470564,13.710529327392578
SEAFOOD,50,28,6.512606549944197,8.911192294150888,0.42946351518467535,26.78441767883301
PET SUPPLIES,46,28,6.441415991101946,7.544299476252581,0.7248079436165946,15.643692016601562
PET SUPPLIES,51,28,6.431333575929914,8.289345831986301,0.7051376274653844,20.7011833190918
PET SUPPLIES,45,28,6.417627879551479,9.594570054758192,0.4948689596993581,34.6635799407959
EGGS,23,28,6.398903029305594,8.179020174819376,-0.7558627809797016,16.869400024414062
CELEBRATION,24,28,6.380585329873221,8.640053313736287,1.0379459517342702,26.749366760253903
HOME AND KITCHEN I,17,28,6.370909418378558,7.788315955192884,0.1509366716657366,16.128141403198242
PLAYERS AND ELECTRONICS,49,28,6.370295320238386,7.982925262872581,-0.6127592495509556,20.902973175048828
GROCERY II,1,28,6.3693137509482245,9.32940544416389,-0.4051240852900913,35.252180099487305
LADIESWEAR,38,28,6.368489674159458,8.231079111375578,-0.33586365836007254,20.46728134155273
HOME AND KITCHEN I,23,28,6.336348669869559,8.828102482013929,-1.8544481822422576,28.54208755493164
LINGERIE,3,28,6.329674584524972,8.297487234974184,0.4187860488891601,23.0518741607666
SEAFOOD,24,28,6.303352297480992,7.685586313279083,-0.6631277256687705,15.059589828491212
HOME AND KITCHEN II,35,28,6.282904599394117,13.08539408982749,0.13002999339784896,63.35829019546509
LAWN AND GARDEN,4,28,6.280991315841675,7.458117239254122,-0.09866799627031606,16.355690002441406
CELEBRATION,1,28,6.278770361627851,7.958420059481738,-0.17222058773040785,18.29607391357422
HOME AND KITCHEN II,39,28,6.2764964784894675,7.1649195022971295,-0.645308426448277,13.924012184143066
CELEBRATION,7,28,6.228881904057094,8.15531991631364,0.22237157821655273,21.37259864807129
CELEBRATION,14,28,6.22769706589835,8.137950514033474,2.1326197556086948,22.152926445007324
LADIESWEAR,7,28,6.208133390971592,7.392377100670761,0.6077708857400077,15.911262512207031
HOME AND KITCHEN II,17,28,6.197826657976423,7.730767087957726,0.7220287322998047,13.493785858154297
GROCERY II,15,28,6.192982997213091,8.543829327069078,0.4510809523718698,24.931294441223145
SEAFOOD,27,28,6.1700277458016535,7.220262867395191,0.2431100890197752,17.946893829345704
CELEBRATION,48,28,6.163033655711582,8.92201538742744,0.1762066228049142,28.58781147003174
LADIESWEAR,9,28,6.145622406687055,7.730489854951727,0.3340743098940168,18.3577880859375
CELEBRATION,43,28,6.142080170767648,9.613524894114162,1.0159214564732146,36.62789916992188
LADIESWEAR,42,28,6.131572621209281,7.312281291181395,-0.7881856986454556,15.492511749267578
LADIESWEAR,49,28,6.118305478777204,7.398168176129317,-3.5486978803362166,22.649349212646484
HOME AND KITCHEN I,14,28,6.117724486759731,9.822888625136885,-0.9174317632402692,40.80842971801758
SEAFOOD,6,28,6.106956897521973,7.612906827367969,0.31769953188650935,16.153975677490237
CELEBRATION,38,28,6.0834305967603415,7.032664209125657,0.45909517151968815,12.590863227844238
GROCERY II,40,28,6.026838745389666,7.400839866703324,-0.8900221075330463,20.8417911529541
MAGAZINES,44,28,6.015002046312604,7.339558692999307,0.684135913848877,20.671783447265625
CELEBRATION,36,28,6.003653883934021,7.9050816297603435,1.4826052018574305,28.68928050994873
PREPARED FOODS,13,28,5.991322381155832,7.071307778393462,0.35134765080043245,14.997821807861328
LAWN AND GARDEN,48,28,5.987683977399554,7.4883597713700425,-0.5713633809770856,18.0198392868042
MAGAZINES,7,28,5.966222950390407,7.671485858667623,1.748151353427342,19.306986808776852
GROCERY II,31,28,5.962464094161987,7.1185429376697975,-0.29072254044669016,15.554556846618652
HOME AND KITCHEN II,20,28,5.955503565924508,7.6475597918537375,-0.12468382290431425,20.67933464050293
HOME AND KITCHEN I,24,28,5.946874277932303,7.748724404063233,-2.63032375063215,18.75297164916992
HOME AND KITCHEN I,16,28,5.94666462285178,7.306470517316981,-0.1175168412072318,17.181693077087402
SEAFOOD,7,28,5.944956396998814,7.576536412754281,0.765943030299595,18.95992300415039
LADIESWEAR,2,28,5.932177884238107,7.756272129944654,-0.6673408235822406,25.84620857238769
PLAYERS AND ELECTRONICS,45,28,5.930054187774658,7.6332107440758366,1.030833721160889,16.97174072265625
SCHOOL AND OFFICE SUPPLIES,11,28,5.918988502717444,8.438904790783129,-2.4113789006535495,20.68808364868164
HOME AND KITCHEN II,31,28,5.864410059792655,7.175538923482544,0.13828107288905553,17.162412643432617
HOME AND KITCHEN II,5,28,5.849855661392212,6.963117734116829,-0.3464321749550955,16.825563430786133
HOME AND KITCHEN II,43,28,5.8234749521527975,7.390783455334826,1.7872385297502793,16.50377655029297
HOME AND KITCHEN I,43,28,5.792347567422049,6.907547010576065,-0.3102503504071917,13.975568771362305
GROCERY II,29,28,5.7894777570452005,7.2420720727375905,-0.4994280678885323,17.83370018005371
GROCERY II,9,28,5.751424414770944,7.55965439355647,-0.16980355126517166,21.89209270477295
PLAYERS AND ELECTRONICS,50,28,5.725303377423968,7.5671061220300935,0.7399627140590123,26.34356689453125
MAGAZINES,8,28,5.697359459740775,7.490578448695108,1.4442083154405867,18.99124526977539
LAWN AND GARDEN,1,28,5.660911764417376,6.980681337561361,-0.36237982341221403,15.972372055053713
HOME AND KITCHEN I,30,28,5.621695382254464,6.478153074985494,-1.8216044562203544,12.054420471191406
HOME AND KITCHEN II,11,28,5.615769352231707,7.250080798204039,0.48794845172337126,14.797590255737305
PREPARED FOODS,19,28,5.611177921295166,7.0803412175143805,1.2652916908264162,19.08125686645508
BEAUTY,46,28,5.605519737516131,8.261416556904228,0.08269054549080986,23.27839469909668
MAGAZINES,24,28,5.604262948036194,7.0592927635728016,1.649520925113133,14.314337730407717
LAWN AND GARDEN,6,28,5.602502277919224,7.291290504137421,0.7421415192740304,21.020736694335938
PET SUPPLIES,47,28,5.559753281729562,6.888607815559454,-0.38576275961739676,16.248411178588867
LAWN AND GARDEN,53,28,5.508610895701817,7.770464309858946,0.7830801350729806,23.03971576690674
LADIESWEAR,6,28,5.492175783429827,7.926384553664611,-0.3602830341884067,20.875675201416016
SEAFOOD,11,28,5.482918160302298,8.143973097664123,-0.5630048683711462,26.81958675384521
AUTOMOTIVE,44,28,5.474876710346767,7.010553574826816,-0.13029074668884277,18.137499809265137
FROZEN FOODS,32,28,5.4392988338470465,6.283264292122953,0.7480731007712229,14.134457878112794
PLAYERS AND ELECTRONICS,3,28,5.433355058942523,6.855949438902547,1.2332304545811243,17.413406372070312
CELEBRATION,46,28,5.430141074316842,6.755414166533663,0.07754697118486677,16.41512680053711
MAGAZINES,25,28,5.429926974432809,9.837733284189214,2.7768717663628713,43.76978397369385
CELEBRATION,22,28,5.417446460042681,8.777184289713892,1.0719968080520632,36.40118837356568
GROCERY II,21,28,5.414665801184518,7.01335565659681,-0.7274508816855294,17.8113956451416
GROCERY II,36,28,5.4093970486095975,6.914718833504861,1.2770945940698897,17.67979097366333
BEAUTY,48,28,5.380645138876779,7.032607641696865,0.5791456358773368,17.989469528198242
PET SUPPLIES,49,28,5.378619500568935,6.133191455315036,0.5339709350040981,10.981212615966797
SEAFOOD,2,28,5.373912409859793,6.458946186342536,-0.437819969935826,13.352863525390624
LINGERIE,6,28,5.329495472567422,7.284900433296281,-1.4963857361248558,21.564126014709476
CELEBRATION,6,28,5.321990694318499,7.886025945595827,0.7564648219517299,31.24924087524414
MAGAZINES,49,28,5.30686971119472,7.56762905356166,1.434654985155378,23.71178436279297
LAWN AND GARDEN,26,28,5.298065551689693,6.897863007672027,0.57990163564682,16.43294858932495
SCHOOL AND OFFICE SUPPLIES,17,28,5.294013863695519,13.594694462981792,-0.9202367466475282,61.40626525878906
PLAYERS AND ELECTRONICS,51,28,5.264794383730207,6.770285621443767,1.1885690348488944,16.770992279052734
HOME AND KITCHEN II,33,28,5.256758689880371,6.986682773709956,0.0355797495160784,21.47107315063477
HOME AND KITCHEN II,40,28,5.235407216208322,6.820525976693081,-0.15112638473510728,20.42045021057129
MAGAZINES,45,28,5.225964035306658,6.196818937646776,1.2465509346553258,12.087066650390623
LINGERIE,24,28,5.224762048040118,6.857014283453788,1.0184215647833688,15.94586944580078
GROCERY II,20,28,5.166371788297381,6.607006627932452,-0.08157706260681165,20.37337207794189
LADIESWEAR,18,28,5.154654945646014,6.491662210916705,0.5850286824362619,14.974197387695312
CELEBRATION,41,28,5.154275383268084,6.43461606369231,0.19582782472882948,16.9216570854187
SEAFOOD,48,28,5.152973961168562,7.125520454235068,-0.14272793826293903,19.77741275024414
CELEBRATION,2,28,5.120944840567453,7.056215721538722,0.9230817386082241,17.94157314300537
LAWN AND GARDEN,43,28,5.09734879221235,8.562604528733655,0.22221381323678147,34.7638053894043
CELEBRATION,18,28,5.0909634828567505,6.617965512396909,1.9368261098861694,12.841875076293944
LINGERIE,47,28,5.064047566481999,12.498081398628308,2.202615422861917,61.65347385406494
AUTOMOTIVE,52,28,5.0373912538800925,6.576909747710211,0.8722084590366909,17.083698272705078
LADIESWEAR,19,28,5.0371871420315335,7.79383745998925,1.9037264670644487,28.465758323669437
CELEBRATION,11,28,5.023626497813633,6.654566991333544,1.2671570437295097,23.498499870300293
LADIESWEAR,1,28,5.021780388695853,6.308425015806117,0.7644708156585693,17.98033332824707
GROCERY II,18,28,5.011296885354178,5.836568371545758,0.047289167131696494,13.045988082885742
PLAYERS AND ELECTRONICS,11,28,4.9924425057002475,6.611884499296922,1.154400314603533,15.750775337219238
PLAYERS AND ELECTRONICS,37,28,4.981406790869577,5.787122449390027,1.2085535526275635,11.062119483947754
GROCERY II,43,28,4.960591350282941,7.185213632106391,1.0500050272260395,25.00272035598755
CELEBRATION,52,28,4.943457058497837,6.928572247720134,2.215827533176967,18.63877010345459
LINGERIE,46,28,4.938570363180978,7.165993572383578,-1.7566439083644323,28.11402130126953
AUTOMOTIVE,47,28,4.936393703733172,5.765780908668705,1.7362090860094344,14.13656997680664
LINGERIE,5,28,4.9330611910138815,5.675584868065512,1.1930362156459264,9.87348747253418
GROCERY II,12,28,4.91579533474786,6.389032368191318,-0.830081045627594,15.536206245422363
LADIESWEAR,5,28,4.900147523198809,5.980865248018035,0.7772992168154035,16.916913986206055
LINGERIE,49,28,4.873469591140747,6.211370733875963,-2.192286321095058,14.149700164794922
LADIESWEAR,24,28,4.873174973896572,5.796372599931985,0.7728639670780727,12.298873901367188
HOME AND KITCHEN I,26,28,4.844872525760105,5.678394831742798,-1.7322041477475847,10.640643119812012
LAWN AND GARDEN,20,28,4.825999983719417,6.922815164764998,-0.13010896103722708,26.83544921875
PET SUPPLIES,24,28,4.825165884835379,5.577435146905545,1.0727434158325195,11.726968765258787
HOME AND KITCHEN II,29,28,4.815796000616891,6.152603486372715,0.0385286808013916,13.175897598266602
GROCERY II,53,28,4.7978261198316305,6.480565807727499,0.6019404615674698,20.57789802551269
PET SUPPLIES,3,28,4.793007578168597,5.976818577624557,0.2685223988124303,12.987630844116213
LINGERIE,7,28,4.784537945474897,6.108567108338411,-0.9246631520135062,13.256488800048828
HOME AND KITCHEN II,18,28,4.779951708657401,6.669409740101305,2.2875847816467285,18.01860809326172
PET SUPPLIES,52,28,4.765565259116037,7.114670156221542,1.8426212583269392,27.303135871887207
CELEBRATION,42,28,4.764798811503819,5.83575683658677,1.066364594868251,14.311575412750244
PET SUPPLIES,50,28,4.7475060394832065,5.893593009162487,1.0563082354409354,14.05008316040039
PET SUPPLIES,48,28,4.740268400737217,6.026188852760392,0.8084067957741874,11.69313621520996
LAWN AND GARDEN,38,28,4.739330700465611,5.637189384729388,-1.1364700453622,11.987863540649414
LADIESWEAR,27,28,4.7380268062864035,6.096620003881436,0.6534756762640817,16.551446437835693
HOME AND KITCHEN I,10,28,4.73638561793736,6.03945156438937,-0.6119723320007324,16.504250526428223
AUTOMOTIVE,9,28,4.734817334583828,6.378999955856972,1.2349089213779993,21.10826539993286
HOME AND KITCHEN II,46,28,4.724828788212368,5.89405582776042,0.5599122047424318,13.163732528686523
HOME AND KITCHEN I,2,28,4.723185096468244,6.197746065855379,-0.23867814881461,15.005970001220703
LINGERIE,52,28,4.723159287657056,6.067343404341041,2.510023193699973,13.80263614654541
CELEBRATION,51,28,4.7187990461077005,5.706372451722778,1.5808254310062952,12.798006057739258
CELEBRATION,17,28,4.712424967970167,8.22866917236406,0.8361329436302185,35.80559539794922
AUTOMOTIVE,53,28,4.707618696349008,6.457827854172042,1.0346010582787648,21.66089534759521
BEAUTY,44,28,4.706948212214878,5.708810589696279,-0.9461096354893276,13.54100227355957
SEAFOOD,40,28,4.690748376505716,7.163830015530628,-0.3130695053509302,24.669884204864506
CELEBRATION,13,28,4.68728905064719,6.00973846540293,1.7757653168269567,16.538291454315186
HOME AND KITCHEN II,15,28,4.680435861860003,6.055295663947336,1.1162569863455638,15.485044479370115
HOME AND KITCHEN II,16,28,4.66674896648952,5.762481726744514,1.4215152263641357,12.41875171661377
PLAYERS AND ELECTRONICS,48,28,4.663055079323905,5.845799885274264,0.4564919471740722,11.65306282043457
PET SUPPLIES,37,28,4.649628962789263,6.56680881438917,1.9446652787072318,24.777644157409668
PLAYERS AND ELECTRONICS,38,28,4.637016500745501,5.689710700651198,1.500041893550328,12.506604194641112
AUTOMOTIVE,50,28,4.548165542738778,6.0054956585005,1.3563333409173148,17.62726402282715
LINGERIE,17,28,4.540914382253375,6.4087833452163085,-0.9024065222058978,20.574398040771484
PLAYERS AND ELECTRONICS,6,28,4.534205096108573,6.743837504814523,1.508976595742362,24.73657512664795
SEAFOOD,38,28,4.531230912538801,5.401754037863442,0.438941599437169,11.543811416625978
AUTOMOTIVE,21,28,4.530335749898638,5.690440532939618,1.308451567377363,16.010663986206055
LINGERIE,1,28,4.519978340182986,6.046461769166814,0.7267274303095681,16.48659086227417
AUTOMOTIVE,49,28,4.504441312381199,5.807913344079476,1.2101934126445226,13.24494743347168
AUTOMOTIVE,17,28,4.501238090651376,6.3924220842553465,1.142927152769906,19.357141494750977
CELEBRATION,34,28,4.485607930592129,5.793803481558355,1.8140863009861536,16.861970901489258
SEAFOOD,17,28,4.475543226514544,5.285576685266813,-1.0060916628156389,10.201089859008787
LINGERIE,39,28,4.4747770598956516,6.902185516089562,-1.1489784462111337,28.29263973236084
CELEBRATION,25,28,4.458354984010969,6.269900244084865,1.3272795506886073,22.106693267822266
PLAYERS AND ELECTRONICS,7,28,4.44660530771528,5.355916939045842,1.561655010495867,11.228687286376951
MAGAZINES,52,28,4.440909232412066,5.81562765812063,2.2729744059698924,13.151249885559082
HOME AND KITCHEN II,12,28,4.4326080594744,6.693818940414022,1.145496436527797,23.41978073120117
LAWN AND GARDEN,31,28,4.419945525271552,6.123525568183191,1.2072766806398119,20.116190910339355
MAGAZINES,47,28,4.411311592374529,5.957187354627765,1.7981834752219064,16.55676555633545
BEAUTY,45,28,4.395602771214077,5.7259706352759485,-0.20751285552978516,17.424463272094727
SEAFOOD,20,28,4.388521629051426,5.785113471299158,-0.40486978070635116,13.01307909448242
LAWN AND GARDEN,39,28,4.385371310370309,5.804170261612346,-0.15528178215026855,13.752455711364746
MAGAZINES,2,28,4.376741903168814,5.244918726752138,1.9883533716201782,10.46738576889038
LAWN AND GARDEN,5,28,4.3746403115136285,5.7054801887502125,-0.05177990027836384,14.26840114593506
CELEBRATION,29,28,4.372932621410915,5.089941857042599,0.8185842207499913,13.070928573608398
SCHOOL AND OFFICE SUPPLIES,39,28,4.362700714064496,7.363126837222295,-1.9531461207994394,32.21784591674805
HOME AND KITCHEN I,32,28,4.353368469646999,5.6703120238587115,-1.884745819228036,14.763978958129885
MAGAZINES,41,28,4.3511596236910135,6.2809365468609,1.4094226871218,23.72127723693848
HOME AND KITCHEN I,35,28,4.330537727900913,5.268715686997682,-0.48354625701904297,9.85715627670288
CELEBRATION,31,28,4.315863983971732,5.3011934544551,0.4277549811771938,12.605454444885254
AUTOMOTIVE,46,28,4.313637205532619,5.4985132087999995,1.3046845878873552,10.927897453308104
MAGAZINES,38,28,4.303657633917672,5.782414731603261,1.6894313267299108,16.57544994354248
CELEBRATION,9,28,4.29552834374564,5.004274043173438,-0.14595719746180943,9.010395050048828
SCHOOL AND OFFICE SUPPLIES,14,28,4.251313774713448,12.168705673735879,-4.186186342367104,56.57386779785156
LINGERIE,11,28,4.232694114957537,5.8657689139000615,0.33439176423209055,19.482081413269043
LINGERIE,41,28,4.217967135565622,5.22626298938462,1.150886399405343,10.56215763092041
AUTOMOTIVE,20,28,4.199557278837476,5.557714417364329,1.6431865777288164,16.708510398864746
PLAYERS AND ELECTRONICS,17,28,4.186414837837219,5.077049564773495,1.422071099281311,10.191753387451172
GROCERY II,10,28,4.165763369628361,5.015566159752794,0.4153135759489877,11.15221643447876
SEAFOOD,37,28,4.164724916321891,5.412127164370814,1.001425650012425,11.406061248779295
HOME AND KITCHEN II,22,28,4.162593126296997,5.750202733673409,1.6960763590676444,15.506153106689451
LADIESWEAR,53,28,4.150916765843119,5.2246277990390455,2.1108689414603368,12.675620079040527
GROCERY II,35,28,4.148847000939505,5.105591137456526,0.2486762489591326,11.371140480041504
CELEBRATION,21,28,4.143935250384467,5.270576258815276,1.5647969033036913,12.730615615844728
LINGERIE,38,28,4.122809512274606,5.61822012888094,1.5403501646859306,15.521730899810793
SEAFOOD,9,28,4.0993559304155625,5.108527618384175,0.7729539725341796,10.06428399658203
BEAUTY,50,28,4.096668549946377,4.9899664349199,-1.0379574298858643,9.431047439575195
SEAFOOD,5,28,4.09522396690979,4.921907360581262,0.25165612578866153,10.314990997314451
SEAFOOD,4,28,4.090562996455601,5.0288915962248195,-0.409353376661028,10.593192153930666
LINGERIE,21,28,4.083219238689968,5.363155046724756,0.7465325934546334,14.197909355163574
SEAFOOD,39,28,4.075545795713152,4.608099169823652,-0.9840092721666611,8.963301208496095
HOME AND KITCHEN II,36,28,4.053404024669102,5.054793772749689,0.5613867555345807,11.435779571533203
PET SUPPLIES,41,28,4.03418551172529,5.092247726955424,2.086641481944493,11.797059059143066
PREPARED FOODS,32,28,4.03234384741102,4.91440299860753,1.5515896081924438,10.29397678375244
BEAUTY,3,28,4.031611851283482,5.0268777093135855,-0.027700015476771762,12.633501052856444
SEAFOOD,41,28,4.019497437477112,5.4046103372861385,1.103897804396493,17.346923789978028
LINGERIE,31,28,4.019340651375907,5.506118019279818,0.575000694819859,19.59792709350586
MAGAZINES,42,28,4.01270009790148,4.914534562896098,1.60067914213453,10.046102046966553
LAWN AND GARDEN,28,28,4.0088245911257605,4.95133015649734,0.7758129366806576,12.65560531616211
LADIESWEAR,23,28,4.005311046327863,5.049621039903733,1.6810830320630754,13.286023139953612
PLAYERS AND ELECTRONICS,23,28,3.9836611236844743,4.795423432358192,1.4651133162634713,11.254866123199465
PLAYERS AND ELECTRONICS,8,28,3.97712128502982,4.887993371736488,0.49572869709559847,10.775650024414062
PLAYERS AND ELECTRONICS,39,28,3.961317317826407,4.774880437858024,0.3881140266145979,11.224647521972656
LADIESWEAR,52,28,3.9513052105903625,4.86517803543882,1.661915021283286,13.245497703552246
LINGERIE,27,28,3.951126371111189,4.882005912430043,1.860703638621739,12.796717643737791
BEAUTY,49,28,3.9446129628590176,4.587575406530503,-0.4610156502042498,11.856584548950195
LINGERIE,18,28,3.9412872408117567,4.661639065236664,-0.7322870194911957,9.262235641479492
AUTOMOTIVE,2,28,3.9076667513166154,4.71365626317811,1.2673229319708688,11.554162979125977
PLAYERS AND ELECTRONICS,24,28,3.9076011776924133,5.125184412191864,1.6544216956411089,13.796517372131348
MAGAZINES,37,28,3.900592122759138,5.035872549470111,1.1559583118983678,12.685534954071043
PET SUPPLIES,2,28,3.8815621648515974,4.791467172476201,1.2932635375431605,11.644809246063232
LAWN AND GARDEN,29,28,3.878881778035845,5.895354404623536,0.10954078606196811,22.066144943237305
LAWN AND GARDEN,34,28,3.876560960497175,6.623912029097535,0.08072197437286377,30.14453125
PLAYERS AND ELECTRONICS,40,28,3.874451449939183,4.96224558351386,1.7919223478862218,13.699015617370604
BEAUTY,47,28,3.8599281992231096,4.653847181054613,1.4498780114310128,12.128196716308594
PLAYERS AND ELECTRONICS,25,28,3.8480373450687955,5.057944202835842,0.9524100167410714,15.405077934265137
CELEBRATION,20,28,3.8390693153653825,5.751533659346845,0.8812960045678275,20.15164852142334
HOME AND KITCHEN II,13,28,3.826570221355983,4.786328418200941,0.6863339458193097,10.14606237411499
PET SUPPLIES,27,28,3.804097958973476,5.078526093430735,1.5292391777038574,14.716432094573976
AUTOMOTIVE,29,28,3.795534440449306,4.564920928972326,1.1566229377474104,9.66334867477417
LINGERIE,51,28,3.7754732625825063,5.0895858493116535,0.7517331412860325,11.585524082183838
CELEBRATION,19,28,3.7707463673182895,4.409010691470911,1.3572825704302107,9.303765296936035
LINGERIE,33,28,3.766176291874477,4.62873091406293,0.8904508863176618,10.570599555969238
LINGERIE,53,28,3.749151191541127,4.521386458315352,2.316642859152385,9.24092161655426
CELEBRATION,4,28,3.744229785033635,5.175303208479259,0.7391126411301749,16.653975009918213
AUTOMOTIVE,48,28,3.7382287638528005,4.85421709876126,1.0503192288534982,13.529953956604004
LINGERIE,42,28,3.734310191656862,4.677652344883007,0.17274158235107148,12.603195190429688
MAGAZINES,46,28,3.725759046418326,4.665737551610909,2.481486541884286,11.718622207641602
GROCERY II,16,28,3.715099092040743,4.854671457892867,0.08240336605480726,11.27843940258026
MAGAZINES,51,28,3.7142878770828247,4.628560454301767,1.0723357030323573,9.913737297058104
SEAFOOD,21,28,3.697236861501421,5.281757633410434,-0.639586227280753,16.249686241149902
HOME AND KITCHEN II,26,28,3.680520619664873,4.751164348796943,-0.028585825647626528,11.651391983032228
LINGERIE,9,28,3.669983080455235,4.945886762012601,-0.452054262161255,14.540782928466797
AUTOMOTIVE,43,28,3.6698320550577983,4.487506809481178,1.6456925145217352,11.74764919281006
BEAUTY,8,28,3.663131764956883,4.115973054365145,-0.3173165151051113,7.515554428100586
PLAYERS AND ELECTRONICS,42,28,3.6455144711903165,4.558547996087358,1.4066413640975952,12.59458303451538
AUTOMOTIVE,39,28,3.6199730804988315,4.555283626289571,1.056084326335362,10.674638748168944
CELEBRATION,16,28,3.603008372443063,4.675568032942803,0.7535532202039447,11.56348466873169
LINGERIE,25,28,3.596239136798041,4.892635035433972,1.4853859671524592,12.222998857498167
SCHOOL AND OFFICE SUPPLIES,52,28,3.5251850996698653,4.824148577517745,1.6553779329572404,14.408592224121094
PLAYERS AND ELECTRONICS,12,28,3.5202617730413164,4.4680710416712675,1.9731917807034083,11.037567138671877
CELEBRATION,53,28,3.5094551018306186,4.430192712470992,1.323080539703369,10.444806575775146
PLAYERS AND ELECTRONICS,27,28,3.503239325114659,4.256900718513571,1.8327173505510603,9.737481594085692
PLAYERS AND ELECTRONICS,20,28,3.4999934307166507,4.728863629521791,1.2375907940523965,10.908572673797607
LADIESWEAR,12,28,3.4787265232631137,4.07757236925624,1.2759381702968053,7.867366790771484
SEAFOOD,29,28,3.451367437839508,4.594196072646619,0.0661448666027614,15.859028339385986
LADIESWEAR,15,28,3.450240739754268,4.292040735089891,1.0937892624310084,9.308318614959717
MAGAZINES,5,28,3.4492157442229137,4.687867633097479,1.9832242812429155,13.995328426361084
AUTOMOTIVE,54,28,3.409429980175836,4.0590060277862685,1.7670014458043235,9.078708171844482
SEAFOOD,52,28,3.4068061575890676,4.3445135265067325,0.3731693332534789,11.84052562713623
AUTOMOTIVE,27,28,3.3925590004239763,4.489891531494855,1.2966416052409582,13.94799280166626
GROCERY II,34,28,3.3824489542416165,4.642280507107771,1.1157467791012354,11.376646995544434
AUTOMOTIVE,28,28,3.3817451340811595,4.535923374959121,1.1926216738564628,10.514885425567629
PLAYERS AND ELECTRONICS,9,28,3.368780187198094,4.269406894764287,1.0275697197232927,10.659497261047363
SCHOOL AND OFFICE SUPPLIES,38,28,3.3524077042405094,10.314098779708289,1.9220492049519504,47.88006906956434
AUTOMOTIVE,31,28,3.3422047921589444,4.363896282745368,1.5284896067210607,9.048353672027588
LINGERIE,28,28,3.3345273477690562,4.3400137001925225,1.0963050723075867,10.24050235748291
AUTOMOTIVE,45,28,3.3327705519539967,4.280026626293998,0.7909479141235352,10.858804702758787
PET SUPPLIES,42,28,3.319125771522522,4.344350218507655,1.8727322135652815,11.22172737121582
SEAFOOD,30,28,3.3187115490436554,3.8678041818614552,-0.4443924639906202,8.39779281616211
MAGAZINES,43,28,3.31189212841647,5.696707089886145,0.985293875847544,23.0
HOME AND KITCHEN II,4,28,3.304414681025914,4.387387349813011,-0.04484367370605475,8.543642044067383
LINGERIE,40,28,3.3014043995312283,4.141146666255813,1.9179065142359053,8.24712324142456
CELEBRATION,26,28,3.300664322716849,4.106679181894116,0.74081403868539,10.697368144989014
HARDWARE,34,28,3.283422034765993,4.3109625283092825,0.8558794589979308,13.610449761152267
PLAYERS AND ELECTRONICS,41,28,3.281969904899597,4.106789504261178,1.242496371269226,10.221269607543944
SEAFOOD,18,28,3.2805018172847205,4.2806533175603025,-0.3221548896418979,10.631821311950684
LINGERIE,22,28,3.269098504313401,4.425798627168129,0.9125795545322555,13.391236782073976
LINGERIE,12,28,3.267215294497354,4.903248751073867,-1.3927992156573705,17.572843313217163
PET SUPPLIES,6,28,3.2567461047853743,3.8840135329074057,1.399598172732762,6.76652717590332
HOME AND KITCHEN II,54,28,3.2362880536488126,4.434530098490252,0.4262350797653199,11.021666526794434
PET SUPPLIES,9,28,3.2342671070780074,3.888150561113459,1.409395056111472,10.56937026977539
MAGAZINES,50,28,3.233446870531355,4.425497554735885,2.0337042127336775,13.606983184814451
AUTOMOTIVE,41,28,3.2270118168422153,5.185147638731507,0.8310435158865792,20.563337326049805
SEAFOOD,42,28,3.211650573730469,4.106594915676285,-0.8008235326494487,9.798191024780271
AUTOMOTIVE,11,28,3.1928989376340593,4.054657501518777,1.4893609966550554,10.87743091583252
MAGAZINES,4,28,3.186362385749817,4.0877708398027215,1.2205713306154524,10.080227375030518
HOME AND KITCHEN II,30,28,3.174613220351083,4.102017247406725,0.9860794033323016,10.481070041656494
SEAFOOD,23,28,3.173135401054382,4.012903876659381,0.4660729569124495,8.357471942901611
PLAYERS AND ELECTRONICS,4,28,3.165406176022121,4.235092471929301,0.7715711423328945,11.542245864868164
CELEBRATION,39,28,3.163550308772496,4.308275488282621,0.5814775739397321,11.078135013580322
PLAYERS AND ELECTRONICS,34,28,3.125542998313904,4.171082479794892,1.5494254657200404,8.13210678100586
BEAUTY,20,28,3.1201938220432828,3.9420217140799343,0.27976202964782715,9.410906314849854
LAWN AND GARDEN,50,28,3.117603523390634,4.1506265159293925,0.6740860768726894,9.659931182861328
SEAFOOD,25,28,3.1128045363085612,4.346375221417796,1.2380665285246713,13.606539726257324
GROCERY II,30,28,3.108410196644919,4.324599018489673,0.6060128126825604,13.728320121765137
PLAYERS AND ELECTRONICS,53,28,3.104115443570273,4.079967083827967,1.5603305016245161,12.222447395324709
AUTOMOTIVE,19,28,3.060686945915222,4.020193792931561,1.2806517226355416,10.07451105117798
LADIESWEAR,39,28,3.0571894560541426,3.6995931616295503,0.4424117548125131,8.526039600372314
PLAYERS AND ELECTRONICS,1,28,3.0557458826473782,4.1543497734759525,1.0111814481871468,13.16497278213501
BEAUTY,5,28,3.053701937198639,3.6917765579229997,-0.9996225408145359,8.57652997970581
PLAYERS AND ELECTRONICS,28,28,3.0280714886529103,3.6765292394588944,0.7320012109620231,7.007692813873291
PET SUPPLIES,38,28,3.0256314362798418,3.5753053673567368,1.8187360167503357,6.9100518226623535
PET SUPPLIES,53,28,3.014899637017931,3.61469639205275,1.3099481804030282,7.719402313232422
AUTOMOTIVE,16,28,3.0109988791602,3.9322471217830475,0.4750152315412249,10.653892517089844
SEAFOOD,19,28,3.0098915014948164,3.807298805053145,0.5021127036639622,9.419082403182983
MAGAZINES,48,28,3.0038964492934093,3.9577473401368053,1.2877186111041479,10.7813982963562
AUTOMOTIVE,6,28,3.0024408527782986,4.279779306452393,1.779220163822174,11.57485818862915
PLAYERS AND ELECTRONICS,2,28,3.001149296760559,4.4619863671584366,0.7898365259170533,14.378541469573976
HOME AND KITCHEN II,32,28,2.9411095284989903,4.231371269209468,1.4937983314905847,12.429052829742432
PLAYERS AND ELECTRONICS,21,28,2.9343830219336917,3.704957002150517,1.5836271771362849,8.709647178649902
LINGERIE,19,28,2.930132282631738,3.821586573812492,0.8884178698062897,9.0
PLAYERS AND ELECTRONICS,29,28,2.9186198243073056,3.819026716836897,1.1666480685983385,8.400128602981567
SEAFOOD,22,28,2.9182947892695665,4.923409897485621,0.25495473109185696,21.0
MAGAZINES,53,28,2.91826265464936,4.0597259860128725,1.8351770964051997,14.406445264816284
PLAYERS AND ELECTRONICS,19,28,2.914251829896654,3.686294995885328,0.7025300179209027,8.588556289672852
AUTOMOTIVE,36,28,2.9076192506722043,3.6662205830136863,1.5311804967267173,7.142719149589539
PLAYERS AND ELECTRONICS,18,28,2.9055684549467906,3.5506238297101347,1.5780808159283228,8.486487865447998
CELEBRATION,30,28,2.903821894100734,4.307396192558222,1.2238718611853463,11.74675178527832
AUTOMOTIVE,12,28,2.878863206931523,3.4319287869163966,1.486190344606127,7.375195026397705
MAGAZINES,6,28,2.870487724031721,3.6624991288849023,1.2901827948434013,9.04025173187256
PET SUPPLIES,4,28,2.8583912338529314,3.9792500438596137,1.1505253655569894,10.225770950317385
LADIESWEAR,10,28,2.8339386667524065,3.9193287739303595,1.3218970724514552,11.1706463098526
PET SUPPLIES,39,28,2.832919708320073,3.7738389893374764,1.3717216508729118,10.541011810302734
LINGERIE,36,28,2.830411499100072,3.482932874933377,0.9515767320990562,8.198742628097534
PLAYERS AND ELECTRONICS,22,28,2.8271360056740895,3.8481442260259917,1.2710354328155518,11.326824188232422
PET SUPPLIES,25,28,2.825757324695587,3.833218914634944,1.0969080669539315,10.116849422454834
LAWN AND GARDEN,9,28,2.7969066372939517,3.519543503256852,0.07943994232586452,9.81008529663086
SEAFOOD,28,28,2.781759751694543,3.725131942880424,0.22100668294089174,10.149402141571043
LINGERIE,29,28,2.780853067125593,3.893541546558744,0.8011566059929984,11.397076606750488
AUTOMOTIVE,51,28,2.7642634766442433,3.5811412592561442,1.5039841958454676,8.840581893920898
BEAUTY,4,28,2.749773749283382,3.407386582836559,-1.0135017718587602,8.397197723388672
PLAYERS AND ELECTRONICS,5,28,2.736061257975442,3.8028305187209415,1.2509738632610865,11.14413571357727
BEAUTY,38,28,2.7306686639785767,3.6472188019928566,-0.4784303222383772,10.565099239349363
BEAUTY,9,28,2.729834352220808,3.47254945246577,0.6918283190046038,7.9028000831604
AUTOMOTIVE,3,28,2.7286008426121304,3.1751764618257314,0.737140587397984,6.184171676635742
SEAFOOD,14,28,2.7265123341764723,3.4140101900901163,-0.24403927581650878,7.379153251647949
AUTOMOTIVE,33,28,2.7236794573920116,3.3778377781230984,1.041674290384565,6.614540100097656
LINGERIE,45,28,2.720976246254785,3.363947159869556,0.2584757166249411,8.199454188346863
SEAFOOD,15,28,2.713373111827033,3.7450171729779167,0.0906958878040313,12.453192830085754
PLAYERS AND ELECTRONICS,31,28,2.709096508366721,3.848579420273247,0.9739345056670053,11.963878631591797
HOME AND KITCHEN II,10,28,2.7079664213316783,3.170344613498411,1.598818532058171,6.108060836791992
LINGERIE,20,28,2.7033534944057465,3.432775798457337,0.7702107557228633,9.797203540802002
AUTOMOTIVE,8,28,2.699371948838234,3.728388528533184,0.5454851027045932,10.897051334381104
CELEBRATION,37,28,2.6986848201070512,3.420844606943376,0.1744968805994307,9.35377073287964
PLAYERS AND ELECTRONICS,13,28,2.6852136935506548,3.1579017248278682,1.176430574485234,6.152935266494751
BEAUTY,21,28,2.679986353431429,3.796378950316323,-0.15678853222302033,13.831757068634031
MAGAZINES,1,28,2.6783209102494374,3.750827417075745,0.6139396854809352,10.400379180908203
PET SUPPLIES,29,28,2.6773039272853305,3.325712945454813,0.7578112057277134,8.45707392692566
AUTOMOTIVE,5,28,2.667186072894505,3.65172512745025,1.2474978481020247,10.457661151885986
HARDWARE,44,28,2.66096385036196,3.394867578918659,1.0553842357226781,8.967911958694458
CELEBRATION,54,28,2.6589179762772153,3.389764269724196,0.8916090173380715,8.003196120262146
PLAYERS AND ELECTRONICS,15,28,2.646756419113704,3.8165750548831787,1.4164171304021562,12.129612922668455
LINGERIE,2,28,2.6329332249505177,3.211640435636048,-0.09588212626320976,7.538450241088867
BEAUTY,41,28,2.6306269679750716,3.2877790650600427,-0.4145156145095825,7.348094940185547
AUTOMOTIVE,14,28,2.622966910579375,3.3710967175536215,0.7416376551347119,8.462325096130371
MAGAZINES,39,28,2.6169134761605943,3.4499541391130615,1.637820486511503,7.400944232940674
PET SUPPLIES,28,28,2.6162819606917247,3.107561591567808,1.244880497455597,7.458615779876709
LINGERIE,15,28,2.6150412868176187,3.523335751677033,1.0538939801709992,7.818267673254013
BEAUTY,18,28,2.6129867008754184,3.0741504937016124,-0.07712973867143903,6.668246269226074
BEAUTY,2,28,2.593899812017168,3.327992676098297,0.1554152795246669,9.969539165496826
AUTOMOTIVE,1,28,2.573946271623884,3.015538886066593,0.4795243058885847,6.043324708938599
CELEBRATION,15,28,2.568358247301408,4.532690377225474,1.528929263885532,19.48398405313492
AUTOMOTIVE,35,28,2.5619775440011705,3.2257602407382913,0.0681030622550419,9.632266998291016
LINGERIE,13,28,2.5489168960068906,3.3809155308781174,0.8377840204962661,10.606213569641112
PET SUPPLIES,34,28,2.5449805291635648,3.004810586242764,0.5525619078959737,5.867320507764816
LINGERIE,50,28,2.5216436045510426,3.5058808091632603,0.9973040904317584,9.793400287628174
MAGAZINES,9,28,2.5128903133528575,3.4966223911881995,1.5587815131459917,11.483984053134918
PET SUPPLIES,5,28,2.4993080369063785,2.92515900264471,0.9190540441444942,5.921932697296143
LINGERIE,30,28,2.483883274453027,3.2955890282788083,0.8905394971370697,9.981857180595398
PET SUPPLIES,7,28,2.481247229235513,3.4917070339118115,1.0047051991735185,10.118830680847168
CELEBRATION,10,28,2.4781892746686935,3.4922433284267607,1.449412586433547,10.27064847946167
PLAYERS AND ELECTRONICS,33,28,2.4690039817776,3.001843140060767,0.3980392536946707,7.653338432312012
LADIESWEAR,21,28,2.4524704132761275,3.5449072829507493,1.2350531944206782,11.258690357208252
LADIESWEAR,51,28,2.446996835725648,3.6582529401165256,1.085991878594671,11.69834017753601
AUTOMOTIVE,25,28,2.445396729878017,3.2361929066697654,1.0243500513689858,8.31624448299408
LINGERIE,48,28,2.439595330506563,3.2528911120658033,1.035035849149738,8.672975063323975
SCHOOL AND OFFICE SUPPLIES,51,28,2.435075585331236,3.0304525187722464,0.4673121528966086,7.800649642944336
MAGAZINES,19,28,2.4336585508925572,3.0729614855717218,1.2167350032499857,9.336502850055696
SEAFOOD,53,28,2.430935966383134,2.9484983358854593,0.7039399021970374,6.706585168838501
AUTOMOTIVE,26,28,2.4281318754489933,3.2534619017130493,0.8628372520740543,10.491254806518556
PET SUPPLIES,21,28,2.3998813682368825,3.0266356613932,0.8727391670857158,6.455071926116943
SEAFOOD,31,28,2.3964924216270447,3.168660809734872,0.13979720217841013,7.97280216217041
SEAFOOD,12,28,2.381490508360522,3.0397500131880384,-0.3366128940667425,7.712443709373474
PET SUPPLIES,23,28,2.3784521371126175,2.985191574082347,1.2267996647528239,7.336084842681885
AUTOMOTIVE,38,28,2.378366308552878,3.234915599165412,1.2668565937450953,9.508530139923096
PLAYERS AND ELECTRONICS,43,28,2.377682112157345,2.8034951753813293,0.6559319804821696,6.236743927001953
SEAFOOD,54,28,2.354631024279765,3.3712909470036543,0.17227270507386752,12.0
AUTOMOTIVE,30,28,2.3530904836952686,3.1658203531052096,0.9215769879519939,7.066908240318298
LINGERIE,54,28,2.3492401114531924,3.5102666846097628,1.5894140643732888,13.498941659927368
AUTOMOTIVE,22,28,2.344489714929036,3.014204464178043,1.0554252905505044,7.988916397094727
BEAUTY,25,28,2.3390780133860454,2.977622217332394,-0.30220394900866915,7.28819465637207
MAGAZINES,17,28,2.337847681350208,3.0701673196009693,1.339770799669038,8.997380775399506
MAGAZINES,27,28,2.3372579467083727,3.0001373888905816,1.3761154748499393,8.126061201095581
BEAUTY,43,28,2.327371963432857,2.9394917997651127,0.31393830265317646,8.01789665222168
LINGERIE,14,28,2.319859571222748,2.9337835554159937,0.9391055144369602,7.284550428390503
AUTOMOTIVE,13,28,2.3171843120029996,3.186473347630122,1.0727616718837194,10.395252466201782
CELEBRATION,35,28,2.316393709608487,3.00881318885849,0.6310421675443649,6.860658824443817
BEAUTY,15,28,2.3108517953327725,2.8602045612147853,0.9971181494849068,7.682750463485718
HARDWARE,52,28,2.302972894694124,3.0889032500790234,1.0907510167786054,8.699011772871017
HARDWARE,3,28,2.28228822350502,2.733417990564583,0.7369691176073891,6.795690298080444
BEAUTY,42,28,2.27160039969853,2.7167134991365063,-0.668012193271092,5.4262237548828125
BEAUTY,11,28,2.2659221440553665,3.1164975455075186,0.01757985140596117,10.186959266662598
GROCERY II,33,28,2.2619539627007077,2.92838604567011,0.17255992974553788,6.201123833656311
SEAFOOD,26,28,2.260377913314317,2.7642139105393557,0.6055310926000986,5.790195465087891
BEAUTY,24,28,2.249956088406699,2.7094592525856216,-0.6176302177565438,5.680669784545898
LINGERIE,16,28,2.241755747901542,2.8682774338199164,0.9804943613708019,7.172211766242981
HARDWARE,27,28,2.238575592637062,2.8442308793854014,1.1369348019361496,6.272274732589722
LAWN AND GARDEN,18,28,2.2362383298043693,2.8173331171443166,-0.24931491192962443,6.245947360992432
BEAUTY,7,28,2.2348816650254384,2.8931426871296817,-0.6440875274794442,8.907981872558594
MAGAZINES,23,28,2.234865529196603,2.5984670033672073,1.3214244501931327,5.332535743713379
BEAUTY,37,28,2.2306793417249406,2.771040610408659,-0.7222659758159092,6.273770332336426
AUTOMOTIVE,34,28,2.2211600840091705,3.124432053508517,1.171634806053979,8.929333925247192
BEAUTY,51,28,2.2023716143199374,3.0653362053720024,-0.34844490459987104,10.748448848724363
BEAUTY,52,28,2.199429358754839,2.8187238444184572,-0.5963400602340698,6.459316253662109
HARDWARE,46,28,2.1991624608635902,2.9446428824251467,1.2525279958333289,9.462171077728271
PET SUPPLIES,43,28,2.1969203129410744,2.6045200391956937,0.9470298407333237,5.5512375831604
SCHOOL AND OFFICE SUPPLIES,28,28,2.1956470693860735,2.7953865953994717,0.824741216642516,5.943610191345215
PLAYERS AND ELECTRONICS,14,28,2.1886021622589658,3.1809801926887404,1.0660337848322732,10.589507818222046
AUTOMOTIVE,42,28,2.1880747931344167,3.042183608995835,1.1058388267244612,10.443036079406738
BEAUTY,22,28,2.166774196816342,2.814804739113192,0.8275427483022213,7.045156240463257
AUTOMOTIVE,40,28,2.1589054465293884,3.0988227537915773,0.655788174697331,8.836585760116577
AUTOMOTIVE,4,28,2.154949520315443,2.596566502067508,1.2910003236361913,5.452310800552368
PET SUPPLIES,20,28,2.152433599744524,2.9048074415855,0.5331345455987113,7.383700966835022
HARDWARE,8,28,2.1470718202846393,2.9579979134132466,0.7400523413504873,8.587750643491745
PET SUPPLIES,26,28,2.143469521809103,2.5365910139336707,0.8784039114003203,5.014328479766846
LINGERIE,34,28,2.1391771840197698,2.7274462257278502,1.0763734728097916,7.132155358791351
SCHOOL AND OFFICE SUPPLIES,43,28,2.1338126324117184,2.5405068020818007,0.6915673235697406,7.686191350221634
PET SUPPLIES,36,28,2.1304436533578803,2.681005927290231,1.335756373724767,5.581960678100586
PET SUPPLIES,31,28,2.12782655443464,2.9659174617915163,1.1018507140023368,9.675132632255554
PLAYERS AND ELECTRONICS,10,28,2.11745152090277,2.7039264062514774,0.7563038106475558,5.307461738586426
CELEBRATION,32,28,2.112830363214016,3.1933877777036113,1.313868757869516,8.224565386772156
SEAFOOD,34,28,2.110795236857874,2.5586257608908975,-0.11189360357820988,5.445651531219482
HARDWARE,40,28,2.090322024588074,2.8548666896068347,1.163611521146127,8.746586084365845
AUTOMOTIVE,7,28,2.087065722261156,2.836620014276284,0.8637963788849967,6.023901700973511
AUTOMOTIVE,24,28,2.085925501372133,2.367972261772719,0.8425515453730311,4.378612875938416
GROCERY II,32,28,2.083917001262307,2.9028201743292925,0.403537872380444,7.172765374183655
PLAYERS AND ELECTRONICS,30,28,2.0610853731632233,2.5704693140410098,0.8983366617134639,6.284360647201538
SCHOOL AND OFFICE SUPPLIES,34,28,2.058562625731741,3.1425037425858604,1.288940972515515,10.776279091835022
LAWN AND GARDEN,23,28,2.0550660121121576,3.0960410359126316,0.5530801721449409,9.361592292785645
PET SUPPLIES,11,28,2.0500977606778696,3.0310215383056778,1.0059086964465678,10.31173539161682
AUTOMOTIVE,37,28,2.038519846541541,2.82092949507084,0.7273230084351131,7.46555233001709
BEAUTY,6,28,2.0358042206083025,2.6127939477787714,-0.17583654608045304,5.519301891326904
LAWN AND GARDEN,21,28,2.0283343589731624,2.893345618219168,0.024401836097240417,9.348552703857422
LAWN AND GARDEN,11,28,2.0230878830355192,2.7231654818872943,0.9766716621150928,6.286723732948303
BEAUTY,33,28,2.003277405564274,2.5863582506324416,0.7301545925438404,6.138784408569336
MAGAZINES,21,28,1.986370462924242,2.6190677405492564,0.9767616194273744,8.161760985851288
AUTOMOTIVE,23,28,1.9633297537054335,2.4985205232226075,0.910161235502788,6.744948983192444
SCHOOL AND OFFICE SUPPLIES,29,28,1.9450567537652594,2.4527490878512723,0.6622450934456927,5.451830625534058
PET SUPPLIES,18,28,1.9443305475371224,2.5785630767219305,0.8747710159846714,6.589606285095215
MAGAZINES,22,28,1.9433663788118534,2.4084967574972698,1.3537984429193395,5.022241592407227
BEAUTY,39,28,1.9147750011512212,2.3397992615194174,0.3938290774822235,4.790195465087891
MAGAZINES,18,28,1.9124824085405894,2.410797746970846,1.1820590512028761,6.0
MAGAZINES,34,28,1.8997035477909126,2.5519267171172513,1.1481193499972246,6.674123167991638
BEAUTY,27,28,1.8959261796304159,2.3226605117978165,-0.6731646635702678,6.271298408508301
BEAUTY,53,28,1.892016427591443,2.5652623422639804,-0.047593500199062486,7.724286079406738
MAGAZINES,14,28,1.8908056787082128,2.3334665955647598,1.2364555256707328,4.913406386971474
BEAUTY,17,28,1.888076541679246,2.6249480957410007,0.055963531136512756,8.751669883728027
SEAFOOD,32,28,1.8663520089217596,2.247640879784137,0.08999307666506086,5.441910743713379
LINGERIE,23,28,1.8625419421919756,2.72092579012441,0.5454362870327064,9.0
PLAYERS AND ELECTRONICS,54,28,1.8623424842953682,2.6224976658131314,0.9277520169104848,8.472574532032013
BEAUTY,1,28,1.854879611304828,2.3830798725586204,-0.952898423586573,5.689924240112305
PET SUPPLIES,40,28,1.853331329567092,2.3171021381293375,0.9653382492916924,5.775110244750977
SCHOOL AND OFFICE SUPPLIES,31,28,1.8322426293577467,2.2784572279000574,0.8069807993514198,4.934605956077576
HARDWARE,49,28,1.8151949809065886,2.4355806711634385,0.6934279464185238,5.900830507278442
SEAFOOD,10,28,1.799635422016893,2.927935712789517,-0.302570393042905,11.0
PET SUPPLIES,30,28,1.7979163798902715,2.256006679139611,0.8877036747123513,5.813938155770302
AUTOMOTIVE,18,28,1.7888112579073225,2.227126554004865,0.8344144650868007,5.000035285949707
LADIESWEAR,34,28,1.782511182129383,2.4000877856326257,0.5113728461521012,6.111694574356079
HARDWARE,4,28,1.781973029353789,2.5879655437485978,0.6493765536163535,9.370795130729675
AUTOMOTIVE,15,28,1.7810547330549784,2.3840186381677753,1.0876580796071462,5.712443709373474
HARDWARE,7,28,1.7601086369582586,2.402917463898869,0.408326655626297,8.652442455291748
PET SUPPLIES,33,28,1.7569927559899432,2.296469766472808,1.0763060969433613,6.0
BEAUTY,28,28,1.7542701874460493,3.037832604987066,0.03885853290557861,12.281072616577148
HARDWARE,53,28,1.7458340282152807,2.358663731058472,1.0411682992375322,7.0
LADIESWEAR,20,28,1.7429660122309412,2.762611811522829,0.18013223686388566,10.342995643615724
MAGAZINES,11,28,1.7328385849084174,2.2526417106318033,0.8706913899098124,6.345235466957092
PET SUPPLIES,1,28,1.7159983217716217,2.2304447031997485,0.20748866881643022,4.814507603645325
PLAYERS AND ELECTRONICS,16,28,1.6906805863337857,2.1453704838032666,0.553902300872973,5.4912848472595215
LINGERIE,10,28,1.6837534768772977,2.1351798492507994,0.9525155374514205,5.0
BEAUTY,13,28,1.6707641312054224,2.300440477591631,0.8795306256839207,7.08057177066803
PLAYERS AND ELECTRONICS,36,28,1.6673502922058105,2.2069939435534454,0.41661571179117474,5.581960678100586
HARDWARE,50,28,1.6615204281572784,2.2211322645164526,0.749019144102931,5.28615140914917
BEAUTY,23,28,1.6584203041025571,2.4369392962623317,-1.2019949608615466,7.570734024047852
MAGAZINES,40,28,1.657462487263339,2.10896885953056,1.0576782790677888,4.0
PET SUPPLIES,17,28,1.657069648749062,2.1087342599221257,1.072734645168696,5.0
BEAUTY,31,28,1.6549380655799593,2.2657465289056264,0.011332560862813675,5.8959925174713135
MAGAZINES,15,28,1.6433556713163853,2.2100030792073406,0.9912009702197143,5.6500847935676575
HARDWARE,45,28,1.6423713192343712,2.043858853653473,0.8107551719461169,4.347876965999603
BEAUTY,40,28,1.6279029654605048,2.0385371228518694,-0.06829323300293509,5.8959925174713135
MAGAZINES,20,28,1.6091183636869704,2.2490522844158116,0.7516441600663322,5.654530674219132
BEAUTY,10,28,1.6091032581669944,2.066793835460883,0.39012844009058817,5.408044099807739
HARDWARE,37,28,1.5939979694251503,2.0041368570325226,0.7309219946286508,5.0
BEAUTY,19,28,1.5937494324254138,2.2617626169171046,0.410961835246001,7.014328479766846
LINGERIE,4,28,1.5831829978685295,2.1816480836153898,0.9928940791370613,6.329923152923584
LINGERIE,43,28,1.5701498740485735,2.108179587962208,0.5770567283034325,5.455302178859711
HARDWARE,1,28,1.548930702464921,2.1216676686759532,0.31743629915373667,6.004760265350342
SEAFOOD,36,28,1.5348774737545423,2.5520952306435567,-0.25479892854179653,9.809040069580078
HARDWARE,51,28,1.5304107980004378,2.3736775013839835,1.1795135539557253,7.6658696830272675
SEAFOOD,13,28,1.5111156744616372,2.1013726427473807,-0.25223858441625324,6.27692985534668
SCHOOL AND OFFICE SUPPLIES,8,28,1.5104623628514153,2.7999617048858756,0.45842790497200836,12.5419819355011
LINGERIE,37,28,1.502007749729923,1.9423357494251594,0.6086208152451685,5.0
BEAUTY,16,28,1.4997837652585335,2.2037102076900137,0.3663463882569756,5.39518928527832
SCHOOL AND OFFICE SUPPLIES,27,28,1.47994473736201,1.9627509304407065,0.6275705806910992,4.2517184019088745
PLAYERS AND ELECTRONICS,32,28,1.4774886106273957,2.075269519359297,0.3141858314297029,7.323884963989258
MAGAZINES,31,28,1.4758720424558436,2.014204021437347,0.8183512991028172,7.0
PET SUPPLIES,12,28,1.469692762941122,1.9341326867287376,0.8642340329076562,5.279974579811096
MAGAZINES,33,28,1.4612406894697674,1.8277168268101769,0.8299400756534722,4.0
HARDWARE,2,28,1.4317660321082388,1.8805861276911702,0.769914448261261,4.49500435590744
HARDWARE,47,28,1.4210227520338126,2.013824668328701,0.7617858078862939,6.0
HARDWARE,6,28,1.411185625408377,1.7750743798368487,0.4472262039780617,4.297622919082642
MAGAZINES,16,28,1.4004154233261943,1.931010173154957,0.8971201778788652,5.175448060035706
BEAUTY,34,28,1.390092116647533,2.0423460521586914,0.37774007740829674,7.0
LADIESWEAR,14,28,1.3862600635204996,1.9295628331080434,0.46200394736868994,4.638958930969238
MAGAZINES,29,28,1.3839159988399063,1.794307893638889,0.9348242365356002,4.0
AUTOMOTIVE,10,28,1.3787682599255018,1.8968436690630686,0.8613727188536099,4.0
LADIESWEAR,13,28,1.374262770903962,1.8383133312092703,0.794052987226418,4.536286383867264
PLAYERS AND ELECTRONICS,35,28,1.356526322396738,1.908480915408133,0.6742004627095801,5.0
HARDWARE,29,28,1.350087012829525,1.7763472234881004,0.7814472533230271,5.0
MAGAZINES,12,28,1.3282639445470912,1.6415252091271209,0.905428401327559,4.0
HARDWARE,39,28,1.3262527074132646,2.2246087758447843,0.7108633603368487,8.129631280899048
LADIESWEAR,22,28,1.3152569389037256,2.1876827303915363,0.25220417600524214,8.585262775421143
HARDWARE,17,28,1.3144384047814779,1.7585182680496534,0.8562215034450803,4.173584043979645
PET SUPPLIES,22,28,1.3138600526643651,1.7670307471784217,0.7066107261925936,4.944798469543457
PET SUPPLIES,19,28,1.3121314549020358,1.760291574894789,0.8090654356139046,3.284380614757538
HARDWARE,18,28,1.31066066625395,1.639189577024012,0.5848228113193598,4.174213409423828
MAGAZINES,13,28,1.304978889762424,2.094992932665246,0.528053642699628,6.386293172836304
HARDWARE,19,28,1.3000472084219967,1.897713571226763,0.743560244728412,5.0
HARDWARE,41,28,1.2911663704684802,1.7165022989427825,0.8324738421610424,4.0
PLAYERS AND ELECTRONICS,26,28,1.2823312540671654,1.6790665132789906,0.8707101645746401,3.5326404571533203
BEAUTY,54,28,1.2605325132608414,1.834075721685476,0.5780659381832395,5.555786728858948
MAGAZINES,54,28,1.2577894117150987,1.6324923745450195,0.7057583459786007,4.3191752433776855
LADIESWEAR,31,28,1.2374505161174707,1.7186140144720086,0.29931361813630375,5.089149475097656
HARDWARE,9,28,1.2364302341427122,1.6593285151616717,0.737389822091375,4.0
BEAUTY,14,28,1.2328257177557265,1.6474598951263044,0.42636707850864963,4.445557832717896
AUTOMOTIVE,32,28,1.202866711520723,1.9504368111913133,0.6435258236846754,7.0
HARDWARE,5,28,1.1901075205366527,1.704205650530913,0.7555381659684437,4.617442399263382
MAGAZINES,36,28,1.1804163341044582,1.7061515629681048,0.5973101202897462,4.0
BABY CARE,3,28,1.174314038561923,1.7378929586383822,0.49214122923357145,4.557063579559326
PET SUPPLIES,14,28,1.1537707445511063,1.6947196911838527,0.5627895182364487,5.252936363220215
HARDWARE,15,28,1.1376792604901962,1.8580311517965287,0.5602163818797895,5.0
HARDWARE,24,28,1.1365839250917946,1.4284886624145818,0.48192775063216686,3.3194780349731445
HARDWARE,25,28,1.1356777687157904,1.6812359675662092,0.769072850900037,4.4935232400894165
SEAFOOD,16,28,1.1306570592735494,1.728198683867535,0.25230095482298304,6.0
MAGAZINES,28,28,1.1283599250018597,1.3989935282900747,0.7027912166501794,3.0
SCHOOL AND OFFICE SUPPLIES,3,28,1.124803754900183,1.498287422118201,0.537373271371637,3.87654447555542
LINGERIE,26,28,1.1067645897024445,1.7085906718084716,0.24848721642047167,4.384415864944458
SEAFOOD,43,28,1.0914623362145253,1.8084077384305492,0.1647883709520102,6.895964115858078
BEAUTY,32,28,1.0825177767047924,1.4026718390937958,0.46944561979866456,3.512112617492676
MAGAZINES,30,28,1.0806273466774396,1.487968496347203,0.47797002111162457,4.315857887268066
SCHOOL AND OFFICE SUPPLIES,36,28,1.0722827180953962,1.552260115671527,0.549310075518276,3.578961342573166
SCHOOL AND OFFICE SUPPLIES,5,28,1.0604368985763617,1.5257645737583607,0.4889552854001522,4.0
PET SUPPLIES,35,28,1.058856939497803,1.4789660361580959,0.5155322028856192,4.916440010070801
SEAFOOD,35,28,1.0395426489412785,1.6554438205593678,0.4314107101942812,4.0
BEAUTY,30,28,1.0356138039912497,1.592606743570064,0.49944661238363813,4.596959114074707
BABY CARE,15,28,1.0154862975967782,1.2766240538940818,0.2641179111919233,4.038376808166504
PET SUPPLIES,15,28,1.004130915339504,1.421217037584531,0.41998450085520744,4.406781196594238
PET SUPPLIES,16,28,1.003537573984691,1.4145827043213244,0.49800475580351694,3.596959114074707
HOME APPLIANCES,45,28,1.0011238700577192,1.4295721839187225,0.3107601521270616,4.42787504196167
HARDWARE,42,28,0.9982360750436783,1.3437670094014726,0.5117092909557479,3.0
HARDWARE,54,28,0.9904870220593044,1.537750695482427,0.6323090706552777,5.0
HOME APPLIANCES,28,28,0.9829185977578163,1.523130724515829,0.24899705712284362,5.0
BEAUTY,36,28,0.9813449033536017,1.6489246633689914,-0.09103068888985685,6.257966995239258
HARDWARE,38,28,0.980457973533443,1.406973461824084,0.6048839494053807,3.839953139424324
BEAUTY,29,28,0.9693931681769234,1.4277592215347052,0.4993435399872916,4.018561124801636
SCHOOL AND OFFICE SUPPLIES,25,28,0.9606435527758939,1.5031353883628051,0.534209602113281,4.0
HOME APPLIANCES,46,28,0.9351077343037885,1.3450423210092626,0.016323107411153597,4.705356121063232
HARDWARE,28,28,0.9276307359770206,1.5982509133968834,0.3054505409506549,5.0
HARDWARE,22,28,0.9123149572738579,1.421386342219758,0.3817764813346522,5.0
PET SUPPLIES,10,28,0.9055906598057065,1.316675353223449,0.3610710714544569,4.0
SEAFOOD,33,28,0.8978080824017525,1.2342289812143556,-0.4318369211895125,2.83652400970459
HOME APPLIANCES,7,28,0.8927504622510501,1.195253883748403,0.29208274504968096,2.683523654937744
BABY CARE,19,28,0.8921982908089247,1.3679603785588257,0.3143055560067296,4.684262275695801
HOME APPLIANCES,47,28,0.8896981914128576,1.5399855124934916,0.11811977518456322,5.0
SCHOOL AND OFFICE SUPPLIES,41,28,0.8893853753272977,1.249707413972267,0.2421948476029294,3.9820072650909424
HARDWARE,21,28,0.8877021446824074,1.4992079208966758,0.1931601943714278,3.9820072650909424
BABY CARE,8,28,0.880780514662287,1.3421953747735347,0.23383319291419216,4.109176158905029
LADIESWEAR,30,28,0.846778985911182,1.6537947515585985,0.13583640035774025,6.0
HARDWARE,26,28,0.8426396040511983,1.2512469296961428,0.289711009444935,3.811041012406349
SCHOOL AND OFFICE SUPPLIES,21,28,0.8136584908102772,1.2305685707013136,0.15271936673005773,3.1696304082870483
BEAUTY,12,28,0.8118664223168578,1.089487928321086,0.2555787589933191,3.259488105773926
MAGAZINES,35,28,0.8073789705522358,1.2204389761347052,0.340922371151724,3.259488105773926
HARDWARE,33,28,0.7909264140762389,1.2100205904779804,0.277714576904795,4.451694488525391
BABY CARE,17,28,0.7650321714047875,1.0975941864802572,0.25529309335563866,3.0
BABY CARE,21,28,0.7592014018446207,1.1829836099875946,0.15476734111351625,3.0
HARDWARE,36,28,0.7563462323243064,1.2890773191552847,0.0922301297874323,4.0
HOME APPLIANCES,51,28,0.75257260152804,1.2558685711246,0.0032667101227811424,3.8567051887512207
LADIESWEAR,17,28,0.7456963839608112,1.1991486106711915,0.14532775854292726,3.0
HARDWARE,48,28,0.744728886921491,1.3565663171819298,-0.0006878697978598731,4.705356121063232
BEAUTY,35,28,0.7360284881932395,1.1281434016513674,-0.07199851955686297,3.9820072650909424
HOME APPLIANCES,1,28,0.7329626016850982,1.3608133945539655,-0.1854664691324745,4.8543782234191895
HOME APPLIANCES,49,28,0.705671703176839,1.1067389463412876,0.04495209774800709,3.42787504196167
HARDWARE,23,28,0.6861935917820249,1.012928994531974,0.09070623027426856,2.9820072650909424
PET SUPPLIES,32,28,0.6818064264953136,0.9192422058815151,0.11766015738248824,2.259488105773926
PET SUPPLIES,13,28,0.6682479184653077,1.0429868597176437,0.148886360760246,2.9820072650909424
BABY CARE,30,28,0.6668107802647033,1.0704961925237941,0.07842421155822064,3.0
LINGERIE,32,28,0.6593364626169205,1.1399588802515883,0.053274418626512825,3.9820072650909424
LINGERIE,35,28,0.6545058696397713,1.165677833113632,-0.05967731454542705,4.259488105773926
HARDWARE,32,28,0.6521728592259544,1.0972147435618078,-0.0327328656400953,3.9820072650909424
HARDWARE,35,28,0.6520252568381173,1.2231323420688927,0.07706708993230547,4.259488105773926
HARDWARE,11,28,0.6457549574385796,1.0373291627741243,0.2927011585395251,2.4407857060432434
BABY CARE,34,28,0.6380622844610896,1.1161288515351067,0.0468452370592526,4.259488105773926
HOME APPLIANCES,3,28,0.6315705069240981,1.2808008689261634,-0.10275994399229861,4.219592094421387
BEAUTY,26,28,0.629103639296123,1.1582816953723205,-0.17119095155170985,3.94429874420166
BABY CARE,27,28,0.6219539453408548,1.2031092885614534,-0.01904068062348025,4.0
SCHOOL AND OFFICE SUPPLIES,26,28,0.6180334021503638,1.1373419941324312,0.23710658991642827,4.0
HARDWARE,20,28,0.6159542798995972,0.9558252497395417,0.13167187571525574,2.9820072650909424
BABY CARE,29,28,0.6158787153129067,1.0089334281066586,0.0784678855644805,3.3158578872680664
BABY CARE,9,28,0.5971283172922475,1.0997190951440081,-0.015022370964288712,3.9820072650909424
HARDWARE,16,28,0.5881763874952283,1.1196112363639519,-0.046021482508097386,3.9820072650909424
HARDWARE,30,28,0.5844404504834009,1.0496614015582644,-0.06494878335589808,3.9820072650909424
HARDWARE,10,28,0.5746160157557044,1.068987321419188,0.0718648617288896,4.259488105773926
MAGAZINES,32,28,0.5644701296197516,1.0146408112097909,-0.025097152750406946,3.9820072650909424
BABY CARE,5,28,0.5636176057159901,0.9895324927298148,-0.04233938295926366,3.9421114921569824
BOOKS,1,28,0.5628592877016801,1.0915652228898594,-0.5628592877016801,4.516907215118408
HOME APPLIANCES,5,28,0.5579332414282752,1.0531033418946796,-0.23925508056501193,4.017103672027588
MAGAZINES,10,28,0.5467066551458889,0.9725710013131864,0.02049855094602599,3.9820072650909424
BABY CARE,4,28,0.5463577575449433,1.1474216354759172,0.023275755079729222,4.187051773071289
BABY CARE,1,28,0.5445012795805398,1.0598597559129441,-0.5445012795805398,4.169177532196045
SCHOOL AND OFFICE SUPPLIES,1,28,0.5445012795805398,1.0598597559129441,-0.5445012795805398,4.169177532196045
SCHOOL AND OFFICE SUPPLIES,7,28,0.5399423348384776,0.9377786581908477,-0.10159346145311639,3.4913172721862797
HARDWARE,12,28,0.539505832429443,0.9299081436822553,-0.022205571510962082,3.259488105773926
BABY CARE,18,28,0.5353094014738288,1.1674907627054063,-0.11856085008808545,4.0
HOME APPLIANCES,30,28,0.5295741494545447,0.9039590703245944,-0.08544898462215704,2.9820072650909424
HOME APPLIANCES,44,28,0.5180111466241735,0.9612317228133617,-0.2425384039857558,3.259488105773926
HARDWARE,31,28,0.5155013416494642,1.0158361710826758,-0.061260419232504706,3.94429874420166
HOME APPLIANCES,23,28,0.5087395414177861,1.0276306714744023,-0.1321779747626611,3.9820072650909424
SCHOOL AND OFFICE SUPPLIES,53,28,0.5084629303642682,0.9843787550857103,0.09360629533018384,3.579212188720703
HOME APPLIANCES,18,28,0.5041057994655732,1.0295470800642386,-0.14542275297987675,4.259488105773926
BABY CARE,39,28,0.49879699227000984,0.9550345540045178,-0.07764705243919577,3.9820072650909424
HOME APPLIANCES,48,28,0.4985283049089568,1.064067716033381,-0.2464571882571493,4.390166759490967
HOME APPLIANCES,26,28,0.4980467563228948,0.9649129154778503,0.020951498299837116,3.9820072650909424
HARDWARE,14,28,0.4977446797170809,0.9066328063470988,-0.01548324764839241,2.4407857060432434
BABY CARE,11,28,0.4933781099638769,0.8409014481045599,-0.1508379384343113,2.9820072650909424
SCHOOL AND OFFICE SUPPLIES,42,28,0.49076525441237856,0.9416793556385123,-0.13820543033736093,3.949467420578003
HOME APPLIANCES,4,28,0.48895782604813576,0.9464483079955153,-0.23953545572502272,3.9421114921569824
BOOKS,7,28,0.48872037205312935,0.956404915883306,-0.27443465776741505,4.143587589263916
HOME APPLIANCES,14,28,0.48365628054099424,0.9811931226039523,-0.20985121679093158,3.9820072650909424
HOME APPLIANCES,15,28,0.4743683207780123,1.003123772975798,-0.15770475752651691,4.259488105773926
HOME APPLIANCES,12,28,0.4734525829886219,0.8638106817605172,-0.059932393720373525,3.259488105773926
BABY CARE,16,28,0.47230590214686735,0.9236236061055194,-0.10996649494128567,3.949467420578003
HOME APPLIANCES,50,28,0.4645885985145079,0.885048089088812,-0.2313923782868577,3.42787504196167
BOOKS,45,28,0.46322400122880936,1.0097939012861559,-0.3917954298002379,4.357626438140869
HOME APPLIANCES,2,28,0.46154558289396974,1.002451395850378,-0.2295186059615974,4.219592094421387
BABY CARE,22,28,0.4551414099654981,0.8996558422527693,-0.13615355933351175,3.259488105773926
BABY CARE,43,28,0.45441836092088905,0.9377123239800245,-0.24013264663517475,3.9820072650909424
HOME APPLIANCES,35,28,0.45329653445099083,0.9666538373455636,-0.12622786712433612,3.94429874420166
HOME APPLIANCES,41,28,0.44337319023907185,0.9682261755303249,-0.22908747595335757,3.9820072650909424
HOME APPLIANCES,40,28,0.4432470024164234,0.84411666473683,-0.12360946967133454,2.9820072650909424
MAGAZINES,26,28,0.4424311957721199,0.9396199359388852,-0.13382934433008944,3.94429874420166
BOOKS,46,28,0.4402755796909332,0.992426198742362,-0.2974184368337904,4.42787504196167
HOME APPLIANCES,11,28,0.4396629352122545,0.9255434793500148,-0.2058653850108385,3.9820072650909424
BOOKS,27,28,0.43632422337707666,0.9105806271544502,-0.16505798754016204,3.9820072650909424
BOOKS,50,28,0.43489779212645124,0.989516996082545,-0.3634692206978798,4.395334720611572
HOME APPLIANCES,33,28,0.43302720971405506,0.931202631478202,-0.10692873357662132,3.94429874420166
HOME APPLIANCES,17,28,0.42920938989014495,0.8503807106595889,-0.12876676452080055,3.259488105773926
BABY CARE,7,28,0.4275219573506287,0.9410873551454703,-0.34556435314672335,4.213836193084717
BABY CARE,46,28,0.4234695093972342,0.9899658108940965,-0.4234695093972342,4.357626438140869
BABY CARE,47,28,0.4234695093972342,0.9899658108940965,-0.4234695093972342,4.357626438140869
BABY CARE,45,28,0.4234695093972342,0.9899658108940965,-0.4234695093972342,4.357626438140869
BABY CARE,48,28,0.4234695093972342,0.9899658108940965,-0.4234695093972342,4.357626438140869
BOOKS,48,28,0.4234695093972342,0.9899658108940965,-0.4234695093972342,4.357626438140869
BOOKS,47,28,0.42048510164022446,1.0048643987522372,-0.41131093353033066,4.390166759490967
HOME APPLIANCES,21,28,0.419307054951787,0.8922997882930727,-0.07840118743479252,3.9820072650909424
PET SUPPLIES,54,28,0.4165621606100883,0.9263595556684652,-0.14949564569230592,3.8944015502929688
BABY CARE,24,28,0.41653434882339624,0.8375781989894538,-0.21685132015097355,2.9820072650909424
BABY CARE,25,28,0.4148668311868927,0.9411792250215794,-0.23873612341204925,4.226947784423828
HOME APPLIANCES,31,28,0.4098153343490724,0.9030972664434991,-0.2327753747480788,3.94429874420166
BABY CARE,40,28,0.40842893049453516,0.837176590330749,-0.23462251010018267,3.259488105773926
HOME APPLIANCES,43,28,0.4074592012912035,0.9055669144282374,-0.22309303682829654,3.9820072650909424
BABY CARE,6,28,0.3951456741363342,0.882915203365596,-0.3279619874499206,3.9044029712677
BABY CARE,49,28,0.393796586564609,0.9635614159494167,-0.393796586564609,4.357626438140869
BOOKS,49,28,0.393796586564609,0.9635614159494167,-0.393796586564609,4.357626438140869
BABY CARE,50,28,0.393796586564609,0.9635614159494167,-0.393796586564609,4.357626438140869
HOME APPLIANCES,10,28,0.3935248644224235,0.8808032582785377,-0.25066772156528067,3.9117588996887207
HOME APPLIANCES,27,28,0.39260782807001043,1.0003563818080123,-0.14467937472675527,4.287846565246582
HOME APPLIANCES,39,28,0.3916261922568083,0.8911029662121831,-0.2534203888582332,3.94429874420166
HARDWARE,13,28,0.3882979117333889,0.87661845436096,-0.24544076887624605,3.949467420578003
HARDWARE,43,28,0.387778939679265,0.9197192079158345,-0.17349322539355075,3.949467420578003
HOME APPLIANCES,37,28,0.38580964000097345,0.7875874430597734,-0.09325458348861762,2.8981290608644485
SCHOOL AND OFFICE SUPPLIES,35,28,0.3815660931702171,0.8797805277747601,-0.243360289771642,3.949467420578003
SCHOOL AND OFFICE SUPPLIES,30,28,0.3788425161370209,0.8664462334436613,-0.23598537327987806,3.9117588996887207
BOOKS,23,28,0.37614905355232103,0.9050484793838895,-0.23329191069517816,3.9117588996887207
HOME APPLIANCES,32,28,0.37614905355232103,0.8646873299676128,-0.23329191069517816,3.9117588996887207
HOME APPLIANCES,25,28,0.37293905502052177,0.8828627044228995,-0.3015104835919504,3.94429874420166
BOOKS,44,28,0.36610997361796244,0.8708069827741366,-0.36610997361796244,3.9117588996887207
SCHOOL AND OFFICE SUPPLIES,4,28,0.35779168776103426,0.8494471358022627,-0.28636311633246286,3.8718628883361816
BABY CARE,20,28,0.35773326084017754,0.860275815763201,-0.2863046894116061,3.9117588996887207
BABY CARE,44,28,0.35742207510130747,0.8574347527449704,-0.35742207510130747,3.9117588996887207
LAWN AND GARDEN,40,28,0.356332947367004,0.8546575950947848,-0.18063473940959998,3.9820072650909424
HOME APPLIANCES,52,28,0.3561218466077532,0.8515384598443206,-0.06803518533706666,3.8055107593536377
HOME APPLIANCES,6,28,0.3556878411078027,0.8623241698551849,-0.3556878411078027,3.9044029712677
LADIESWEAR,26,28,0.3544323399130787,0.8565845148755356,-0.1864892231034381,3.949467420578003
HOME APPLIANCES,19,28,0.35363857288445744,0.9048093916858714,-0.21169097136173928,4.259488105773926
HOME APPLIANCES,36,28,0.35325520671904087,0.798254288752917,-0.17443103955260345,3.259488105773926
HOME APPLIANCES,16,28,0.34850381820329596,0.8867310040269869,-0.05900614682052817,4.226947784423828
HOME APPLIANCES,13,28,0.34716842270323206,0.8532706486508782,-0.27573985127466066,3.949467420578003
HOME APPLIANCES,8,28,0.3470709290621536,0.8845609540977141,-0.3470709290621536,4.071467876434326
BOOKS,51,28,0.34040422418287825,0.835685806096048,-0.34040422418287825,3.8189966678619385
HOME APPLIANCES,42,28,0.3393833115696907,0.8500167057179572,-0.26795474014111925,3.94429874420166
HOME APPLIANCES,29,28,0.3329238843704973,0.8555852843409507,-0.3329238843704973,3.94429874420166
HOME APPLIANCES,9,28,0.33157714722411974,0.8547938205488734,-0.33157714722411974,3.94429874420166
HOME APPLIANCES,38,28,0.33084340633026194,0.8630395430139544,-0.33084340633026194,3.94429874420166
BABY CARE,31,28,0.3280632863419929,0.6441554520312784,-0.15425686594764038,2.259488105773926
SCHOOL AND OFFICE SUPPLIES,6,28,0.32207740204674856,0.828158288498269,-0.32207740204674856,3.8718628883361816
BOOKS,3,28,0.32207740204674856,0.828158288498269,-0.32207740204674856,3.8718628883361816
BOOKS,5,28,0.32207740204674856,0.828158288498269,-0.32207740204674856,3.8718628883361816
BOOKS,2,28,0.32207740204674856,0.828158288498269,-0.32207740204674856,3.8718628883361816
SCHOOL AND OFFICE SUPPLIES,2,28,0.32207740204674856,0.828158288498269,-0.32207740204674856,3.8718628883361816
BABY CARE,2,28,0.32207740204674856,0.828158288498269,-0.32207740204674856,3.8718628883361816
BOOKS,6,28,0.32207740204674856,0.828158288498269,-0.32207740204674856,3.8718628883361816
HOME APPLIANCES,22,28,0.3205649655844484,0.8370970934547735,-0.3205649655844484,3.9117588996887207
HOME APPLIANCES,20,28,0.3194028229585716,0.8363849647400874,-0.3194028229585716,3.9117588996887207
BOOKS,24,28,0.3193255050906113,0.8363696517392986,-0.3193255050906113,3.9117588996887207
BABY CARE,51,28,0.31220083790166037,0.8021729933300765,-0.31220083790166037,3.78645658493042
HOME APPLIANCES,24,28,0.31206165200897623,0.8327156120642795,-0.31206165200897623,3.9117588996887207
BABY CARE,35,28,0.30998117343655657,0.8390212680843295,-0.30998117343655657,3.9117588996887207
SCHOOL AND OFFICE SUPPLIES,37,28,0.30998117343655657,0.8390212680843295,-0.30998117343655657,3.9117588996887207
HOME APPLIANCES,34,28,0.30618273333779406,0.8290939294947085,-0.20191309680896147,3.94429874420166
BOOKS,10,28,0.3047204821237496,0.8223476194274218,-0.3047204821237496,3.9117588996887207
BOOKS,9,28,0.3047204821237496,0.8223476194274218,-0.3047204821237496,3.9117588996887207
BOOKS,12,28,0.3047204821237496,0.8223476194274218,-0.3047204821237496,3.9117588996887207
BOOKS,11,28,0.3047204821237496,0.8223476194274218,-0.3047204821237496,3.9117588996887207
BOOKS,32,28,0.3047204821237496,0.8223476194274218,-0.3047204821237496,3.9117588996887207
BOOKS,26,28,0.3047204821237496,0.8223476194274218,-0.3047204821237496,3.9117588996887207
BOOKS,28,28,0.3047204821237496,0.8223476194274218,-0.3047204821237496,3.9117588996887207
BOOKS,25,28,0.3047204821237496,0.8223476194274218,-0.3047204821237496,3.9117588996887207
LADIESWEAR,33,28,0.3047204821237496,0.8223476194274218,-0.3047204821237496,3.9117588996887207
LAWN AND GARDEN,32,28,0.3047204821237496,0.8223476194274218,-0.3047204821237496,3.9117588996887207
LAWN AND GARDEN,19,28,0.3047204821237496,0.8223476194274218,-0.3047204821237496,3.9117588996887207
LAWN AND GARDEN,33,28,0.3047204821237496,0.8223476194274218,-0.3047204821237496,3.9117588996887207
LAWN AND GARDEN,10,28,0.3047204821237496,0.8223476194274218,-0.3047204821237496,3.9117588996887207
LAWN AND GARDEN,12,28,0.3047204821237496,0.8223476194274218,-0.3047204821237496,3.9117588996887207
LAWN AND GARDEN,22,28,0.3047204821237496,0.8223476194274218,-0.3047204821237496,3.9117588996887207
BABY CARE,32,28,0.3047204821237496,0.8223476194274218,-0.3047204821237496,3.9117588996887207
BABY CARE,33,28,0.3047204821237496,0.8223476194274218,-0.3047204821237496,3.9117588996887207
BABY CARE,28,28,0.3047204821237496,0.8223476194274218,-0.3047204821237496,3.9117588996887207
LADIESWEAR,25,28,0.3047204821237496,0.8223476194274218,-0.3047204821237496,3.9117588996887207
LAWN AND GARDEN,30,28,0.3047204821237496,0.8223476194274218,-0.3047204821237496,3.9117588996887207
BOOKS,29,28,0.3047204821237496,0.8223476194274218,-0.3047204821237496,3.9117588996887207
SCHOOL AND OFFICE SUPPLIES,16,28,0.3047204821237496,0.8223476194274218,-0.3047204821237496,3.9117588996887207
BABY CARE,10,28,0.3047204821237496,0.8223476194274218,-0.3047204821237496,3.9117588996887207
BOOKS,17,28,0.3047204821237496,0.8223476194274218,-0.3047204821237496,3.9117588996887207
LADIESWEAR,32,28,0.3047204821237496,0.8223476194274218,-0.3047204821237496,3.9117588996887207
LADIESWEAR,29,28,0.3047204821237496,0.8223476194274218,-0.3047204821237496,3.9117588996887207
LADIESWEAR,16,28,0.3047204821237496,0.8223476194274218,-0.3047204821237496,3.9117588996887207
SCHOOL AND OFFICE SUPPLIES,32,28,0.3047204821237496,0.8223476194274218,-0.3047204821237496,3.9117588996887207
LAWN AND GARDEN,14,28,0.3047204821237496,0.8223476194274218,-0.3047204821237496,3.9117588996887207
LAWN AND GARDEN,15,28,0.3047204821237496,0.8223476194274218,-0.3047204821237496,3.9117588996887207
BOOKS,33,28,0.3047204821237496,0.8223476194274218,-0.3047204821237496,3.9117588996887207
SCHOOL AND OFFICE SUPPLIES,24,28,0.3047204821237496,0.8223476194274218,-0.3047204821237496,3.9117588996887207
LADIESWEAR,28,28,0.3047204821237496,0.8223476194274218,-0.3047204821237496,3.9117588996887207
SCHOOL AND OFFICE SUPPLIES,33,28,0.3047204821237496,0.8223476194274218,-0.3047204821237496,3.9117588996887207
LAWN AND GARDEN,13,28,0.3047204821237496,0.8223476194274218,-0.3047204821237496,3.9117588996887207
SCHOOL AND OFFICE SUPPLIES,23,28,0.3047204821237496,0.8223476194274218,-0.3047204821237496,3.9117588996887207
LAWN AND GARDEN,16,28,0.3047204821237496,0.8223476194274218,-0.3047204821237496,3.9117588996887207
LAWN AND GARDEN,17,28,0.3047204821237496,0.8223476194274218,-0.3047204821237496,3.9117588996887207
BOOKS,15,28,0.3047204821237496,0.8223476194274218,-0.3047204821237496,3.9117588996887207
BOOKS,16,28,0.3047204821237496,0.8223476194274218,-0.3047204821237496,3.9117588996887207
BABY CARE,23,28,0.3047204821237496,0.8223476194274218,-0.3047204821237496,3.9117588996887207
BOOKS,22,28,0.3047204821237496,0.8223476194274218,-0.3047204821237496,3.9117588996887207
BABY CARE,13,28,0.3047204821237496,0.8223476194274218,-0.3047204821237496,3.9117588996887207
BOOKS,20,28,0.3047204821237496,0.8223476194274218,-0.3047204821237496,3.9117588996887207
BOOKS,19,28,0.3047204821237496,0.8223476194274218,-0.3047204821237496,3.9117588996887207
BOOKS,18,28,0.3047204821237496,0.8223476194274218,-0.3047204821237496,3.9117588996887207
BABY CARE,12,28,0.3047204821237496,0.8223476194274218,-0.3047204821237496,3.9117588996887207
BOOKS,21,28,0.3047204821237496,0.8223476194274218,-0.3047204821237496,3.9117588996887207
BOOKS,13,28,0.3047204821237496,0.8223476194274218,-0.3047204821237496,3.9117588996887207
BOOKS,14,28,0.3047204821237496,0.8223476194274218,-0.3047204821237496,3.9117588996887207
BOOKS,31,28,0.3047204821237496,0.8223476194274218,-0.3047204821237496,3.9117588996887207
BABY CARE,14,28,0.3047204821237496,0.8223476194274218,-0.3047204821237496,3.9117588996887207
BOOKS,30,28,0.3047204821237496,0.8223476194274218,-0.3047204821237496,3.9117588996887207
BABY CARE,26,28,0.3047204821237496,0.8223476194274218,-0.3047204821237496,3.9117588996887207
BABY CARE,36,28,0.3039867385689701,0.8299389310966777,-0.3039867385689701,3.9117588996887207
SCHOOL AND OFFICE SUPPLIES,40,28,0.3026400056800672,0.8280314148437433,-0.3026400056800672,3.9117588996887207
BOOKS,39,28,0.3026400056800672,0.8280314148437433,-0.3026400056800672,3.9117588996887207
BOOKS,38,28,0.3026400056800672,0.8280314148437433,-0.3026400056800672,3.9117588996887207
BOOKS,41,28,0.3026400056800672,0.8280314148437433,-0.3026400056800672,3.9117588996887207
BOOKS,36,28,0.3026400056800672,0.8280314148437433,-0.3026400056800672,3.9117588996887207
BOOKS,35,28,0.3026400056800672,0.8280314148437433,-0.3026400056800672,3.9117588996887207
BOOKS,34,28,0.3026400056800672,0.8280314148437433,-0.3026400056800672,3.9117588996887207
BABY CARE,38,28,0.3026400056800672,0.8280314148437433,-0.3026400056800672,3.9117588996887207
BABY CARE,37,28,0.3026400056800672,0.8280314148437433,-0.3026400056800672,3.9117588996887207
LADIESWEAR,35,28,0.3026400056800672,0.8280314148437433,-0.3026400056800672,3.9117588996887207
LADIESWEAR,40,28,0.3026400056800672,0.8280314148437433,-0.3026400056800672,3.9117588996887207
LADIESWEAR,36,28,0.3026400056800672,0.8280314148437433,-0.3026400056800672,3.9117588996887207
LAWN AND GARDEN,35,28,0.3026400056800672,0.8280314148437433,-0.3026400056800672,3.9117588996887207
LADIESWEAR,43,28,0.3026400056800672,0.8280314148437433,-0.3026400056800672,3.9117588996887207
BABY CARE,42,28,0.3026400056800672,0.8280314148437433,-0.3026400056800672,3.9117588996887207
BOOKS,42,28,0.3026400056800672,0.8280314148437433,-0.3026400056800672,3.9117588996887207
BOOKS,43,28,0.3026400056800672,0.8280314148437433,-0.3026400056800672,3.9117588996887207
BOOKS,37,28,0.3026400056800672,0.8280314148437433,-0.3026400056800672,3.9117588996887207
BOOKS,40,28,0.3026400056800672,0.8280314148437433,-0.3026400056800672,3.9117588996887207
BOOKS,4,28,0.2979273048362562,0.8080200150206743,-0.2979273048362562,3.8718628883361816
BOOKS,52,28,0.295745455792972,0.7825330728048653,-0.295745455792972,3.735262155532837
BABY CARE,52,28,0.295745455792972,0.7825330728048653,-0.295745455792972,3.735262155532837
BABY CARE,53,28,0.29230071923562456,0.7658412672997026,-0.22087214780705317,3.579212188720703
BOOKS,8,28,0.28958159206168993,0.8325899194413415,-0.28958159206168993,4.0389275550842285
BABY CARE,41,28,0.2885581800448043,0.8104038135129306,-0.2885581800448043,3.9117588996887207
HOME APPLIANCES,54,28,0.25350193466459003,0.734534444548022,-0.18207336323601858,3.579212188720703
BABY CARE,54,28,0.22838304936885834,0.7138862091060897,-0.22838304936885834,3.546672105789185
LADIESWEAR,54,28,0.22838304936885834,0.7138862091060897,-0.22838304936885834,3.546672105789185
BOOKS,53,28,0.22838304936885834,0.7138862091060897,-0.22838304936885834,3.546672105789185
LAWN AND GARDEN,54,28,0.22838304936885834,0.7138862091060897,-0.22838304936885834,3.546672105789185
BOOKS,54,28,0.22838304936885834,0.7138862091060897,-0.22838304936885834,3.546672105789185
SCHOOL AND OFFICE SUPPLIES,54,28,0.22838304936885834,0.7138862091060897,-0.22838304936885834,3.546672105789185
HOME APPLIANCES,53,28,0.20236470962741546,0.5585963670649816,-0.17034394067845174,2.579212188720703
